date,gregorianYear,buddhistEraYear,weekday,eventId,nameZh,nameThai,nameEn,category,thaiLunarText,thaiLunarMonth,thaiLunarDay,thaiLunarHalf,thaiLunarDayInHalf,note
1970-01-01,1970,2513,星期四,wan_phra,泰國佛日,วันพระ,Wan Phra,thai-buddhist,แรม 8 ค่ำ เดือน 1,1,23,waning,8,
1970-01-07,1970,2513,星期三,wan_phra,泰國佛日,วันพระ,Wan Phra,thai-buddhist,แรม 14 ค่ำ เดือน 1,1,29,waning,14,
1970-01-15,1970,2513,星期四,wan_phra,泰國佛日,วันพระ,Wan Phra,thai-buddhist,ขึ้น 8 ค่ำ เดือน 2,2,8,waxing,8,
1970-01-22,1970,2513,星期四,wan_phra,泰國佛日,วันพระ,Wan Phra,thai-buddhist,ขึ้น 15 ค่ำ เดือน 2,2,15,waxing,15,
1970-01-30,1970,2513,星期五,wan_phra,泰國佛日,วันพระ,Wan Phra,thai-buddhist,แรม 8 ค่ำ เดือน 2,2,23,waning,8,
1970-02-06,1970,2513,星期五,wan_phra,泰國佛日,วันพระ,Wan Phra,thai-buddhist,แรม 15 ค่ำ เดือน 2,2,30,waning,15,
1970-02-14,1970,2513,星期六,wan_phra,泰國佛日,วันพระ,Wan Phra,thai-buddhist,ขึ้น 8 ค่ำ เดือน 3,3,8,waxing,8,
1970-02-21,1970,2513,星期六,makha_bucha,萬佛節,มาฆบูชา,Makha Bucha,thai-buddhist-major,ขึ้น 15 ค่ำ เดือน 3,3,15,waxing,15,
1970-02-21,1970,2513,星期六,wan_phra,泰國佛日,วันพระ,Wan Phra,thai-buddhist,ขึ้น 15 ค่ำ เดือน 3,3,15,waxing,15,
1970-03-01,1970,2513,星期日,wan_phra,泰國佛日,วันพระ,Wan Phra,thai-buddhist,แรม 8 ค่ำ เดือน 3,3,23,waning,8,
1970-03-07,1970,2513,星期六,wan_phra,泰國佛日,วันพระ,Wan Phra,thai-buddhist,แรม 14 ค่ำ เดือน 3,3,29,waning,14,
1970-03-15,1970,2513,星期日,wan_phra,泰國佛日,วันพระ,Wan Phra,thai-buddhist,ขึ้น 8 ค่ำ เดือน 4,4,8,waxing,8,
1970-03-22,1970,2513,星期日,wan_phra,泰國佛日,วันพระ,Wan Phra,thai-buddhist,ขึ้น 15 ค่ำ เดือน 4,4,15,waxing,15,
1970-03-30,1970,2513,星期一,wan_phra,泰國佛日,วันพระ,Wan Phra,thai-buddhist,แรม 8 ค่ำ เดือน 4,4,23,waning,8,
1970-04-06,1970,2513,星期一,wan_phra,泰國佛日,วันพระ,Wan Phra,thai-buddhist,แรม 15 ค่ำ เดือน 4,4,30,waning,15,
1970-04-11,1970,2513,星期六,sao_ha_candidate,騷哈日候選 / 稍哈日候選,เสาร์ 5,Sao Ha candidate,thai-amulet-auspicious-day,ขึ้น 5 ค่ำ เดือน 5,5,5,waxing,5,按規則產生：星期六 + 泰國陰曆 5 月 + ขึ้น 5 ค่ำ 或 แรม 5 ค่ำ。未做人工作法會或高僧認定。
1970-04-14,1970,2513,星期二,wan_phra,泰國佛日,วันพระ,Wan Phra,thai-buddhist,ขึ้น 8 ค่ำ เดือน 5,5,8,waxing,8,
1970-04-21,1970,2513,星期二,wan_phra,泰國佛日,วันพระ,Wan Phra,thai-buddhist,ขึ้น 15 ค่ำ เดือน 5,5,15,waxing,15,
1970-04-29,1970,2513,星期三,wan_phra,泰國佛日,วันพระ,Wan Phra,thai-buddhist,แรม 8 ค่ำ เดือน 5,5,23,waning,8,
1970-05-05,1970,2513,星期二,wan_phra,泰國佛日,วันพระ,Wan Phra,thai-buddhist,แรม 14 ค่ำ เดือน 5,5,29,waning,14,
1970-05-13,1970,2513,星期三,wan_phra,泰國佛日,วันพระ,Wan Phra,thai-buddhist,ขึ้น 8 ค่ำ เดือน 6,6,8,waxing,8,
1970-05-20,1970,2513,星期三,visakha_bucha,衛塞節,วิสาขบูชา,Visakha Bucha,thai-buddhist-major,ขึ้น 15 ค่ำ เดือน 6,6,15,waxing,15,
1970-05-20,1970,2513,星期三,wan_phra,泰國佛日,วันพระ,Wan Phra,thai-buddhist,ขึ้น 15 ค่ำ เดือน 6,6,15,waxing,15,
1970-05-28,1970,2513,星期四,wan_phra,泰國佛日,วันพระ,Wan Phra,thai-buddhist,แรม 8 ค่ำ เดือน 6,6,23,waning,8,
1970-06-04,1970,2513,星期四,wan_phra,泰國佛日,วันพระ,Wan Phra,thai-buddhist,แรม 15 ค่ำ เดือน 6,6,30,waning,15,
1970-06-12,1970,2513,星期五,wan_phra,泰國佛日,วันพระ,Wan Phra,thai-buddhist,ขึ้น 8 ค่ำ เดือน 7,7,8,waxing,8,
1970-06-19,1970,2513,星期五,wan_phra,泰國佛日,วันพระ,Wan Phra,thai-buddhist,ขึ้น 15 ค่ำ เดือน 7,7,15,waxing,15,
1970-06-27,1970,2513,星期六,wan_phra,泰國佛日,วันพระ,Wan Phra,thai-buddhist,แรม 8 ค่ำ เดือน 7,7,23,waning,8,
1970-07-03,1970,2513,星期五,wan_phra,泰國佛日,วันพระ,Wan Phra,thai-buddhist,แรม 14 ค่ำ เดือน 7,7,29,waning,14,
1970-07-11,1970,2513,星期六,wan_phra,泰國佛日,วันพระ,Wan Phra,thai-buddhist,ขึ้น 8 ค่ำ เดือน 8,8,8,waxing,8,
1970-07-18,1970,2513,星期六,wan_phra,泰國佛日,วันพระ,Wan Phra,thai-buddhist,ขึ้น 15 ค่ำ เดือน 8,8,15,waxing,15,
1970-07-19,1970,2513,星期日,khao_phansa,入雨安居,เข้าพรรษา,Khao Phansa,thai-buddhist-major,แรม 1 ค่ำ เดือน 8,8,16,waning,1,
1970-07-26,1970,2513,星期日,wan_phra,泰國佛日,วันพระ,Wan Phra,thai-buddhist,แรม 8 ค่ำ เดือน 8,8,23,waning,8,
1970-08-02,1970,2513,星期日,wan_phra,泰國佛日,วันพระ,Wan Phra,thai-buddhist,แรม 15 ค่ำ เดือน 8,8,30,waning,15,
1970-08-10,1970,2513,星期一,wan_phra,泰國佛日,วันพระ,Wan Phra,thai-buddhist,ขึ้น 8 ค่ำ เดือน 9,9,8,waxing,8,
1970-08-17,1970,2513,星期一,wan_phra,泰國佛日,วันพระ,Wan Phra,thai-buddhist,ขึ้น 15 ค่ำ เดือน 9,9,15,waxing,15,
1970-08-25,1970,2513,星期二,wan_phra,泰國佛日,วันพระ,Wan Phra,thai-buddhist,แรม 8 ค่ำ เดือน 9,9,23,waning,8,
1970-08-31,1970,2513,星期一,wan_phra,泰國佛日,วันพระ,Wan Phra,thai-buddhist,แรม 14 ค่ำ เดือน 9,9,29,waning,14,
1970-09-08,1970,2513,星期二,wan_phra,泰國佛日,วันพระ,Wan Phra,thai-buddhist,ขึ้น 8 ค่ำ เดือน 10,10,8,waxing,8,
1970-09-15,1970,2513,星期二,wan_phra,泰國佛日,วันพระ,Wan Phra,thai-buddhist,ขึ้น 15 ค่ำ เดือน 10,10,15,waxing,15,
1970-09-23,1970,2513,星期三,wan_phra,泰國佛日,วันพระ,Wan Phra,thai-buddhist,แรม 8 ค่ำ เดือน 10,10,23,waning,8,
1970-09-30,1970,2513,星期三,wan_phra,泰國佛日,วันพระ,Wan Phra,thai-buddhist,แรม 15 ค่ำ เดือน 10,10,30,waning,15,
1970-10-08,1970,2513,星期四,wan_phra,泰國佛日,วันพระ,Wan Phra,thai-buddhist,ขึ้น 8 ค่ำ เดือน 11,11,8,waxing,8,
1970-10-15,1970,2513,星期四,ok_phansa,出雨安居,ออกพรรษา,Ok Phansa,thai-buddhist-major,ขึ้น 15 ค่ำ เดือน 11,11,15,waxing,15,
1970-10-15,1970,2513,星期四,wan_phra,泰國佛日,วันพระ,Wan Phra,thai-buddhist,ขึ้น 15 ค่ำ เดือน 11,11,15,waxing,15,
1970-10-23,1970,2513,星期五,wan_phra,泰國佛日,วันพระ,Wan Phra,thai-buddhist,แรม 8 ค่ำ เดือน 11,11,23,waning,8,
1970-10-29,1970,2513,星期四,wan_phra,泰國佛日,วันพระ,Wan Phra,thai-buddhist,แรม 14 ค่ำ เดือน 11,11,29,waning,14,
1970-11-06,1970,2513,星期五,wan_phra,泰國佛日,วันพระ,Wan Phra,thai-buddhist,ขึ้น 8 ค่ำ เดือน 12,12,8,waxing,8,
1970-11-13,1970,2513,星期五,wan_phra,泰國佛日,วันพระ,Wan Phra,thai-buddhist,ขึ้น 15 ค่ำ เดือน 12,12,15,waxing,15,
1970-11-21,1970,2513,星期六,wan_phra,泰國佛日,วันพระ,Wan Phra,thai-buddhist,แรม 8 ค่ำ เดือน 12,12,23,waning,8,
1970-11-28,1970,2513,星期六,wan_phra,泰國佛日,วันพระ,Wan Phra,thai-buddhist,แรม 15 ค่ำ เดือน 12,12,30,waning,15,
1970-12-06,1970,2513,星期日,wan_phra,泰國佛日,วันพระ,Wan Phra,thai-buddhist,ขึ้น 8 ค่ำ เดือน 1,1,8,waxing,8,
1970-12-13,1970,2513,星期日,wan_phra,泰國佛日,วันพระ,Wan Phra,thai-buddhist,ขึ้น 15 ค่ำ เดือน 1,1,15,waxing,15,
1970-12-21,1970,2513,星期一,wan_phra,泰國佛日,วันพระ,Wan Phra,thai-buddhist,แรม 8 ค่ำ เดือน 1,1,23,waning,8,
1970-12-27,1970,2513,星期日,wan_phra,泰國佛日,วันพระ,Wan Phra,thai-buddhist,แรม 14 ค่ำ เดือน 1,1,29,waning,14,
1971-01-04,1971,2514,星期一,wan_phra,泰國佛日,วันพระ,Wan Phra,thai-buddhist,ขึ้น 8 ค่ำ เดือน 2,2,8,waxing,8,
1971-01-11,1971,2514,星期一,wan_phra,泰國佛日,วันพระ,Wan Phra,thai-buddhist,ขึ้น 15 ค่ำ เดือน 2,2,15,waxing,15,
1971-01-19,1971,2514,星期二,wan_phra,泰國佛日,วันพระ,Wan Phra,thai-buddhist,แรม 8 ค่ำ เดือน 2,2,23,waning,8,
1971-01-26,1971,2514,星期二,wan_phra,泰國佛日,วันพระ,Wan Phra,thai-buddhist,แรม 15 ค่ำ เดือน 2,2,30,waning,15,
1971-02-03,1971,2514,星期三,wan_phra,泰國佛日,วันพระ,Wan Phra,thai-buddhist,ขึ้น 8 ค่ำ เดือน 3,3,8,waxing,8,
1971-02-10,1971,2514,星期三,makha_bucha,萬佛節,มาฆบูชา,Makha Bucha,thai-buddhist-major,ขึ้น 15 ค่ำ เดือน 3,3,15,waxing,15,
1971-02-10,1971,2514,星期三,wan_phra,泰國佛日,วันพระ,Wan Phra,thai-buddhist,ขึ้น 15 ค่ำ เดือน 3,3,15,waxing,15,
1971-02-18,1971,2514,星期四,wan_phra,泰國佛日,วันพระ,Wan Phra,thai-buddhist,แรม 8 ค่ำ เดือน 3,3,23,waning,8,
1971-02-24,1971,2514,星期三,wan_phra,泰國佛日,วันพระ,Wan Phra,thai-buddhist,แรม 14 ค่ำ เดือน 3,3,29,waning,14,
1971-03-04,1971,2514,星期四,wan_phra,泰國佛日,วันพระ,Wan Phra,thai-buddhist,ขึ้น 8 ค่ำ เดือน 4,4,8,waxing,8,
1971-03-11,1971,2514,星期四,wan_phra,泰國佛日,วันพระ,Wan Phra,thai-buddhist,ขึ้น 15 ค่ำ เดือน 4,4,15,waxing,15,
1971-03-19,1971,2514,星期五,wan_phra,泰國佛日,วันพระ,Wan Phra,thai-buddhist,แรม 8 ค่ำ เดือน 4,4,23,waning,8,
1971-03-26,1971,2514,星期五,wan_phra,泰國佛日,วันพระ,Wan Phra,thai-buddhist,แรม 15 ค่ำ เดือน 4,4,30,waning,15,
1971-04-03,1971,2514,星期六,wan_phra,泰國佛日,วันพระ,Wan Phra,thai-buddhist,ขึ้น 8 ค่ำ เดือน 5,5,8,waxing,8,
1971-04-10,1971,2514,星期六,wan_phra,泰國佛日,วันพระ,Wan Phra,thai-buddhist,ขึ้น 15 ค่ำ เดือน 5,5,15,waxing,15,
1971-04-18,1971,2514,星期日,wan_phra,泰國佛日,วันพระ,Wan Phra,thai-buddhist,แรม 8 ค่ำ เดือน 5,5,23,waning,8,
1971-04-24,1971,2514,星期六,wan_phra,泰國佛日,วันพระ,Wan Phra,thai-buddhist,แรม 14 ค่ำ เดือน 5,5,29,waning,14,
1971-05-02,1971,2514,星期日,wan_phra,泰國佛日,วันพระ,Wan Phra,thai-buddhist,ขึ้น 8 ค่ำ เดือน 6,6,8,waxing,8,
1971-05-09,1971,2514,星期日,visakha_bucha,衛塞節,วิสาขบูชา,Visakha Bucha,thai-buddhist-major,ขึ้น 15 ค่ำ เดือน 6,6,15,waxing,15,
1971-05-09,1971,2514,星期日,wan_phra,泰國佛日,วันพระ,Wan Phra,thai-buddhist,ขึ้น 15 ค่ำ เดือน 6,6,15,waxing,15,
1971-05-17,1971,2514,星期一,wan_phra,泰國佛日,วันพระ,Wan Phra,thai-buddhist,แรม 8 ค่ำ เดือน 6,6,23,waning,8,
1971-05-24,1971,2514,星期一,wan_phra,泰國佛日,วันพระ,Wan Phra,thai-buddhist,แรม 15 ค่ำ เดือน 6,6,30,waning,15,
1971-06-01,1971,2514,星期二,wan_phra,泰國佛日,วันพระ,Wan Phra,thai-buddhist,ขึ้น 8 ค่ำ เดือน 7,7,8,waxing,8,
1971-06-08,1971,2514,星期二,wan_phra,泰國佛日,วันพระ,Wan Phra,thai-buddhist,ขึ้น 15 ค่ำ เดือน 7,7,15,waxing,15,
1971-06-16,1971,2514,星期三,wan_phra,泰國佛日,วันพระ,Wan Phra,thai-buddhist,แรม 8 ค่ำ เดือน 7,7,23,waning,8,
1971-06-22,1971,2514,星期二,wan_phra,泰國佛日,วันพระ,Wan Phra,thai-buddhist,แรม 14 ค่ำ เดือน 7,7,29,waning,14,
1971-06-30,1971,2514,星期三,wan_phra,泰國佛日,วันพระ,Wan Phra,thai-buddhist,ขึ้น 8 ค่ำ เดือน 8,8,8,waxing,8,
1971-07-07,1971,2514,星期三,wan_phra,泰國佛日,วันพระ,Wan Phra,thai-buddhist,ขึ้น 15 ค่ำ เดือน 8,8,15,waxing,15,
1971-07-08,1971,2514,星期四,khao_phansa,入雨安居,เข้าพรรษา,Khao Phansa,thai-buddhist-major,แรม 1 ค่ำ เดือน 8,8,16,waning,1,
1971-07-15,1971,2514,星期四,wan_phra,泰國佛日,วันพระ,Wan Phra,thai-buddhist,แรม 8 ค่ำ เดือน 8,8,23,waning,8,
1971-07-22,1971,2514,星期四,wan_phra,泰國佛日,วันพระ,Wan Phra,thai-buddhist,แรม 15 ค่ำ เดือน 8,8,30,waning,15,
1971-07-30,1971,2514,星期五,wan_phra,泰國佛日,วันพระ,Wan Phra,thai-buddhist,ขึ้น 8 ค่ำ เดือน 9,9,8,waxing,8,
1971-08-06,1971,2514,星期五,wan_phra,泰國佛日,วันพระ,Wan Phra,thai-buddhist,ขึ้น 15 ค่ำ เดือน 9,9,15,waxing,15,
1971-08-14,1971,2514,星期六,wan_phra,泰國佛日,วันพระ,Wan Phra,thai-buddhist,แรม 8 ค่ำ เดือน 9,9,23,waning,8,
1971-08-20,1971,2514,星期五,wan_phra,泰國佛日,วันพระ,Wan Phra,thai-buddhist,แรม 14 ค่ำ เดือน 9,9,29,waning,14,
1971-08-28,1971,2514,星期六,wan_phra,泰國佛日,วันพระ,Wan Phra,thai-buddhist,ขึ้น 8 ค่ำ เดือน 10,10,8,waxing,8,
1971-09-04,1971,2514,星期六,wan_phra,泰國佛日,วันพระ,Wan Phra,thai-buddhist,ขึ้น 15 ค่ำ เดือน 10,10,15,waxing,15,
1971-09-12,1971,2514,星期日,wan_phra,泰國佛日,วันพระ,Wan Phra,thai-buddhist,แรม 8 ค่ำ เดือน 10,10,23,waning,8,
1971-09-19,1971,2514,星期日,wan_phra,泰國佛日,วันพระ,Wan Phra,thai-buddhist,แรม 15 ค่ำ เดือน 10,10,30,waning,15,
1971-09-27,1971,2514,星期一,wan_phra,泰國佛日,วันพระ,Wan Phra,thai-buddhist,ขึ้น 8 ค่ำ เดือน 11,11,8,waxing,8,
1971-10-04,1971,2514,星期一,ok_phansa,出雨安居,ออกพรรษา,Ok Phansa,thai-buddhist-major,ขึ้น 15 ค่ำ เดือน 11,11,15,waxing,15,
1971-10-04,1971,2514,星期一,wan_phra,泰國佛日,วันพระ,Wan Phra,thai-buddhist,ขึ้น 15 ค่ำ เดือน 11,11,15,waxing,15,
1971-10-12,1971,2514,星期二,wan_phra,泰國佛日,วันพระ,Wan Phra,thai-buddhist,แรม 8 ค่ำ เดือน 11,11,23,waning,8,
1971-10-18,1971,2514,星期一,wan_phra,泰國佛日,วันพระ,Wan Phra,thai-buddhist,แรม 14 ค่ำ เดือน 11,11,29,waning,14,
1971-10-26,1971,2514,星期二,wan_phra,泰國佛日,วันพระ,Wan Phra,thai-buddhist,ขึ้น 8 ค่ำ เดือน 12,12,8,waxing,8,
1971-11-02,1971,2514,星期二,wan_phra,泰國佛日,วันพระ,Wan Phra,thai-buddhist,ขึ้น 15 ค่ำ เดือน 12,12,15,waxing,15,
1971-11-10,1971,2514,星期三,wan_phra,泰國佛日,วันพระ,Wan Phra,thai-buddhist,แรม 8 ค่ำ เดือน 12,12,23,waning,8,
1971-11-17,1971,2514,星期三,wan_phra,泰國佛日,วันพระ,Wan Phra,thai-buddhist,แรม 15 ค่ำ เดือน 12,12,30,waning,15,
1971-11-25,1971,2514,星期四,wan_phra,泰國佛日,วันพระ,Wan Phra,thai-buddhist,ขึ้น 8 ค่ำ เดือน 1,1,8,waxing,8,
1971-12-02,1971,2514,星期四,wan_phra,泰國佛日,วันพระ,Wan Phra,thai-buddhist,ขึ้น 15 ค่ำ เดือน 1,1,15,waxing,15,
1971-12-10,1971,2514,星期五,wan_phra,泰國佛日,วันพระ,Wan Phra,thai-buddhist,แรม 8 ค่ำ เดือน 1,1,23,waning,8,
1971-12-16,1971,2514,星期四,wan_phra,泰國佛日,วันพระ,Wan Phra,thai-buddhist,แรม 14 ค่ำ เดือน 1,1,29,waning,14,
1971-12-24,1971,2514,星期五,wan_phra,泰國佛日,วันพระ,Wan Phra,thai-buddhist,ขึ้น 8 ค่ำ เดือน 2,2,8,waxing,8,
1971-12-31,1971,2514,星期五,wan_phra,泰國佛日,วันพระ,Wan Phra,thai-buddhist,ขึ้น 15 ค่ำ เดือน 2,2,15,waxing,15,
1972-01-08,1972,2515,星期六,wan_phra,泰國佛日,วันพระ,Wan Phra,thai-buddhist,แรม 8 ค่ำ เดือน 2,2,23,waning,8,
1972-01-15,1972,2515,星期六,wan_phra,泰國佛日,วันพระ,Wan Phra,thai-buddhist,แรม 15 ค่ำ เดือน 2,2,30,waning,15,
1972-01-23,1972,2515,星期日,wan_phra,泰國佛日,วันพระ,Wan Phra,thai-buddhist,ขึ้น 8 ค่ำ เดือน 3,3,8,waxing,8,
1972-01-30,1972,2515,星期日,wan_phra,泰國佛日,วันพระ,Wan Phra,thai-buddhist,ขึ้น 15 ค่ำ เดือน 3,3,15,waxing,15,
1972-02-07,1972,2515,星期一,wan_phra,泰國佛日,วันพระ,Wan Phra,thai-buddhist,แรม 8 ค่ำ เดือน 3,3,23,waning,8,
1972-02-13,1972,2515,星期日,wan_phra,泰國佛日,วันพระ,Wan Phra,thai-buddhist,แรม 14 ค่ำ เดือน 3,3,29,waning,14,
1972-02-21,1972,2515,星期一,wan_phra,泰國佛日,วันพระ,Wan Phra,thai-buddhist,ขึ้น 8 ค่ำ เดือน 4,4,8,waxing,8,
1972-02-28,1972,2515,星期一,makha_bucha,萬佛節,มาฆบูชา,Makha Bucha,thai-buddhist-major,ขึ้น 15 ค่ำ เดือน 4,4,15,waxing,15,
1972-02-28,1972,2515,星期一,wan_phra,泰國佛日,วันพระ,Wan Phra,thai-buddhist,ขึ้น 15 ค่ำ เดือน 4,4,15,waxing,15,
1972-03-07,1972,2515,星期二,wan_phra,泰國佛日,วันพระ,Wan Phra,thai-buddhist,แรม 8 ค่ำ เดือน 4,4,23,waning,8,
1972-03-14,1972,2515,星期二,wan_phra,泰國佛日,วันพระ,Wan Phra,thai-buddhist,แรม 15 ค่ำ เดือน 4,4,30,waning,15,
1972-03-22,1972,2515,星期三,wan_phra,泰國佛日,วันพระ,Wan Phra,thai-buddhist,ขึ้น 8 ค่ำ เดือน 5,5,8,waxing,8,
1972-03-29,1972,2515,星期三,wan_phra,泰國佛日,วันพระ,Wan Phra,thai-buddhist,ขึ้น 15 ค่ำ เดือน 5,5,15,waxing,15,
1972-04-06,1972,2515,星期四,wan_phra,泰國佛日,วันพระ,Wan Phra,thai-buddhist,แรม 8 ค่ำ เดือน 5,5,23,waning,8,
1972-04-12,1972,2515,星期三,wan_phra,泰國佛日,วันพระ,Wan Phra,thai-buddhist,แรม 14 ค่ำ เดือน 5,5,29,waning,14,
1972-04-20,1972,2515,星期四,wan_phra,泰國佛日,วันพระ,Wan Phra,thai-buddhist,ขึ้น 8 ค่ำ เดือน 6,6,8,waxing,8,
1972-04-27,1972,2515,星期四,wan_phra,泰國佛日,วันพระ,Wan Phra,thai-buddhist,ขึ้น 15 ค่ำ เดือน 6,6,15,waxing,15,
1972-05-05,1972,2515,星期五,wan_phra,泰國佛日,วันพระ,Wan Phra,thai-buddhist,แรม 8 ค่ำ เดือน 6,6,23,waning,8,
1972-05-12,1972,2515,星期五,wan_phra,泰國佛日,วันพระ,Wan Phra,thai-buddhist,แรม 15 ค่ำ เดือน 6,6,30,waning,15,
1972-05-20,1972,2515,星期六,wan_phra,泰國佛日,วันพระ,Wan Phra,thai-buddhist,ขึ้น 8 ค่ำ เดือน 7,7,8,waxing,8,
1972-05-27,1972,2515,星期六,visakha_bucha,衛塞節,วิสาขบูชา,Visakha Bucha,thai-buddhist-major,ขึ้น 15 ค่ำ เดือน 7,7,15,waxing,15,
1972-05-27,1972,2515,星期六,wan_phra,泰國佛日,วันพระ,Wan Phra,thai-buddhist,ขึ้น 15 ค่ำ เดือน 7,7,15,waxing,15,
1972-06-04,1972,2515,星期日,wan_phra,泰國佛日,วันพระ,Wan Phra,thai-buddhist,แรม 8 ค่ำ เดือน 7,7,23,waning,8,
1972-06-10,1972,2515,星期六,wan_phra,泰國佛日,วันพระ,Wan Phra,thai-buddhist,แรม 14 ค่ำ เดือน 7,7,29,waning,14,
1972-06-18,1972,2515,星期日,wan_phra,泰國佛日,วันพระ,Wan Phra,thai-buddhist,ขึ้น 8 ค่ำ เดือน 8,8,8,waxing,8,
1972-06-25,1972,2515,星期日,wan_phra,泰國佛日,วันพระ,Wan Phra,thai-buddhist,ขึ้น 15 ค่ำ เดือน 8,8,15,waxing,15,
1972-07-03,1972,2515,星期一,wan_phra,泰國佛日,วันพระ,Wan Phra,thai-buddhist,แรม 8 ค่ำ เดือน 8,8,23,waning,8,
1972-07-10,1972,2515,星期一,wan_phra,泰國佛日,วันพระ,Wan Phra,thai-buddhist,แรม 15 ค่ำ เดือน 8,8,30,waning,15,
1972-07-18,1972,2515,星期二,wan_phra,泰國佛日,วันพระ,Wan Phra,thai-buddhist,ขึ้น 8 ค่ำ เดือน 88,88,8,waxing,8,
1972-07-25,1972,2515,星期二,wan_phra,泰國佛日,วันพระ,Wan Phra,thai-buddhist,ขึ้น 15 ค่ำ เดือน 88,88,15,waxing,15,
1972-07-26,1972,2515,星期三,khao_phansa,入雨安居,เข้าพรรษา,Khao Phansa,thai-buddhist-major,แรม 1 ค่ำ เดือน 88,88,16,waning,1,
1972-08-02,1972,2515,星期三,wan_phra,泰國佛日,วันพระ,Wan Phra,thai-buddhist,แรม 8 ค่ำ เดือน 88,88,23,waning,8,
1972-08-09,1972,2515,星期三,wan_phra,泰國佛日,วันพระ,Wan Phra,thai-buddhist,แรม 15 ค่ำ เดือน 88,88,30,waning,15,
1972-08-17,1972,2515,星期四,wan_phra,泰國佛日,วันพระ,Wan Phra,thai-buddhist,ขึ้น 8 ค่ำ เดือน 9,9,8,waxing,8,
1972-08-24,1972,2515,星期四,wan_phra,泰國佛日,วันพระ,Wan Phra,thai-buddhist,ขึ้น 15 ค่ำ เดือน 9,9,15,waxing,15,
1972-09-01,1972,2515,星期五,wan_phra,泰國佛日,วันพระ,Wan Phra,thai-buddhist,แรม 8 ค่ำ เดือน 9,9,23,waning,8,
1972-09-07,1972,2515,星期四,wan_phra,泰國佛日,วันพระ,Wan Phra,thai-buddhist,แรม 14 ค่ำ เดือน 9,9,29,waning,14,
1972-09-15,1972,2515,星期五,wan_phra,泰國佛日,วันพระ,Wan Phra,thai-buddhist,ขึ้น 8 ค่ำ เดือน 10,10,8,waxing,8,
1972-09-22,1972,2515,星期五,wan_phra,泰國佛日,วันพระ,Wan Phra,thai-buddhist,ขึ้น 15 ค่ำ เดือน 10,10,15,waxing,15,
1972-09-30,1972,2515,星期六,wan_phra,泰國佛日,วันพระ,Wan Phra,thai-buddhist,แรม 8 ค่ำ เดือน 10,10,23,waning,8,
1972-10-07,1972,2515,星期六,wan_phra,泰國佛日,วันพระ,Wan Phra,thai-buddhist,แรม 15 ค่ำ เดือน 10,10,30,waning,15,
1972-10-15,1972,2515,星期日,wan_phra,泰國佛日,วันพระ,Wan Phra,thai-buddhist,ขึ้น 8 ค่ำ เดือน 11,11,8,waxing,8,
1972-10-22,1972,2515,星期日,ok_phansa,出雨安居,ออกพรรษา,Ok Phansa,thai-buddhist-major,ขึ้น 15 ค่ำ เดือน 11,11,15,waxing,15,
1972-10-22,1972,2515,星期日,wan_phra,泰國佛日,วันพระ,Wan Phra,thai-buddhist,ขึ้น 15 ค่ำ เดือน 11,11,15,waxing,15,
1972-10-30,1972,2515,星期一,wan_phra,泰國佛日,วันพระ,Wan Phra,thai-buddhist,แรม 8 ค่ำ เดือน 11,11,23,waning,8,
1972-11-05,1972,2515,星期日,wan_phra,泰國佛日,วันพระ,Wan Phra,thai-buddhist,แรม 14 ค่ำ เดือน 11,11,29,waning,14,
1972-11-13,1972,2515,星期一,wan_phra,泰國佛日,วันพระ,Wan Phra,thai-buddhist,ขึ้น 8 ค่ำ เดือน 12,12,8,waxing,8,
1972-11-20,1972,2515,星期一,wan_phra,泰國佛日,วันพระ,Wan Phra,thai-buddhist,ขึ้น 15 ค่ำ เดือน 12,12,15,waxing,15,
1972-11-28,1972,2515,星期二,wan_phra,泰國佛日,วันพระ,Wan Phra,thai-buddhist,แรม 8 ค่ำ เดือน 12,12,23,waning,8,
1972-12-05,1972,2515,星期二,wan_phra,泰國佛日,วันพระ,Wan Phra,thai-buddhist,แรม 15 ค่ำ เดือน 12,12,30,waning,15,
1972-12-13,1972,2515,星期三,wan_phra,泰國佛日,วันพระ,Wan Phra,thai-buddhist,ขึ้น 8 ค่ำ เดือน 1,1,8,waxing,8,
1972-12-20,1972,2515,星期三,wan_phra,泰國佛日,วันพระ,Wan Phra,thai-buddhist,ขึ้น 15 ค่ำ เดือน 1,1,15,waxing,15,
1972-12-28,1972,2515,星期四,wan_phra,泰國佛日,วันพระ,Wan Phra,thai-buddhist,แรม 8 ค่ำ เดือน 1,1,23,waning,8,
1973-01-03,1973,2516,星期三,wan_phra,泰國佛日,วันพระ,Wan Phra,thai-buddhist,แรม 14 ค่ำ เดือน 1,1,29,waning,14,
1973-01-11,1973,2516,星期四,wan_phra,泰國佛日,วันพระ,Wan Phra,thai-buddhist,ขึ้น 8 ค่ำ เดือน 2,2,8,waxing,8,
1973-01-18,1973,2516,星期四,wan_phra,泰國佛日,วันพระ,Wan Phra,thai-buddhist,ขึ้น 15 ค่ำ เดือน 2,2,15,waxing,15,
1973-01-26,1973,2516,星期五,wan_phra,泰國佛日,วันพระ,Wan Phra,thai-buddhist,แรม 8 ค่ำ เดือน 2,2,23,waning,8,
1973-02-02,1973,2516,星期五,wan_phra,泰國佛日,วันพระ,Wan Phra,thai-buddhist,แรม 15 ค่ำ เดือน 2,2,30,waning,15,
1973-02-10,1973,2516,星期六,wan_phra,泰國佛日,วันพระ,Wan Phra,thai-buddhist,ขึ้น 8 ค่ำ เดือน 3,3,8,waxing,8,
1973-02-17,1973,2516,星期六,makha_bucha,萬佛節,มาฆบูชา,Makha Bucha,thai-buddhist-major,ขึ้น 15 ค่ำ เดือน 3,3,15,waxing,15,
1973-02-17,1973,2516,星期六,wan_phra,泰國佛日,วันพระ,Wan Phra,thai-buddhist,ขึ้น 15 ค่ำ เดือน 3,3,15,waxing,15,
1973-02-25,1973,2516,星期日,wan_phra,泰國佛日,วันพระ,Wan Phra,thai-buddhist,แรม 8 ค่ำ เดือน 3,3,23,waning,8,
1973-03-03,1973,2516,星期六,wan_phra,泰國佛日,วันพระ,Wan Phra,thai-buddhist,แรม 14 ค่ำ เดือน 3,3,29,waning,14,
1973-03-11,1973,2516,星期日,wan_phra,泰國佛日,วันพระ,Wan Phra,thai-buddhist,ขึ้น 8 ค่ำ เดือน 4,4,8,waxing,8,
1973-03-18,1973,2516,星期日,wan_phra,泰國佛日,วันพระ,Wan Phra,thai-buddhist,ขึ้น 15 ค่ำ เดือน 4,4,15,waxing,15,
1973-03-26,1973,2516,星期一,wan_phra,泰國佛日,วันพระ,Wan Phra,thai-buddhist,แรม 8 ค่ำ เดือน 4,4,23,waning,8,
1973-04-02,1973,2516,星期一,wan_phra,泰國佛日,วันพระ,Wan Phra,thai-buddhist,แรม 15 ค่ำ เดือน 4,4,30,waning,15,
1973-04-07,1973,2516,星期六,sao_ha_candidate,騷哈日候選 / 稍哈日候選,เสาร์ 5,Sao Ha candidate,thai-amulet-auspicious-day,ขึ้น 5 ค่ำ เดือน 5,5,5,waxing,5,按規則產生：星期六 + 泰國陰曆 5 月 + ขึ้น 5 ค่ำ 或 แรม 5 ค่ำ。未做人工作法會或高僧認定。
1973-04-10,1973,2516,星期二,wan_phra,泰國佛日,วันพระ,Wan Phra,thai-buddhist,ขึ้น 8 ค่ำ เดือน 5,5,8,waxing,8,
1973-04-17,1973,2516,星期二,wan_phra,泰國佛日,วันพระ,Wan Phra,thai-buddhist,ขึ้น 15 ค่ำ เดือน 5,5,15,waxing,15,
1973-04-25,1973,2516,星期三,wan_phra,泰國佛日,วันพระ,Wan Phra,thai-buddhist,แรม 8 ค่ำ เดือน 5,5,23,waning,8,
1973-05-01,1973,2516,星期二,wan_phra,泰國佛日,วันพระ,Wan Phra,thai-buddhist,แรม 14 ค่ำ เดือน 5,5,29,waning,14,
1973-05-09,1973,2516,星期三,wan_phra,泰國佛日,วันพระ,Wan Phra,thai-buddhist,ขึ้น 8 ค่ำ เดือน 6,6,8,waxing,8,
1973-05-16,1973,2516,星期三,visakha_bucha,衛塞節,วิสาขบูชา,Visakha Bucha,thai-buddhist-major,ขึ้น 15 ค่ำ เดือน 6,6,15,waxing,15,
1973-05-16,1973,2516,星期三,wan_phra,泰國佛日,วันพระ,Wan Phra,thai-buddhist,ขึ้น 15 ค่ำ เดือน 6,6,15,waxing,15,
1973-05-24,1973,2516,星期四,wan_phra,泰國佛日,วันพระ,Wan Phra,thai-buddhist,แรม 8 ค่ำ เดือน 6,6,23,waning,8,
1973-05-31,1973,2516,星期四,wan_phra,泰國佛日,วันพระ,Wan Phra,thai-buddhist,แรม 15 ค่ำ เดือน 6,6,30,waning,15,
1973-06-08,1973,2516,星期五,wan_phra,泰國佛日,วันพระ,Wan Phra,thai-buddhist,ขึ้น 8 ค่ำ เดือน 7,7,8,waxing,8,
1973-06-15,1973,2516,星期五,wan_phra,泰國佛日,วันพระ,Wan Phra,thai-buddhist,ขึ้น 15 ค่ำ เดือน 7,7,15,waxing,15,
1973-06-23,1973,2516,星期六,wan_phra,泰國佛日,วันพระ,Wan Phra,thai-buddhist,แรม 8 ค่ำ เดือน 7,7,23,waning,8,
1973-06-30,1973,2516,星期六,wan_phra,泰國佛日,วันพระ,Wan Phra,thai-buddhist,แรม 15 ค่ำ เดือน 7,7,30,waning,15,
1973-07-08,1973,2516,星期日,wan_phra,泰國佛日,วันพระ,Wan Phra,thai-buddhist,ขึ้น 8 ค่ำ เดือน 8,8,8,waxing,8,
1973-07-15,1973,2516,星期日,wan_phra,泰國佛日,วันพระ,Wan Phra,thai-buddhist,ขึ้น 15 ค่ำ เดือน 8,8,15,waxing,15,
1973-07-16,1973,2516,星期一,khao_phansa,入雨安居,เข้าพรรษา,Khao Phansa,thai-buddhist-major,แรม 1 ค่ำ เดือน 8,8,16,waning,1,
1973-07-23,1973,2516,星期一,wan_phra,泰國佛日,วันพระ,Wan Phra,thai-buddhist,แรม 8 ค่ำ เดือน 8,8,23,waning,8,
1973-07-30,1973,2516,星期一,wan_phra,泰國佛日,วันพระ,Wan Phra,thai-buddhist,แรม 15 ค่ำ เดือน 8,8,30,waning,15,
1973-08-07,1973,2516,星期二,wan_phra,泰國佛日,วันพระ,Wan Phra,thai-buddhist,ขึ้น 8 ค่ำ เดือน 9,9,8,waxing,8,
1973-08-14,1973,2516,星期二,wan_phra,泰國佛日,วันพระ,Wan Phra,thai-buddhist,ขึ้น 15 ค่ำ เดือน 9,9,15,waxing,15,
1973-08-22,1973,2516,星期三,wan_phra,泰國佛日,วันพระ,Wan Phra,thai-buddhist,แรม 8 ค่ำ เดือน 9,9,23,waning,8,
1973-08-28,1973,2516,星期二,wan_phra,泰國佛日,วันพระ,Wan Phra,thai-buddhist,แรม 14 ค่ำ เดือน 9,9,29,waning,14,
1973-09-05,1973,2516,星期三,wan_phra,泰國佛日,วันพระ,Wan Phra,thai-buddhist,ขึ้น 8 ค่ำ เดือน 10,10,8,waxing,8,
1973-09-12,1973,2516,星期三,wan_phra,泰國佛日,วันพระ,Wan Phra,thai-buddhist,ขึ้น 15 ค่ำ เดือน 10,10,15,waxing,15,
1973-09-20,1973,2516,星期四,wan_phra,泰國佛日,วันพระ,Wan Phra,thai-buddhist,แรม 8 ค่ำ เดือน 10,10,23,waning,8,
1973-09-27,1973,2516,星期四,wan_phra,泰國佛日,วันพระ,Wan Phra,thai-buddhist,แรม 15 ค่ำ เดือน 10,10,30,waning,15,
1973-10-05,1973,2516,星期五,wan_phra,泰國佛日,วันพระ,Wan Phra,thai-buddhist,ขึ้น 8 ค่ำ เดือน 11,11,8,waxing,8,
1973-10-12,1973,2516,星期五,ok_phansa,出雨安居,ออกพรรษา,Ok Phansa,thai-buddhist-major,ขึ้น 15 ค่ำ เดือน 11,11,15,waxing,15,
1973-10-12,1973,2516,星期五,wan_phra,泰國佛日,วันพระ,Wan Phra,thai-buddhist,ขึ้น 15 ค่ำ เดือน 11,11,15,waxing,15,
1973-10-20,1973,2516,星期六,wan_phra,泰國佛日,วันพระ,Wan Phra,thai-buddhist,แรม 8 ค่ำ เดือน 11,11,23,waning,8,
1973-10-26,1973,2516,星期五,wan_phra,泰國佛日,วันพระ,Wan Phra,thai-buddhist,แรม 14 ค่ำ เดือน 11,11,29,waning,14,
1973-11-03,1973,2516,星期六,wan_phra,泰國佛日,วันพระ,Wan Phra,thai-buddhist,ขึ้น 8 ค่ำ เดือน 12,12,8,waxing,8,
1973-11-10,1973,2516,星期六,wan_phra,泰國佛日,วันพระ,Wan Phra,thai-buddhist,ขึ้น 15 ค่ำ เดือน 12,12,15,waxing,15,
1973-11-18,1973,2516,星期日,wan_phra,泰國佛日,วันพระ,Wan Phra,thai-buddhist,แรม 8 ค่ำ เดือน 12,12,23,waning,8,
1973-11-25,1973,2516,星期日,wan_phra,泰國佛日,วันพระ,Wan Phra,thai-buddhist,แรม 15 ค่ำ เดือน 12,12,30,waning,15,
1973-12-03,1973,2516,星期一,wan_phra,泰國佛日,วันพระ,Wan Phra,thai-buddhist,ขึ้น 8 ค่ำ เดือน 1,1,8,waxing,8,
1973-12-10,1973,2516,星期一,wan_phra,泰國佛日,วันพระ,Wan Phra,thai-buddhist,ขึ้น 15 ค่ำ เดือน 1,1,15,waxing,15,
1973-12-18,1973,2516,星期二,wan_phra,泰國佛日,วันพระ,Wan Phra,thai-buddhist,แรม 8 ค่ำ เดือน 1,1,23,waning,8,
1973-12-24,1973,2516,星期一,wan_phra,泰國佛日,วันพระ,Wan Phra,thai-buddhist,แรม 14 ค่ำ เดือน 1,1,29,waning,14,
1974-01-01,1974,2517,星期二,wan_phra,泰國佛日,วันพระ,Wan Phra,thai-buddhist,ขึ้น 8 ค่ำ เดือน 2,2,8,waxing,8,
1974-01-08,1974,2517,星期二,wan_phra,泰國佛日,วันพระ,Wan Phra,thai-buddhist,ขึ้น 15 ค่ำ เดือน 2,2,15,waxing,15,
1974-01-16,1974,2517,星期三,wan_phra,泰國佛日,วันพระ,Wan Phra,thai-buddhist,แรม 8 ค่ำ เดือน 2,2,23,waning,8,
1974-01-23,1974,2517,星期三,wan_phra,泰國佛日,วันพระ,Wan Phra,thai-buddhist,แรม 15 ค่ำ เดือน 2,2,30,waning,15,
1974-01-31,1974,2517,星期四,wan_phra,泰國佛日,วันพระ,Wan Phra,thai-buddhist,ขึ้น 8 ค่ำ เดือน 3,3,8,waxing,8,
1974-02-07,1974,2517,星期四,makha_bucha,萬佛節,มาฆบูชา,Makha Bucha,thai-buddhist-major,ขึ้น 15 ค่ำ เดือน 3,3,15,waxing,15,
1974-02-07,1974,2517,星期四,wan_phra,泰國佛日,วันพระ,Wan Phra,thai-buddhist,ขึ้น 15 ค่ำ เดือน 3,3,15,waxing,15,
1974-02-15,1974,2517,星期五,wan_phra,泰國佛日,วันพระ,Wan Phra,thai-buddhist,แรม 8 ค่ำ เดือน 3,3,23,waning,8,
1974-02-21,1974,2517,星期四,wan_phra,泰國佛日,วันพระ,Wan Phra,thai-buddhist,แรม 14 ค่ำ เดือน 3,3,29,waning,14,
1974-03-01,1974,2517,星期五,wan_phra,泰國佛日,วันพระ,Wan Phra,thai-buddhist,ขึ้น 8 ค่ำ เดือน 4,4,8,waxing,8,
1974-03-08,1974,2517,星期五,wan_phra,泰國佛日,วันพระ,Wan Phra,thai-buddhist,ขึ้น 15 ค่ำ เดือน 4,4,15,waxing,15,
1974-03-16,1974,2517,星期六,wan_phra,泰國佛日,วันพระ,Wan Phra,thai-buddhist,แรม 8 ค่ำ เดือน 4,4,23,waning,8,
1974-03-23,1974,2517,星期六,wan_phra,泰國佛日,วันพระ,Wan Phra,thai-buddhist,แรม 15 ค่ำ เดือน 4,4,30,waning,15,
1974-03-31,1974,2517,星期日,wan_phra,泰國佛日,วันพระ,Wan Phra,thai-buddhist,ขึ้น 8 ค่ำ เดือน 5,5,8,waxing,8,
1974-04-07,1974,2517,星期日,wan_phra,泰國佛日,วันพระ,Wan Phra,thai-buddhist,ขึ้น 15 ค่ำ เดือน 5,5,15,waxing,15,
1974-04-15,1974,2517,星期一,wan_phra,泰國佛日,วันพระ,Wan Phra,thai-buddhist,แรม 8 ค่ำ เดือน 5,5,23,waning,8,
1974-04-21,1974,2517,星期日,wan_phra,泰國佛日,วันพระ,Wan Phra,thai-buddhist,แรม 14 ค่ำ เดือน 5,5,29,waning,14,
1974-04-29,1974,2517,星期一,wan_phra,泰國佛日,วันพระ,Wan Phra,thai-buddhist,ขึ้น 8 ค่ำ เดือน 6,6,8,waxing,8,
1974-05-06,1974,2517,星期一,visakha_bucha,衛塞節,วิสาขบูชา,Visakha Bucha,thai-buddhist-major,ขึ้น 15 ค่ำ เดือน 6,6,15,waxing,15,
1974-05-06,1974,2517,星期一,wan_phra,泰國佛日,วันพระ,Wan Phra,thai-buddhist,ขึ้น 15 ค่ำ เดือน 6,6,15,waxing,15,
1974-05-14,1974,2517,星期二,wan_phra,泰國佛日,วันพระ,Wan Phra,thai-buddhist,แรม 8 ค่ำ เดือน 6,6,23,waning,8,
1974-05-21,1974,2517,星期二,wan_phra,泰國佛日,วันพระ,Wan Phra,thai-buddhist,แรม 15 ค่ำ เดือน 6,6,30,waning,15,
1974-05-29,1974,2517,星期三,wan_phra,泰國佛日,วันพระ,Wan Phra,thai-buddhist,ขึ้น 8 ค่ำ เดือน 7,7,8,waxing,8,
1974-06-05,1974,2517,星期三,wan_phra,泰國佛日,วันพระ,Wan Phra,thai-buddhist,ขึ้น 15 ค่ำ เดือน 7,7,15,waxing,15,
1974-06-13,1974,2517,星期四,wan_phra,泰國佛日,วันพระ,Wan Phra,thai-buddhist,แรม 8 ค่ำ เดือน 7,7,23,waning,8,
1974-06-19,1974,2517,星期三,wan_phra,泰國佛日,วันพระ,Wan Phra,thai-buddhist,แรม 14 ค่ำ เดือน 7,7,29,waning,14,
1974-06-27,1974,2517,星期四,wan_phra,泰國佛日,วันพระ,Wan Phra,thai-buddhist,ขึ้น 8 ค่ำ เดือน 8,8,8,waxing,8,
1974-07-04,1974,2517,星期四,wan_phra,泰國佛日,วันพระ,Wan Phra,thai-buddhist,ขึ้น 15 ค่ำ เดือน 8,8,15,waxing,15,
1974-07-05,1974,2517,星期五,khao_phansa,入雨安居,เข้าพรรษา,Khao Phansa,thai-buddhist-major,แรม 1 ค่ำ เดือน 8,8,16,waning,1,
1974-07-12,1974,2517,星期五,wan_phra,泰國佛日,วันพระ,Wan Phra,thai-buddhist,แรม 8 ค่ำ เดือน 8,8,23,waning,8,
1974-07-19,1974,2517,星期五,wan_phra,泰國佛日,วันพระ,Wan Phra,thai-buddhist,แรม 15 ค่ำ เดือน 8,8,30,waning,15,
1974-07-27,1974,2517,星期六,wan_phra,泰國佛日,วันพระ,Wan Phra,thai-buddhist,ขึ้น 8 ค่ำ เดือน 9,9,8,waxing,8,
1974-08-03,1974,2517,星期六,wan_phra,泰國佛日,วันพระ,Wan Phra,thai-buddhist,ขึ้น 15 ค่ำ เดือน 9,9,15,waxing,15,
1974-08-11,1974,2517,星期日,wan_phra,泰國佛日,วันพระ,Wan Phra,thai-buddhist,แรม 8 ค่ำ เดือน 9,9,23,waning,8,
1974-08-17,1974,2517,星期六,wan_phra,泰國佛日,วันพระ,Wan Phra,thai-buddhist,แรม 14 ค่ำ เดือน 9,9,29,waning,14,
1974-08-25,1974,2517,星期日,wan_phra,泰國佛日,วันพระ,Wan Phra,thai-buddhist,ขึ้น 8 ค่ำ เดือน 10,10,8,waxing,8,
1974-09-01,1974,2517,星期日,wan_phra,泰國佛日,วันพระ,Wan Phra,thai-buddhist,ขึ้น 15 ค่ำ เดือน 10,10,15,waxing,15,
1974-09-09,1974,2517,星期一,wan_phra,泰國佛日,วันพระ,Wan Phra,thai-buddhist,แรม 8 ค่ำ เดือน 10,10,23,waning,8,
1974-09-16,1974,2517,星期一,wan_phra,泰國佛日,วันพระ,Wan Phra,thai-buddhist,แรม 15 ค่ำ เดือน 10,10,30,waning,15,
1974-09-24,1974,2517,星期二,wan_phra,泰國佛日,วันพระ,Wan Phra,thai-buddhist,ขึ้น 8 ค่ำ เดือน 11,11,8,waxing,8,
1974-10-01,1974,2517,星期二,ok_phansa,出雨安居,ออกพรรษา,Ok Phansa,thai-buddhist-major,ขึ้น 15 ค่ำ เดือน 11,11,15,waxing,15,
1974-10-01,1974,2517,星期二,wan_phra,泰國佛日,วันพระ,Wan Phra,thai-buddhist,ขึ้น 15 ค่ำ เดือน 11,11,15,waxing,15,
1974-10-09,1974,2517,星期三,wan_phra,泰國佛日,วันพระ,Wan Phra,thai-buddhist,แรม 8 ค่ำ เดือน 11,11,23,waning,8,
1974-10-15,1974,2517,星期二,wan_phra,泰國佛日,วันพระ,Wan Phra,thai-buddhist,แรม 14 ค่ำ เดือน 11,11,29,waning,14,
1974-10-23,1974,2517,星期三,wan_phra,泰國佛日,วันพระ,Wan Phra,thai-buddhist,ขึ้น 8 ค่ำ เดือน 12,12,8,waxing,8,
1974-10-30,1974,2517,星期三,wan_phra,泰國佛日,วันพระ,Wan Phra,thai-buddhist,ขึ้น 15 ค่ำ เดือน 12,12,15,waxing,15,
1974-11-07,1974,2517,星期四,wan_phra,泰國佛日,วันพระ,Wan Phra,thai-buddhist,แรม 8 ค่ำ เดือน 12,12,23,waning,8,
1974-11-14,1974,2517,星期四,wan_phra,泰國佛日,วันพระ,Wan Phra,thai-buddhist,แรม 15 ค่ำ เดือน 12,12,30,waning,15,
1974-11-22,1974,2517,星期五,wan_phra,泰國佛日,วันพระ,Wan Phra,thai-buddhist,ขึ้น 8 ค่ำ เดือน 1,1,8,waxing,8,
1974-11-29,1974,2517,星期五,wan_phra,泰國佛日,วันพระ,Wan Phra,thai-buddhist,ขึ้น 15 ค่ำ เดือน 1,1,15,waxing,15,
1974-12-07,1974,2517,星期六,wan_phra,泰國佛日,วันพระ,Wan Phra,thai-buddhist,แรม 8 ค่ำ เดือน 1,1,23,waning,8,
1974-12-13,1974,2517,星期五,wan_phra,泰國佛日,วันพระ,Wan Phra,thai-buddhist,แรม 14 ค่ำ เดือน 1,1,29,waning,14,
1974-12-21,1974,2517,星期六,wan_phra,泰國佛日,วันพระ,Wan Phra,thai-buddhist,ขึ้น 8 ค่ำ เดือน 2,2,8,waxing,8,
1974-12-28,1974,2517,星期六,wan_phra,泰國佛日,วันพระ,Wan Phra,thai-buddhist,ขึ้น 15 ค่ำ เดือน 2,2,15,waxing,15,
1975-01-05,1975,2518,星期日,wan_phra,泰國佛日,วันพระ,Wan Phra,thai-buddhist,แรม 8 ค่ำ เดือน 2,2,23,waning,8,
1975-01-12,1975,2518,星期日,wan_phra,泰國佛日,วันพระ,Wan Phra,thai-buddhist,แรม 15 ค่ำ เดือน 2,2,30,waning,15,
1975-01-20,1975,2518,星期一,wan_phra,泰國佛日,วันพระ,Wan Phra,thai-buddhist,ขึ้น 8 ค่ำ เดือน 3,3,8,waxing,8,
1975-01-27,1975,2518,星期一,wan_phra,泰國佛日,วันพระ,Wan Phra,thai-buddhist,ขึ้น 15 ค่ำ เดือน 3,3,15,waxing,15,
1975-02-04,1975,2518,星期二,wan_phra,泰國佛日,วันพระ,Wan Phra,thai-buddhist,แรม 8 ค่ำ เดือน 3,3,23,waning,8,
1975-02-10,1975,2518,星期一,wan_phra,泰國佛日,วันพระ,Wan Phra,thai-buddhist,แรม 14 ค่ำ เดือน 3,3,29,waning,14,
1975-02-18,1975,2518,星期二,wan_phra,泰國佛日,วันพระ,Wan Phra,thai-buddhist,ขึ้น 8 ค่ำ เดือน 4,4,8,waxing,8,
1975-02-25,1975,2518,星期二,makha_bucha,萬佛節,มาฆบูชา,Makha Bucha,thai-buddhist-major,ขึ้น 15 ค่ำ เดือน 4,4,15,waxing,15,
1975-02-25,1975,2518,星期二,wan_phra,泰國佛日,วันพระ,Wan Phra,thai-buddhist,ขึ้น 15 ค่ำ เดือน 4,4,15,waxing,15,
1975-03-05,1975,2518,星期三,wan_phra,泰國佛日,วันพระ,Wan Phra,thai-buddhist,แรม 8 ค่ำ เดือน 4,4,23,waning,8,
1975-03-12,1975,2518,星期三,wan_phra,泰國佛日,วันพระ,Wan Phra,thai-buddhist,แรม 15 ค่ำ เดือน 4,4,30,waning,15,
1975-03-20,1975,2518,星期四,wan_phra,泰國佛日,วันพระ,Wan Phra,thai-buddhist,ขึ้น 8 ค่ำ เดือน 5,5,8,waxing,8,
1975-03-27,1975,2518,星期四,wan_phra,泰國佛日,วันพระ,Wan Phra,thai-buddhist,ขึ้น 15 ค่ำ เดือน 5,5,15,waxing,15,
1975-04-04,1975,2518,星期五,wan_phra,泰國佛日,วันพระ,Wan Phra,thai-buddhist,แรม 8 ค่ำ เดือน 5,5,23,waning,8,
1975-04-10,1975,2518,星期四,wan_phra,泰國佛日,วันพระ,Wan Phra,thai-buddhist,แรม 14 ค่ำ เดือน 5,5,29,waning,14,
1975-04-18,1975,2518,星期五,wan_phra,泰國佛日,วันพระ,Wan Phra,thai-buddhist,ขึ้น 8 ค่ำ เดือน 6,6,8,waxing,8,
1975-04-25,1975,2518,星期五,wan_phra,泰國佛日,วันพระ,Wan Phra,thai-buddhist,ขึ้น 15 ค่ำ เดือน 6,6,15,waxing,15,
1975-05-03,1975,2518,星期六,wan_phra,泰國佛日,วันพระ,Wan Phra,thai-buddhist,แรม 8 ค่ำ เดือน 6,6,23,waning,8,
1975-05-10,1975,2518,星期六,wan_phra,泰國佛日,วันพระ,Wan Phra,thai-buddhist,แรม 15 ค่ำ เดือน 6,6,30,waning,15,
1975-05-18,1975,2518,星期日,wan_phra,泰國佛日,วันพระ,Wan Phra,thai-buddhist,ขึ้น 8 ค่ำ เดือน 7,7,8,waxing,8,
1975-05-25,1975,2518,星期日,visakha_bucha,衛塞節,วิสาขบูชา,Visakha Bucha,thai-buddhist-major,ขึ้น 15 ค่ำ เดือน 7,7,15,waxing,15,
1975-05-25,1975,2518,星期日,wan_phra,泰國佛日,วันพระ,Wan Phra,thai-buddhist,ขึ้น 15 ค่ำ เดือน 7,7,15,waxing,15,
1975-06-02,1975,2518,星期一,wan_phra,泰國佛日,วันพระ,Wan Phra,thai-buddhist,แรม 8 ค่ำ เดือน 7,7,23,waning,8,
1975-06-08,1975,2518,星期日,wan_phra,泰國佛日,วันพระ,Wan Phra,thai-buddhist,แรม 14 ค่ำ เดือน 7,7,29,waning,14,
1975-06-16,1975,2518,星期一,wan_phra,泰國佛日,วันพระ,Wan Phra,thai-buddhist,ขึ้น 8 ค่ำ เดือน 8,8,8,waxing,8,
1975-06-23,1975,2518,星期一,wan_phra,泰國佛日,วันพระ,Wan Phra,thai-buddhist,ขึ้น 15 ค่ำ เดือน 8,8,15,waxing,15,
1975-07-01,1975,2518,星期二,wan_phra,泰國佛日,วันพระ,Wan Phra,thai-buddhist,แรม 8 ค่ำ เดือน 8,8,23,waning,8,
1975-07-08,1975,2518,星期二,wan_phra,泰國佛日,วันพระ,Wan Phra,thai-buddhist,แรม 15 ค่ำ เดือน 8,8,30,waning,15,
1975-07-16,1975,2518,星期三,wan_phra,泰國佛日,วันพระ,Wan Phra,thai-buddhist,ขึ้น 8 ค่ำ เดือน 88,88,8,waxing,8,
1975-07-23,1975,2518,星期三,wan_phra,泰國佛日,วันพระ,Wan Phra,thai-buddhist,ขึ้น 15 ค่ำ เดือน 88,88,15,waxing,15,
1975-07-24,1975,2518,星期四,khao_phansa,入雨安居,เข้าพรรษา,Khao Phansa,thai-buddhist-major,แรม 1 ค่ำ เดือน 88,88,16,waning,1,
1975-07-31,1975,2518,星期四,wan_phra,泰國佛日,วันพระ,Wan Phra,thai-buddhist,แรม 8 ค่ำ เดือน 88,88,23,waning,8,
1975-08-07,1975,2518,星期四,wan_phra,泰國佛日,วันพระ,Wan Phra,thai-buddhist,แรม 15 ค่ำ เดือน 88,88,30,waning,15,
1975-08-15,1975,2518,星期五,wan_phra,泰國佛日,วันพระ,Wan Phra,thai-buddhist,ขึ้น 8 ค่ำ เดือน 9,9,8,waxing,8,
1975-08-22,1975,2518,星期五,wan_phra,泰國佛日,วันพระ,Wan Phra,thai-buddhist,ขึ้น 15 ค่ำ เดือน 9,9,15,waxing,15,
1975-08-30,1975,2518,星期六,wan_phra,泰國佛日,วันพระ,Wan Phra,thai-buddhist,แรม 8 ค่ำ เดือน 9,9,23,waning,8,
1975-09-05,1975,2518,星期五,wan_phra,泰國佛日,วันพระ,Wan Phra,thai-buddhist,แรม 14 ค่ำ เดือน 9,9,29,waning,14,
1975-09-13,1975,2518,星期六,wan_phra,泰國佛日,วันพระ,Wan Phra,thai-buddhist,ขึ้น 8 ค่ำ เดือน 10,10,8,waxing,8,
1975-09-20,1975,2518,星期六,wan_phra,泰國佛日,วันพระ,Wan Phra,thai-buddhist,ขึ้น 15 ค่ำ เดือน 10,10,15,waxing,15,
1975-09-28,1975,2518,星期日,wan_phra,泰國佛日,วันพระ,Wan Phra,thai-buddhist,แรม 8 ค่ำ เดือน 10,10,23,waning,8,
1975-10-05,1975,2518,星期日,wan_phra,泰國佛日,วันพระ,Wan Phra,thai-buddhist,แรม 15 ค่ำ เดือน 10,10,30,waning,15,
1975-10-13,1975,2518,星期一,wan_phra,泰國佛日,วันพระ,Wan Phra,thai-buddhist,ขึ้น 8 ค่ำ เดือน 11,11,8,waxing,8,
1975-10-20,1975,2518,星期一,ok_phansa,出雨安居,ออกพรรษา,Ok Phansa,thai-buddhist-major,ขึ้น 15 ค่ำ เดือน 11,11,15,waxing,15,
1975-10-20,1975,2518,星期一,wan_phra,泰國佛日,วันพระ,Wan Phra,thai-buddhist,ขึ้น 15 ค่ำ เดือน 11,11,15,waxing,15,
1975-10-28,1975,2518,星期二,wan_phra,泰國佛日,วันพระ,Wan Phra,thai-buddhist,แรม 8 ค่ำ เดือน 11,11,23,waning,8,
1975-11-03,1975,2518,星期一,wan_phra,泰國佛日,วันพระ,Wan Phra,thai-buddhist,แรม 14 ค่ำ เดือน 11,11,29,waning,14,
1975-11-11,1975,2518,星期二,wan_phra,泰國佛日,วันพระ,Wan Phra,thai-buddhist,ขึ้น 8 ค่ำ เดือน 12,12,8,waxing,8,
1975-11-18,1975,2518,星期二,wan_phra,泰國佛日,วันพระ,Wan Phra,thai-buddhist,ขึ้น 15 ค่ำ เดือน 12,12,15,waxing,15,
1975-11-26,1975,2518,星期三,wan_phra,泰國佛日,วันพระ,Wan Phra,thai-buddhist,แรม 8 ค่ำ เดือน 12,12,23,waning,8,
1975-12-03,1975,2518,星期三,wan_phra,泰國佛日,วันพระ,Wan Phra,thai-buddhist,แรม 15 ค่ำ เดือน 12,12,30,waning,15,
1975-12-11,1975,2518,星期四,wan_phra,泰國佛日,วันพระ,Wan Phra,thai-buddhist,ขึ้น 8 ค่ำ เดือน 1,1,8,waxing,8,
1975-12-18,1975,2518,星期四,wan_phra,泰國佛日,วันพระ,Wan Phra,thai-buddhist,ขึ้น 15 ค่ำ เดือน 1,1,15,waxing,15,
1975-12-26,1975,2518,星期五,wan_phra,泰國佛日,วันพระ,Wan Phra,thai-buddhist,แรม 8 ค่ำ เดือน 1,1,23,waning,8,
1976-01-01,1976,2519,星期四,wan_phra,泰國佛日,วันพระ,Wan Phra,thai-buddhist,แรม 14 ค่ำ เดือน 1,1,29,waning,14,
1976-01-09,1976,2519,星期五,wan_phra,泰國佛日,วันพระ,Wan Phra,thai-buddhist,ขึ้น 8 ค่ำ เดือน 2,2,8,waxing,8,
1976-01-16,1976,2519,星期五,wan_phra,泰國佛日,วันพระ,Wan Phra,thai-buddhist,ขึ้น 15 ค่ำ เดือน 2,2,15,waxing,15,
1976-01-24,1976,2519,星期六,wan_phra,泰國佛日,วันพระ,Wan Phra,thai-buddhist,แรม 8 ค่ำ เดือน 2,2,23,waning,8,
1976-01-31,1976,2519,星期六,wan_phra,泰國佛日,วันพระ,Wan Phra,thai-buddhist,แรม 15 ค่ำ เดือน 2,2,30,waning,15,
1976-02-08,1976,2519,星期日,wan_phra,泰國佛日,วันพระ,Wan Phra,thai-buddhist,ขึ้น 8 ค่ำ เดือน 3,3,8,waxing,8,
1976-02-15,1976,2519,星期日,makha_bucha,萬佛節,มาฆบูชา,Makha Bucha,thai-buddhist-major,ขึ้น 15 ค่ำ เดือน 3,3,15,waxing,15,
1976-02-15,1976,2519,星期日,wan_phra,泰國佛日,วันพระ,Wan Phra,thai-buddhist,ขึ้น 15 ค่ำ เดือน 3,3,15,waxing,15,
1976-02-23,1976,2519,星期一,wan_phra,泰國佛日,วันพระ,Wan Phra,thai-buddhist,แรม 8 ค่ำ เดือน 3,3,23,waning,8,
1976-02-29,1976,2519,星期日,wan_phra,泰國佛日,วันพระ,Wan Phra,thai-buddhist,แรม 14 ค่ำ เดือน 3,3,29,waning,14,
1976-03-08,1976,2519,星期一,wan_phra,泰國佛日,วันพระ,Wan Phra,thai-buddhist,ขึ้น 8 ค่ำ เดือน 4,4,8,waxing,8,
1976-03-15,1976,2519,星期一,wan_phra,泰國佛日,วันพระ,Wan Phra,thai-buddhist,ขึ้น 15 ค่ำ เดือน 4,4,15,waxing,15,
1976-03-23,1976,2519,星期二,wan_phra,泰國佛日,วันพระ,Wan Phra,thai-buddhist,แรม 8 ค่ำ เดือน 4,4,23,waning,8,
1976-03-30,1976,2519,星期二,wan_phra,泰國佛日,วันพระ,Wan Phra,thai-buddhist,แรม 15 ค่ำ เดือน 4,4,30,waning,15,
1976-04-07,1976,2519,星期三,wan_phra,泰國佛日,วันพระ,Wan Phra,thai-buddhist,ขึ้น 8 ค่ำ เดือน 5,5,8,waxing,8,
1976-04-14,1976,2519,星期三,wan_phra,泰國佛日,วันพระ,Wan Phra,thai-buddhist,ขึ้น 15 ค่ำ เดือน 5,5,15,waxing,15,
1976-04-22,1976,2519,星期四,wan_phra,泰國佛日,วันพระ,Wan Phra,thai-buddhist,แรม 8 ค่ำ เดือน 5,5,23,waning,8,
1976-04-28,1976,2519,星期三,wan_phra,泰國佛日,วันพระ,Wan Phra,thai-buddhist,แรม 14 ค่ำ เดือน 5,5,29,waning,14,
1976-05-06,1976,2519,星期四,wan_phra,泰國佛日,วันพระ,Wan Phra,thai-buddhist,ขึ้น 8 ค่ำ เดือน 6,6,8,waxing,8,
1976-05-13,1976,2519,星期四,visakha_bucha,衛塞節,วิสาขบูชา,Visakha Bucha,thai-buddhist-major,ขึ้น 15 ค่ำ เดือน 6,6,15,waxing,15,
1976-05-13,1976,2519,星期四,wan_phra,泰國佛日,วันพระ,Wan Phra,thai-buddhist,ขึ้น 15 ค่ำ เดือน 6,6,15,waxing,15,
1976-05-21,1976,2519,星期五,wan_phra,泰國佛日,วันพระ,Wan Phra,thai-buddhist,แรม 8 ค่ำ เดือน 6,6,23,waning,8,
1976-05-28,1976,2519,星期五,wan_phra,泰國佛日,วันพระ,Wan Phra,thai-buddhist,แรม 15 ค่ำ เดือน 6,6,30,waning,15,
1976-06-05,1976,2519,星期六,wan_phra,泰國佛日,วันพระ,Wan Phra,thai-buddhist,ขึ้น 8 ค่ำ เดือน 7,7,8,waxing,8,
1976-06-12,1976,2519,星期六,wan_phra,泰國佛日,วันพระ,Wan Phra,thai-buddhist,ขึ้น 15 ค่ำ เดือน 7,7,15,waxing,15,
1976-06-20,1976,2519,星期日,wan_phra,泰國佛日,วันพระ,Wan Phra,thai-buddhist,แรม 8 ค่ำ เดือน 7,7,23,waning,8,
1976-06-26,1976,2519,星期六,wan_phra,泰國佛日,วันพระ,Wan Phra,thai-buddhist,แรม 14 ค่ำ เดือน 7,7,29,waning,14,
1976-07-04,1976,2519,星期日,wan_phra,泰國佛日,วันพระ,Wan Phra,thai-buddhist,ขึ้น 8 ค่ำ เดือน 8,8,8,waxing,8,
1976-07-11,1976,2519,星期日,wan_phra,泰國佛日,วันพระ,Wan Phra,thai-buddhist,ขึ้น 15 ค่ำ เดือน 8,8,15,waxing,15,
1976-07-12,1976,2519,星期一,khao_phansa,入雨安居,เข้าพรรษา,Khao Phansa,thai-buddhist-major,แรม 1 ค่ำ เดือน 8,8,16,waning,1,
1976-07-19,1976,2519,星期一,wan_phra,泰國佛日,วันพระ,Wan Phra,thai-buddhist,แรม 8 ค่ำ เดือน 8,8,23,waning,8,
1976-07-26,1976,2519,星期一,wan_phra,泰國佛日,วันพระ,Wan Phra,thai-buddhist,แรม 15 ค่ำ เดือน 8,8,30,waning,15,
1976-08-03,1976,2519,星期二,wan_phra,泰國佛日,วันพระ,Wan Phra,thai-buddhist,ขึ้น 8 ค่ำ เดือน 9,9,8,waxing,8,
1976-08-10,1976,2519,星期二,wan_phra,泰國佛日,วันพระ,Wan Phra,thai-buddhist,ขึ้น 15 ค่ำ เดือน 9,9,15,waxing,15,
1976-08-18,1976,2519,星期三,wan_phra,泰國佛日,วันพระ,Wan Phra,thai-buddhist,แรม 8 ค่ำ เดือน 9,9,23,waning,8,
1976-08-24,1976,2519,星期二,wan_phra,泰國佛日,วันพระ,Wan Phra,thai-buddhist,แรม 14 ค่ำ เดือน 9,9,29,waning,14,
1976-09-01,1976,2519,星期三,wan_phra,泰國佛日,วันพระ,Wan Phra,thai-buddhist,ขึ้น 8 ค่ำ เดือน 10,10,8,waxing,8,
1976-09-08,1976,2519,星期三,wan_phra,泰國佛日,วันพระ,Wan Phra,thai-buddhist,ขึ้น 15 ค่ำ เดือน 10,10,15,waxing,15,
1976-09-16,1976,2519,星期四,wan_phra,泰國佛日,วันพระ,Wan Phra,thai-buddhist,แรม 8 ค่ำ เดือน 10,10,23,waning,8,
1976-09-23,1976,2519,星期四,wan_phra,泰國佛日,วันพระ,Wan Phra,thai-buddhist,แรม 15 ค่ำ เดือน 10,10,30,waning,15,
1976-10-01,1976,2519,星期五,wan_phra,泰國佛日,วันพระ,Wan Phra,thai-buddhist,ขึ้น 8 ค่ำ เดือน 11,11,8,waxing,8,
1976-10-08,1976,2519,星期五,ok_phansa,出雨安居,ออกพรรษา,Ok Phansa,thai-buddhist-major,ขึ้น 15 ค่ำ เดือน 11,11,15,waxing,15,
1976-10-08,1976,2519,星期五,wan_phra,泰國佛日,วันพระ,Wan Phra,thai-buddhist,ขึ้น 15 ค่ำ เดือน 11,11,15,waxing,15,
1976-10-16,1976,2519,星期六,wan_phra,泰國佛日,วันพระ,Wan Phra,thai-buddhist,แรม 8 ค่ำ เดือน 11,11,23,waning,8,
1976-10-22,1976,2519,星期五,wan_phra,泰國佛日,วันพระ,Wan Phra,thai-buddhist,แรม 14 ค่ำ เดือน 11,11,29,waning,14,
1976-10-30,1976,2519,星期六,wan_phra,泰國佛日,วันพระ,Wan Phra,thai-buddhist,ขึ้น 8 ค่ำ เดือน 12,12,8,waxing,8,
1976-11-06,1976,2519,星期六,wan_phra,泰國佛日,วันพระ,Wan Phra,thai-buddhist,ขึ้น 15 ค่ำ เดือน 12,12,15,waxing,15,
1976-11-14,1976,2519,星期日,wan_phra,泰國佛日,วันพระ,Wan Phra,thai-buddhist,แรม 8 ค่ำ เดือน 12,12,23,waning,8,
1976-11-21,1976,2519,星期日,wan_phra,泰國佛日,วันพระ,Wan Phra,thai-buddhist,แรม 15 ค่ำ เดือน 12,12,30,waning,15,
1976-11-29,1976,2519,星期一,wan_phra,泰國佛日,วันพระ,Wan Phra,thai-buddhist,ขึ้น 8 ค่ำ เดือน 1,1,8,waxing,8,
1976-12-06,1976,2519,星期一,wan_phra,泰國佛日,วันพระ,Wan Phra,thai-buddhist,ขึ้น 15 ค่ำ เดือน 1,1,15,waxing,15,
1976-12-14,1976,2519,星期二,wan_phra,泰國佛日,วันพระ,Wan Phra,thai-buddhist,แรม 8 ค่ำ เดือน 1,1,23,waning,8,
1976-12-20,1976,2519,星期一,wan_phra,泰國佛日,วันพระ,Wan Phra,thai-buddhist,แรม 14 ค่ำ เดือน 1,1,29,waning,14,
1976-12-28,1976,2519,星期二,wan_phra,泰國佛日,วันพระ,Wan Phra,thai-buddhist,ขึ้น 8 ค่ำ เดือน 2,2,8,waxing,8,
1977-01-04,1977,2520,星期二,wan_phra,泰國佛日,วันพระ,Wan Phra,thai-buddhist,ขึ้น 15 ค่ำ เดือน 2,2,15,waxing,15,
1977-01-12,1977,2520,星期三,wan_phra,泰國佛日,วันพระ,Wan Phra,thai-buddhist,แรม 8 ค่ำ เดือน 2,2,23,waning,8,
1977-01-19,1977,2520,星期三,wan_phra,泰國佛日,วันพระ,Wan Phra,thai-buddhist,แรม 15 ค่ำ เดือน 2,2,30,waning,15,
1977-01-27,1977,2520,星期四,wan_phra,泰國佛日,วันพระ,Wan Phra,thai-buddhist,ขึ้น 8 ค่ำ เดือน 3,3,8,waxing,8,
1977-02-03,1977,2520,星期四,wan_phra,泰國佛日,วันพระ,Wan Phra,thai-buddhist,ขึ้น 15 ค่ำ เดือน 3,3,15,waxing,15,
1977-02-11,1977,2520,星期五,wan_phra,泰國佛日,วันพระ,Wan Phra,thai-buddhist,แรม 8 ค่ำ เดือน 3,3,23,waning,8,
1977-02-17,1977,2520,星期四,wan_phra,泰國佛日,วันพระ,Wan Phra,thai-buddhist,แรม 14 ค่ำ เดือน 3,3,29,waning,14,
1977-02-25,1977,2520,星期五,wan_phra,泰國佛日,วันพระ,Wan Phra,thai-buddhist,ขึ้น 8 ค่ำ เดือน 4,4,8,waxing,8,
1977-03-04,1977,2520,星期五,makha_bucha,萬佛節,มาฆบูชา,Makha Bucha,thai-buddhist-major,ขึ้น 15 ค่ำ เดือน 4,4,15,waxing,15,
1977-03-04,1977,2520,星期五,wan_phra,泰國佛日,วันพระ,Wan Phra,thai-buddhist,ขึ้น 15 ค่ำ เดือน 4,4,15,waxing,15,
1977-03-12,1977,2520,星期六,wan_phra,泰國佛日,วันพระ,Wan Phra,thai-buddhist,แรม 8 ค่ำ เดือน 4,4,23,waning,8,
1977-03-19,1977,2520,星期六,wan_phra,泰國佛日,วันพระ,Wan Phra,thai-buddhist,แรม 15 ค่ำ เดือน 4,4,30,waning,15,
1977-03-27,1977,2520,星期日,wan_phra,泰國佛日,วันพระ,Wan Phra,thai-buddhist,ขึ้น 8 ค่ำ เดือน 5,5,8,waxing,8,
1977-04-03,1977,2520,星期日,wan_phra,泰國佛日,วันพระ,Wan Phra,thai-buddhist,ขึ้น 15 ค่ำ เดือน 5,5,15,waxing,15,
1977-04-11,1977,2520,星期一,wan_phra,泰國佛日,วันพระ,Wan Phra,thai-buddhist,แรม 8 ค่ำ เดือน 5,5,23,waning,8,
1977-04-17,1977,2520,星期日,wan_phra,泰國佛日,วันพระ,Wan Phra,thai-buddhist,แรม 14 ค่ำ เดือน 5,5,29,waning,14,
1977-04-25,1977,2520,星期一,wan_phra,泰國佛日,วันพระ,Wan Phra,thai-buddhist,ขึ้น 8 ค่ำ เดือน 6,6,8,waxing,8,
1977-05-02,1977,2520,星期一,wan_phra,泰國佛日,วันพระ,Wan Phra,thai-buddhist,ขึ้น 15 ค่ำ เดือน 6,6,15,waxing,15,
1977-05-10,1977,2520,星期二,wan_phra,泰國佛日,วันพระ,Wan Phra,thai-buddhist,แรม 8 ค่ำ เดือน 6,6,23,waning,8,
1977-05-17,1977,2520,星期二,wan_phra,泰國佛日,วันพระ,Wan Phra,thai-buddhist,แรม 15 ค่ำ เดือน 6,6,30,waning,15,
1977-05-25,1977,2520,星期三,wan_phra,泰國佛日,วันพระ,Wan Phra,thai-buddhist,ขึ้น 8 ค่ำ เดือน 7,7,8,waxing,8,
1977-06-01,1977,2520,星期三,visakha_bucha,衛塞節,วิสาขบูชา,Visakha Bucha,thai-buddhist-major,ขึ้น 15 ค่ำ เดือน 7,7,15,waxing,15,
1977-06-01,1977,2520,星期三,wan_phra,泰國佛日,วันพระ,Wan Phra,thai-buddhist,ขึ้น 15 ค่ำ เดือน 7,7,15,waxing,15,
1977-06-09,1977,2520,星期四,wan_phra,泰國佛日,วันพระ,Wan Phra,thai-buddhist,แรม 8 ค่ำ เดือน 7,7,23,waning,8,
1977-06-15,1977,2520,星期三,wan_phra,泰國佛日,วันพระ,Wan Phra,thai-buddhist,แรม 14 ค่ำ เดือน 7,7,29,waning,14,
1977-06-23,1977,2520,星期四,wan_phra,泰國佛日,วันพระ,Wan Phra,thai-buddhist,ขึ้น 8 ค่ำ เดือน 8,8,8,waxing,8,
1977-06-30,1977,2520,星期四,wan_phra,泰國佛日,วันพระ,Wan Phra,thai-buddhist,ขึ้น 15 ค่ำ เดือน 8,8,15,waxing,15,
1977-07-08,1977,2520,星期五,wan_phra,泰國佛日,วันพระ,Wan Phra,thai-buddhist,แรม 8 ค่ำ เดือน 8,8,23,waning,8,
1977-07-15,1977,2520,星期五,wan_phra,泰國佛日,วันพระ,Wan Phra,thai-buddhist,แรม 15 ค่ำ เดือน 8,8,30,waning,15,
1977-07-23,1977,2520,星期六,wan_phra,泰國佛日,วันพระ,Wan Phra,thai-buddhist,ขึ้น 8 ค่ำ เดือน 88,88,8,waxing,8,
1977-07-30,1977,2520,星期六,wan_phra,泰國佛日,วันพระ,Wan Phra,thai-buddhist,ขึ้น 15 ค่ำ เดือน 88,88,15,waxing,15,
1977-07-31,1977,2520,星期日,khao_phansa,入雨安居,เข้าพรรษา,Khao Phansa,thai-buddhist-major,แรม 1 ค่ำ เดือน 88,88,16,waning,1,
1977-08-07,1977,2520,星期日,wan_phra,泰國佛日,วันพระ,Wan Phra,thai-buddhist,แรม 8 ค่ำ เดือน 88,88,23,waning,8,
1977-08-14,1977,2520,星期日,wan_phra,泰國佛日,วันพระ,Wan Phra,thai-buddhist,แรม 15 ค่ำ เดือน 88,88,30,waning,15,
1977-08-22,1977,2520,星期一,wan_phra,泰國佛日,วันพระ,Wan Phra,thai-buddhist,ขึ้น 8 ค่ำ เดือน 9,9,8,waxing,8,
1977-08-29,1977,2520,星期一,wan_phra,泰國佛日,วันพระ,Wan Phra,thai-buddhist,ขึ้น 15 ค่ำ เดือน 9,9,15,waxing,15,
1977-09-06,1977,2520,星期二,wan_phra,泰國佛日,วันพระ,Wan Phra,thai-buddhist,แรม 8 ค่ำ เดือน 9,9,23,waning,8,
1977-09-12,1977,2520,星期一,wan_phra,泰國佛日,วันพระ,Wan Phra,thai-buddhist,แรม 14 ค่ำ เดือน 9,9,29,waning,14,
1977-09-20,1977,2520,星期二,wan_phra,泰國佛日,วันพระ,Wan Phra,thai-buddhist,ขึ้น 8 ค่ำ เดือน 10,10,8,waxing,8,
1977-09-27,1977,2520,星期二,wan_phra,泰國佛日,วันพระ,Wan Phra,thai-buddhist,ขึ้น 15 ค่ำ เดือน 10,10,15,waxing,15,
1977-10-05,1977,2520,星期三,wan_phra,泰國佛日,วันพระ,Wan Phra,thai-buddhist,แรม 8 ค่ำ เดือน 10,10,23,waning,8,
1977-10-12,1977,2520,星期三,wan_phra,泰國佛日,วันพระ,Wan Phra,thai-buddhist,แรม 15 ค่ำ เดือน 10,10,30,waning,15,
1977-10-20,1977,2520,星期四,wan_phra,泰國佛日,วันพระ,Wan Phra,thai-buddhist,ขึ้น 8 ค่ำ เดือน 11,11,8,waxing,8,
1977-10-27,1977,2520,星期四,ok_phansa,出雨安居,ออกพรรษา,Ok Phansa,thai-buddhist-major,ขึ้น 15 ค่ำ เดือน 11,11,15,waxing,15,
1977-10-27,1977,2520,星期四,wan_phra,泰國佛日,วันพระ,Wan Phra,thai-buddhist,ขึ้น 15 ค่ำ เดือน 11,11,15,waxing,15,
1977-11-04,1977,2520,星期五,wan_phra,泰國佛日,วันพระ,Wan Phra,thai-buddhist,แรม 8 ค่ำ เดือน 11,11,23,waning,8,
1977-11-10,1977,2520,星期四,wan_phra,泰國佛日,วันพระ,Wan Phra,thai-buddhist,แรม 14 ค่ำ เดือน 11,11,29,waning,14,
1977-11-18,1977,2520,星期五,wan_phra,泰國佛日,วันพระ,Wan Phra,thai-buddhist,ขึ้น 8 ค่ำ เดือน 12,12,8,waxing,8,
1977-11-25,1977,2520,星期五,wan_phra,泰國佛日,วันพระ,Wan Phra,thai-buddhist,ขึ้น 15 ค่ำ เดือน 12,12,15,waxing,15,
1977-12-03,1977,2520,星期六,wan_phra,泰國佛日,วันพระ,Wan Phra,thai-buddhist,แรม 8 ค่ำ เดือน 12,12,23,waning,8,
1977-12-10,1977,2520,星期六,wan_phra,泰國佛日,วันพระ,Wan Phra,thai-buddhist,แรม 15 ค่ำ เดือน 12,12,30,waning,15,
1977-12-18,1977,2520,星期日,wan_phra,泰國佛日,วันพระ,Wan Phra,thai-buddhist,ขึ้น 8 ค่ำ เดือน 1,1,8,waxing,8,
1977-12-25,1977,2520,星期日,wan_phra,泰國佛日,วันพระ,Wan Phra,thai-buddhist,ขึ้น 15 ค่ำ เดือน 1,1,15,waxing,15,
1978-01-02,1978,2521,星期一,wan_phra,泰國佛日,วันพระ,Wan Phra,thai-buddhist,แรม 8 ค่ำ เดือน 1,1,23,waning,8,
1978-01-08,1978,2521,星期日,wan_phra,泰國佛日,วันพระ,Wan Phra,thai-buddhist,แรม 14 ค่ำ เดือน 1,1,29,waning,14,
1978-01-16,1978,2521,星期一,wan_phra,泰國佛日,วันพระ,Wan Phra,thai-buddhist,ขึ้น 8 ค่ำ เดือน 2,2,8,waxing,8,
1978-01-23,1978,2521,星期一,wan_phra,泰國佛日,วันพระ,Wan Phra,thai-buddhist,ขึ้น 15 ค่ำ เดือน 2,2,15,waxing,15,
1978-01-31,1978,2521,星期二,wan_phra,泰國佛日,วันพระ,Wan Phra,thai-buddhist,แรม 8 ค่ำ เดือน 2,2,23,waning,8,
1978-02-07,1978,2521,星期二,wan_phra,泰國佛日,วันพระ,Wan Phra,thai-buddhist,แรม 15 ค่ำ เดือน 2,2,30,waning,15,
1978-02-15,1978,2521,星期三,wan_phra,泰國佛日,วันพระ,Wan Phra,thai-buddhist,ขึ้น 8 ค่ำ เดือน 3,3,8,waxing,8,
1978-02-22,1978,2521,星期三,makha_bucha,萬佛節,มาฆบูชา,Makha Bucha,thai-buddhist-major,ขึ้น 15 ค่ำ เดือน 3,3,15,waxing,15,
1978-02-22,1978,2521,星期三,wan_phra,泰國佛日,วันพระ,Wan Phra,thai-buddhist,ขึ้น 15 ค่ำ เดือน 3,3,15,waxing,15,
1978-03-02,1978,2521,星期四,wan_phra,泰國佛日,วันพระ,Wan Phra,thai-buddhist,แรม 8 ค่ำ เดือน 3,3,23,waning,8,
1978-03-08,1978,2521,星期三,wan_phra,泰國佛日,วันพระ,Wan Phra,thai-buddhist,แรม 14 ค่ำ เดือน 3,3,29,waning,14,
1978-03-16,1978,2521,星期四,wan_phra,泰國佛日,วันพระ,Wan Phra,thai-buddhist,ขึ้น 8 ค่ำ เดือน 4,4,8,waxing,8,
1978-03-23,1978,2521,星期四,wan_phra,泰國佛日,วันพระ,Wan Phra,thai-buddhist,ขึ้น 15 ค่ำ เดือน 4,4,15,waxing,15,
1978-03-31,1978,2521,星期五,wan_phra,泰國佛日,วันพระ,Wan Phra,thai-buddhist,แรม 8 ค่ำ เดือน 4,4,23,waning,8,
1978-04-07,1978,2521,星期五,wan_phra,泰國佛日,วันพระ,Wan Phra,thai-buddhist,แรม 15 ค่ำ เดือน 4,4,30,waning,15,
1978-04-15,1978,2521,星期六,wan_phra,泰國佛日,วันพระ,Wan Phra,thai-buddhist,ขึ้น 8 ค่ำ เดือน 5,5,8,waxing,8,
1978-04-22,1978,2521,星期六,wan_phra,泰國佛日,วันพระ,Wan Phra,thai-buddhist,ขึ้น 15 ค่ำ เดือน 5,5,15,waxing,15,
1978-04-30,1978,2521,星期日,wan_phra,泰國佛日,วันพระ,Wan Phra,thai-buddhist,แรม 8 ค่ำ เดือน 5,5,23,waning,8,
1978-05-06,1978,2521,星期六,wan_phra,泰國佛日,วันพระ,Wan Phra,thai-buddhist,แรม 14 ค่ำ เดือน 5,5,29,waning,14,
1978-05-14,1978,2521,星期日,wan_phra,泰國佛日,วันพระ,Wan Phra,thai-buddhist,ขึ้น 8 ค่ำ เดือน 6,6,8,waxing,8,
1978-05-21,1978,2521,星期日,visakha_bucha,衛塞節,วิสาขบูชา,Visakha Bucha,thai-buddhist-major,ขึ้น 15 ค่ำ เดือน 6,6,15,waxing,15,
1978-05-21,1978,2521,星期日,wan_phra,泰國佛日,วันพระ,Wan Phra,thai-buddhist,ขึ้น 15 ค่ำ เดือน 6,6,15,waxing,15,
1978-05-29,1978,2521,星期一,wan_phra,泰國佛日,วันพระ,Wan Phra,thai-buddhist,แรม 8 ค่ำ เดือน 6,6,23,waning,8,
1978-06-05,1978,2521,星期一,wan_phra,泰國佛日,วันพระ,Wan Phra,thai-buddhist,แรม 15 ค่ำ เดือน 6,6,30,waning,15,
1978-06-13,1978,2521,星期二,wan_phra,泰國佛日,วันพระ,Wan Phra,thai-buddhist,ขึ้น 8 ค่ำ เดือน 7,7,8,waxing,8,
1978-06-20,1978,2521,星期二,wan_phra,泰國佛日,วันพระ,Wan Phra,thai-buddhist,ขึ้น 15 ค่ำ เดือน 7,7,15,waxing,15,
1978-06-28,1978,2521,星期三,wan_phra,泰國佛日,วันพระ,Wan Phra,thai-buddhist,แรม 8 ค่ำ เดือน 7,7,23,waning,8,
1978-07-05,1978,2521,星期三,wan_phra,泰國佛日,วันพระ,Wan Phra,thai-buddhist,แรม 15 ค่ำ เดือน 7,7,30,waning,15,
1978-07-13,1978,2521,星期四,wan_phra,泰國佛日,วันพระ,Wan Phra,thai-buddhist,ขึ้น 8 ค่ำ เดือน 8,8,8,waxing,8,
1978-07-20,1978,2521,星期四,wan_phra,泰國佛日,วันพระ,Wan Phra,thai-buddhist,ขึ้น 15 ค่ำ เดือน 8,8,15,waxing,15,
1978-07-21,1978,2521,星期五,khao_phansa,入雨安居,เข้าพรรษา,Khao Phansa,thai-buddhist-major,แรม 1 ค่ำ เดือน 8,8,16,waning,1,
1978-07-28,1978,2521,星期五,wan_phra,泰國佛日,วันพระ,Wan Phra,thai-buddhist,แรม 8 ค่ำ เดือน 8,8,23,waning,8,
1978-08-04,1978,2521,星期五,wan_phra,泰國佛日,วันพระ,Wan Phra,thai-buddhist,แรม 15 ค่ำ เดือน 8,8,30,waning,15,
1978-08-12,1978,2521,星期六,wan_phra,泰國佛日,วันพระ,Wan Phra,thai-buddhist,ขึ้น 8 ค่ำ เดือน 9,9,8,waxing,8,
1978-08-19,1978,2521,星期六,wan_phra,泰國佛日,วันพระ,Wan Phra,thai-buddhist,ขึ้น 15 ค่ำ เดือน 9,9,15,waxing,15,
1978-08-27,1978,2521,星期日,wan_phra,泰國佛日,วันพระ,Wan Phra,thai-buddhist,แรม 8 ค่ำ เดือน 9,9,23,waning,8,
1978-09-02,1978,2521,星期六,wan_phra,泰國佛日,วันพระ,Wan Phra,thai-buddhist,แรม 14 ค่ำ เดือน 9,9,29,waning,14,
1978-09-10,1978,2521,星期日,wan_phra,泰國佛日,วันพระ,Wan Phra,thai-buddhist,ขึ้น 8 ค่ำ เดือน 10,10,8,waxing,8,
1978-09-17,1978,2521,星期日,wan_phra,泰國佛日,วันพระ,Wan Phra,thai-buddhist,ขึ้น 15 ค่ำ เดือน 10,10,15,waxing,15,
1978-09-25,1978,2521,星期一,wan_phra,泰國佛日,วันพระ,Wan Phra,thai-buddhist,แรม 8 ค่ำ เดือน 10,10,23,waning,8,
1978-10-02,1978,2521,星期一,wan_phra,泰國佛日,วันพระ,Wan Phra,thai-buddhist,แรม 15 ค่ำ เดือน 10,10,30,waning,15,
1978-10-10,1978,2521,星期二,wan_phra,泰國佛日,วันพระ,Wan Phra,thai-buddhist,ขึ้น 8 ค่ำ เดือน 11,11,8,waxing,8,
1978-10-17,1978,2521,星期二,ok_phansa,出雨安居,ออกพรรษา,Ok Phansa,thai-buddhist-major,ขึ้น 15 ค่ำ เดือน 11,11,15,waxing,15,
1978-10-17,1978,2521,星期二,wan_phra,泰國佛日,วันพระ,Wan Phra,thai-buddhist,ขึ้น 15 ค่ำ เดือน 11,11,15,waxing,15,
1978-10-25,1978,2521,星期三,wan_phra,泰國佛日,วันพระ,Wan Phra,thai-buddhist,แรม 8 ค่ำ เดือน 11,11,23,waning,8,
1978-10-31,1978,2521,星期二,wan_phra,泰國佛日,วันพระ,Wan Phra,thai-buddhist,แรม 14 ค่ำ เดือน 11,11,29,waning,14,
1978-11-08,1978,2521,星期三,wan_phra,泰國佛日,วันพระ,Wan Phra,thai-buddhist,ขึ้น 8 ค่ำ เดือน 12,12,8,waxing,8,
1978-11-15,1978,2521,星期三,wan_phra,泰國佛日,วันพระ,Wan Phra,thai-buddhist,ขึ้น 15 ค่ำ เดือน 12,12,15,waxing,15,
1978-11-23,1978,2521,星期四,wan_phra,泰國佛日,วันพระ,Wan Phra,thai-buddhist,แรม 8 ค่ำ เดือน 12,12,23,waning,8,
1978-11-30,1978,2521,星期四,wan_phra,泰國佛日,วันพระ,Wan Phra,thai-buddhist,แรม 15 ค่ำ เดือน 12,12,30,waning,15,
1978-12-08,1978,2521,星期五,wan_phra,泰國佛日,วันพระ,Wan Phra,thai-buddhist,ขึ้น 8 ค่ำ เดือน 1,1,8,waxing,8,
1978-12-15,1978,2521,星期五,wan_phra,泰國佛日,วันพระ,Wan Phra,thai-buddhist,ขึ้น 15 ค่ำ เดือน 1,1,15,waxing,15,
1978-12-23,1978,2521,星期六,wan_phra,泰國佛日,วันพระ,Wan Phra,thai-buddhist,แรม 8 ค่ำ เดือน 1,1,23,waning,8,
1978-12-29,1978,2521,星期五,wan_phra,泰國佛日,วันพระ,Wan Phra,thai-buddhist,แรม 14 ค่ำ เดือน 1,1,29,waning,14,
1979-01-06,1979,2522,星期六,wan_phra,泰國佛日,วันพระ,Wan Phra,thai-buddhist,ขึ้น 8 ค่ำ เดือน 2,2,8,waxing,8,
1979-01-13,1979,2522,星期六,wan_phra,泰國佛日,วันพระ,Wan Phra,thai-buddhist,ขึ้น 15 ค่ำ เดือน 2,2,15,waxing,15,
1979-01-21,1979,2522,星期日,wan_phra,泰國佛日,วันพระ,Wan Phra,thai-buddhist,แรม 8 ค่ำ เดือน 2,2,23,waning,8,
1979-01-28,1979,2522,星期日,wan_phra,泰國佛日,วันพระ,Wan Phra,thai-buddhist,แรม 15 ค่ำ เดือน 2,2,30,waning,15,
1979-02-05,1979,2522,星期一,wan_phra,泰國佛日,วันพระ,Wan Phra,thai-buddhist,ขึ้น 8 ค่ำ เดือน 3,3,8,waxing,8,
1979-02-12,1979,2522,星期一,makha_bucha,萬佛節,มาฆบูชา,Makha Bucha,thai-buddhist-major,ขึ้น 15 ค่ำ เดือน 3,3,15,waxing,15,
1979-02-12,1979,2522,星期一,wan_phra,泰國佛日,วันพระ,Wan Phra,thai-buddhist,ขึ้น 15 ค่ำ เดือน 3,3,15,waxing,15,
1979-02-20,1979,2522,星期二,wan_phra,泰國佛日,วันพระ,Wan Phra,thai-buddhist,แรม 8 ค่ำ เดือน 3,3,23,waning,8,
1979-02-26,1979,2522,星期一,wan_phra,泰國佛日,วันพระ,Wan Phra,thai-buddhist,แรม 14 ค่ำ เดือน 3,3,29,waning,14,
1979-03-06,1979,2522,星期二,wan_phra,泰國佛日,วันพระ,Wan Phra,thai-buddhist,ขึ้น 8 ค่ำ เดือน 4,4,8,waxing,8,
1979-03-13,1979,2522,星期二,wan_phra,泰國佛日,วันพระ,Wan Phra,thai-buddhist,ขึ้น 15 ค่ำ เดือน 4,4,15,waxing,15,
1979-03-21,1979,2522,星期三,wan_phra,泰國佛日,วันพระ,Wan Phra,thai-buddhist,แรม 8 ค่ำ เดือน 4,4,23,waning,8,
1979-03-28,1979,2522,星期三,wan_phra,泰國佛日,วันพระ,Wan Phra,thai-buddhist,แรม 15 ค่ำ เดือน 4,4,30,waning,15,
1979-04-05,1979,2522,星期四,wan_phra,泰國佛日,วันพระ,Wan Phra,thai-buddhist,ขึ้น 8 ค่ำ เดือน 5,5,8,waxing,8,
1979-04-12,1979,2522,星期四,wan_phra,泰國佛日,วันพระ,Wan Phra,thai-buddhist,ขึ้น 15 ค่ำ เดือน 5,5,15,waxing,15,
1979-04-20,1979,2522,星期五,wan_phra,泰國佛日,วันพระ,Wan Phra,thai-buddhist,แรม 8 ค่ำ เดือน 5,5,23,waning,8,
1979-04-26,1979,2522,星期四,wan_phra,泰國佛日,วันพระ,Wan Phra,thai-buddhist,แรม 14 ค่ำ เดือน 5,5,29,waning,14,
1979-05-04,1979,2522,星期五,wan_phra,泰國佛日,วันพระ,Wan Phra,thai-buddhist,ขึ้น 8 ค่ำ เดือน 6,6,8,waxing,8,
1979-05-11,1979,2522,星期五,visakha_bucha,衛塞節,วิสาขบูชา,Visakha Bucha,thai-buddhist-major,ขึ้น 15 ค่ำ เดือน 6,6,15,waxing,15,
1979-05-11,1979,2522,星期五,wan_phra,泰國佛日,วันพระ,Wan Phra,thai-buddhist,ขึ้น 15 ค่ำ เดือน 6,6,15,waxing,15,
1979-05-19,1979,2522,星期六,wan_phra,泰國佛日,วันพระ,Wan Phra,thai-buddhist,แรม 8 ค่ำ เดือน 6,6,23,waning,8,
1979-05-26,1979,2522,星期六,wan_phra,泰國佛日,วันพระ,Wan Phra,thai-buddhist,แรม 15 ค่ำ เดือน 6,6,30,waning,15,
1979-06-03,1979,2522,星期日,wan_phra,泰國佛日,วันพระ,Wan Phra,thai-buddhist,ขึ้น 8 ค่ำ เดือน 7,7,8,waxing,8,
1979-06-10,1979,2522,星期日,wan_phra,泰國佛日,วันพระ,Wan Phra,thai-buddhist,ขึ้น 15 ค่ำ เดือน 7,7,15,waxing,15,
1979-06-18,1979,2522,星期一,wan_phra,泰國佛日,วันพระ,Wan Phra,thai-buddhist,แรม 8 ค่ำ เดือน 7,7,23,waning,8,
1979-06-24,1979,2522,星期日,wan_phra,泰國佛日,วันพระ,Wan Phra,thai-buddhist,แรม 14 ค่ำ เดือน 7,7,29,waning,14,
1979-07-02,1979,2522,星期一,wan_phra,泰國佛日,วันพระ,Wan Phra,thai-buddhist,ขึ้น 8 ค่ำ เดือน 8,8,8,waxing,8,
1979-07-09,1979,2522,星期一,wan_phra,泰國佛日,วันพระ,Wan Phra,thai-buddhist,ขึ้น 15 ค่ำ เดือน 8,8,15,waxing,15,
1979-07-10,1979,2522,星期二,khao_phansa,入雨安居,เข้าพรรษา,Khao Phansa,thai-buddhist-major,แรม 1 ค่ำ เดือน 8,8,16,waning,1,
1979-07-17,1979,2522,星期二,wan_phra,泰國佛日,วันพระ,Wan Phra,thai-buddhist,แรม 8 ค่ำ เดือน 8,8,23,waning,8,
1979-07-24,1979,2522,星期二,wan_phra,泰國佛日,วันพระ,Wan Phra,thai-buddhist,แรม 15 ค่ำ เดือน 8,8,30,waning,15,
1979-08-01,1979,2522,星期三,wan_phra,泰國佛日,วันพระ,Wan Phra,thai-buddhist,ขึ้น 8 ค่ำ เดือน 9,9,8,waxing,8,
1979-08-08,1979,2522,星期三,wan_phra,泰國佛日,วันพระ,Wan Phra,thai-buddhist,ขึ้น 15 ค่ำ เดือน 9,9,15,waxing,15,
1979-08-16,1979,2522,星期四,wan_phra,泰國佛日,วันพระ,Wan Phra,thai-buddhist,แรม 8 ค่ำ เดือน 9,9,23,waning,8,
1979-08-22,1979,2522,星期三,wan_phra,泰國佛日,วันพระ,Wan Phra,thai-buddhist,แรม 14 ค่ำ เดือน 9,9,29,waning,14,
1979-08-30,1979,2522,星期四,wan_phra,泰國佛日,วันพระ,Wan Phra,thai-buddhist,ขึ้น 8 ค่ำ เดือน 10,10,8,waxing,8,
1979-09-06,1979,2522,星期四,wan_phra,泰國佛日,วันพระ,Wan Phra,thai-buddhist,ขึ้น 15 ค่ำ เดือน 10,10,15,waxing,15,
1979-09-14,1979,2522,星期五,wan_phra,泰國佛日,วันพระ,Wan Phra,thai-buddhist,แรม 8 ค่ำ เดือน 10,10,23,waning,8,
1979-09-21,1979,2522,星期五,wan_phra,泰國佛日,วันพระ,Wan Phra,thai-buddhist,แรม 15 ค่ำ เดือน 10,10,30,waning,15,
1979-09-29,1979,2522,星期六,wan_phra,泰國佛日,วันพระ,Wan Phra,thai-buddhist,ขึ้น 8 ค่ำ เดือน 11,11,8,waxing,8,
1979-10-06,1979,2522,星期六,ok_phansa,出雨安居,ออกพรรษา,Ok Phansa,thai-buddhist-major,ขึ้น 15 ค่ำ เดือน 11,11,15,waxing,15,
1979-10-06,1979,2522,星期六,wan_phra,泰國佛日,วันพระ,Wan Phra,thai-buddhist,ขึ้น 15 ค่ำ เดือน 11,11,15,waxing,15,
1979-10-14,1979,2522,星期日,wan_phra,泰國佛日,วันพระ,Wan Phra,thai-buddhist,แรม 8 ค่ำ เดือน 11,11,23,waning,8,
1979-10-20,1979,2522,星期六,wan_phra,泰國佛日,วันพระ,Wan Phra,thai-buddhist,แรม 14 ค่ำ เดือน 11,11,29,waning,14,
1979-10-28,1979,2522,星期日,wan_phra,泰國佛日,วันพระ,Wan Phra,thai-buddhist,ขึ้น 8 ค่ำ เดือน 12,12,8,waxing,8,
1979-11-04,1979,2522,星期日,wan_phra,泰國佛日,วันพระ,Wan Phra,thai-buddhist,ขึ้น 15 ค่ำ เดือน 12,12,15,waxing,15,
1979-11-12,1979,2522,星期一,wan_phra,泰國佛日,วันพระ,Wan Phra,thai-buddhist,แรม 8 ค่ำ เดือน 12,12,23,waning,8,
1979-11-19,1979,2522,星期一,wan_phra,泰國佛日,วันพระ,Wan Phra,thai-buddhist,แรม 15 ค่ำ เดือน 12,12,30,waning,15,
1979-11-27,1979,2522,星期二,wan_phra,泰國佛日,วันพระ,Wan Phra,thai-buddhist,ขึ้น 8 ค่ำ เดือน 1,1,8,waxing,8,
1979-12-04,1979,2522,星期二,wan_phra,泰國佛日,วันพระ,Wan Phra,thai-buddhist,ขึ้น 15 ค่ำ เดือน 1,1,15,waxing,15,
1979-12-12,1979,2522,星期三,wan_phra,泰國佛日,วันพระ,Wan Phra,thai-buddhist,แรม 8 ค่ำ เดือน 1,1,23,waning,8,
1979-12-18,1979,2522,星期二,wan_phra,泰國佛日,วันพระ,Wan Phra,thai-buddhist,แรม 14 ค่ำ เดือน 1,1,29,waning,14,
1979-12-26,1979,2522,星期三,wan_phra,泰國佛日,วันพระ,Wan Phra,thai-buddhist,ขึ้น 8 ค่ำ เดือน 2,2,8,waxing,8,
1980-01-02,1980,2523,星期三,wan_phra,泰國佛日,วันพระ,Wan Phra,thai-buddhist,ขึ้น 15 ค่ำ เดือน 2,2,15,waxing,15,
1980-01-10,1980,2523,星期四,wan_phra,泰國佛日,วันพระ,Wan Phra,thai-buddhist,แรม 8 ค่ำ เดือน 2,2,23,waning,8,
1980-01-17,1980,2523,星期四,wan_phra,泰國佛日,วันพระ,Wan Phra,thai-buddhist,แรม 15 ค่ำ เดือน 2,2,30,waning,15,
1980-01-25,1980,2523,星期五,wan_phra,泰國佛日,วันพระ,Wan Phra,thai-buddhist,ขึ้น 8 ค่ำ เดือน 3,3,8,waxing,8,
1980-02-01,1980,2523,星期五,wan_phra,泰國佛日,วันพระ,Wan Phra,thai-buddhist,ขึ้น 15 ค่ำ เดือน 3,3,15,waxing,15,
1980-02-09,1980,2523,星期六,wan_phra,泰國佛日,วันพระ,Wan Phra,thai-buddhist,แรม 8 ค่ำ เดือน 3,3,23,waning,8,
1980-02-15,1980,2523,星期五,wan_phra,泰國佛日,วันพระ,Wan Phra,thai-buddhist,แรม 14 ค่ำ เดือน 3,3,29,waning,14,
1980-02-23,1980,2523,星期六,wan_phra,泰國佛日,วันพระ,Wan Phra,thai-buddhist,ขึ้น 8 ค่ำ เดือน 4,4,8,waxing,8,
1980-03-01,1980,2523,星期六,makha_bucha,萬佛節,มาฆบูชา,Makha Bucha,thai-buddhist-major,ขึ้น 15 ค่ำ เดือน 4,4,15,waxing,15,
1980-03-01,1980,2523,星期六,wan_phra,泰國佛日,วันพระ,Wan Phra,thai-buddhist,ขึ้น 15 ค่ำ เดือน 4,4,15,waxing,15,
1980-03-09,1980,2523,星期日,wan_phra,泰國佛日,วันพระ,Wan Phra,thai-buddhist,แรม 8 ค่ำ เดือน 4,4,23,waning,8,
1980-03-16,1980,2523,星期日,wan_phra,泰國佛日,วันพระ,Wan Phra,thai-buddhist,แรม 15 ค่ำ เดือน 4,4,30,waning,15,
1980-03-24,1980,2523,星期一,wan_phra,泰國佛日,วันพระ,Wan Phra,thai-buddhist,ขึ้น 8 ค่ำ เดือน 5,5,8,waxing,8,
1980-03-31,1980,2523,星期一,wan_phra,泰國佛日,วันพระ,Wan Phra,thai-buddhist,ขึ้น 15 ค่ำ เดือน 5,5,15,waxing,15,
1980-04-05,1980,2523,星期六,sao_ha_candidate,騷哈日候選 / 稍哈日候選,เสาร์ 5,Sao Ha candidate,thai-amulet-auspicious-day,แรม 5 ค่ำ เดือน 5,5,20,waning,5,按規則產生：星期六 + 泰國陰曆 5 月 + ขึ้น 5 ค่ำ 或 แรม 5 ค่ำ。未做人工作法會或高僧認定。
1980-04-08,1980,2523,星期二,wan_phra,泰國佛日,วันพระ,Wan Phra,thai-buddhist,แรม 8 ค่ำ เดือน 5,5,23,waning,8,
1980-04-14,1980,2523,星期一,wan_phra,泰國佛日,วันพระ,Wan Phra,thai-buddhist,แรม 14 ค่ำ เดือน 5,5,29,waning,14,
1980-04-22,1980,2523,星期二,wan_phra,泰國佛日,วันพระ,Wan Phra,thai-buddhist,ขึ้น 8 ค่ำ เดือน 6,6,8,waxing,8,
1980-04-29,1980,2523,星期二,wan_phra,泰國佛日,วันพระ,Wan Phra,thai-buddhist,ขึ้น 15 ค่ำ เดือน 6,6,15,waxing,15,
1980-05-07,1980,2523,星期三,wan_phra,泰國佛日,วันพระ,Wan Phra,thai-buddhist,แรม 8 ค่ำ เดือน 6,6,23,waning,8,
1980-05-14,1980,2523,星期三,wan_phra,泰國佛日,วันพระ,Wan Phra,thai-buddhist,แรม 15 ค่ำ เดือน 6,6,30,waning,15,
1980-05-22,1980,2523,星期四,wan_phra,泰國佛日,วันพระ,Wan Phra,thai-buddhist,ขึ้น 8 ค่ำ เดือน 7,7,8,waxing,8,
1980-05-29,1980,2523,星期四,visakha_bucha,衛塞節,วิสาขบูชา,Visakha Bucha,thai-buddhist-major,ขึ้น 15 ค่ำ เดือน 7,7,15,waxing,15,
1980-05-29,1980,2523,星期四,wan_phra,泰國佛日,วันพระ,Wan Phra,thai-buddhist,ขึ้น 15 ค่ำ เดือน 7,7,15,waxing,15,
1980-06-06,1980,2523,星期五,wan_phra,泰國佛日,วันพระ,Wan Phra,thai-buddhist,แรม 8 ค่ำ เดือน 7,7,23,waning,8,
1980-06-12,1980,2523,星期四,wan_phra,泰國佛日,วันพระ,Wan Phra,thai-buddhist,แรม 14 ค่ำ เดือน 7,7,29,waning,14,
1980-06-20,1980,2523,星期五,wan_phra,泰國佛日,วันพระ,Wan Phra,thai-buddhist,ขึ้น 8 ค่ำ เดือน 8,8,8,waxing,8,
1980-06-27,1980,2523,星期五,wan_phra,泰國佛日,วันพระ,Wan Phra,thai-buddhist,ขึ้น 15 ค่ำ เดือน 8,8,15,waxing,15,
1980-07-05,1980,2523,星期六,wan_phra,泰國佛日,วันพระ,Wan Phra,thai-buddhist,แรม 8 ค่ำ เดือน 8,8,23,waning,8,
1980-07-12,1980,2523,星期六,wan_phra,泰國佛日,วันพระ,Wan Phra,thai-buddhist,แรม 15 ค่ำ เดือน 8,8,30,waning,15,
1980-07-20,1980,2523,星期日,wan_phra,泰國佛日,วันพระ,Wan Phra,thai-buddhist,ขึ้น 8 ค่ำ เดือน 88,88,8,waxing,8,
1980-07-27,1980,2523,星期日,wan_phra,泰國佛日,วันพระ,Wan Phra,thai-buddhist,ขึ้น 15 ค่ำ เดือน 88,88,15,waxing,15,
1980-07-28,1980,2523,星期一,khao_phansa,入雨安居,เข้าพรรษา,Khao Phansa,thai-buddhist-major,แรม 1 ค่ำ เดือน 88,88,16,waning,1,
1980-08-04,1980,2523,星期一,wan_phra,泰國佛日,วันพระ,Wan Phra,thai-buddhist,แรม 8 ค่ำ เดือน 88,88,23,waning,8,
1980-08-11,1980,2523,星期一,wan_phra,泰國佛日,วันพระ,Wan Phra,thai-buddhist,แรม 15 ค่ำ เดือน 88,88,30,waning,15,
1980-08-19,1980,2523,星期二,wan_phra,泰國佛日,วันพระ,Wan Phra,thai-buddhist,ขึ้น 8 ค่ำ เดือน 9,9,8,waxing,8,
1980-08-26,1980,2523,星期二,wan_phra,泰國佛日,วันพระ,Wan Phra,thai-buddhist,ขึ้น 15 ค่ำ เดือน 9,9,15,waxing,15,
1980-09-03,1980,2523,星期三,wan_phra,泰國佛日,วันพระ,Wan Phra,thai-buddhist,แรม 8 ค่ำ เดือน 9,9,23,waning,8,
1980-09-09,1980,2523,星期二,wan_phra,泰國佛日,วันพระ,Wan Phra,thai-buddhist,แรม 14 ค่ำ เดือน 9,9,29,waning,14,
1980-09-17,1980,2523,星期三,wan_phra,泰國佛日,วันพระ,Wan Phra,thai-buddhist,ขึ้น 8 ค่ำ เดือน 10,10,8,waxing,8,
1980-09-24,1980,2523,星期三,wan_phra,泰國佛日,วันพระ,Wan Phra,thai-buddhist,ขึ้น 15 ค่ำ เดือน 10,10,15,waxing,15,
1980-10-02,1980,2523,星期四,wan_phra,泰國佛日,วันพระ,Wan Phra,thai-buddhist,แรม 8 ค่ำ เดือน 10,10,23,waning,8,
1980-10-09,1980,2523,星期四,wan_phra,泰國佛日,วันพระ,Wan Phra,thai-buddhist,แรม 15 ค่ำ เดือน 10,10,30,waning,15,
1980-10-17,1980,2523,星期五,wan_phra,泰國佛日,วันพระ,Wan Phra,thai-buddhist,ขึ้น 8 ค่ำ เดือน 11,11,8,waxing,8,
1980-10-24,1980,2523,星期五,ok_phansa,出雨安居,ออกพรรษา,Ok Phansa,thai-buddhist-major,ขึ้น 15 ค่ำ เดือน 11,11,15,waxing,15,
1980-10-24,1980,2523,星期五,wan_phra,泰國佛日,วันพระ,Wan Phra,thai-buddhist,ขึ้น 15 ค่ำ เดือน 11,11,15,waxing,15,
1980-11-01,1980,2523,星期六,wan_phra,泰國佛日,วันพระ,Wan Phra,thai-buddhist,แรม 8 ค่ำ เดือน 11,11,23,waning,8,
1980-11-07,1980,2523,星期五,wan_phra,泰國佛日,วันพระ,Wan Phra,thai-buddhist,แรม 14 ค่ำ เดือน 11,11,29,waning,14,
1980-11-15,1980,2523,星期六,wan_phra,泰國佛日,วันพระ,Wan Phra,thai-buddhist,ขึ้น 8 ค่ำ เดือน 12,12,8,waxing,8,
1980-11-22,1980,2523,星期六,wan_phra,泰國佛日,วันพระ,Wan Phra,thai-buddhist,ขึ้น 15 ค่ำ เดือน 12,12,15,waxing,15,
1980-11-30,1980,2523,星期日,wan_phra,泰國佛日,วันพระ,Wan Phra,thai-buddhist,แรม 8 ค่ำ เดือน 12,12,23,waning,8,
1980-12-07,1980,2523,星期日,wan_phra,泰國佛日,วันพระ,Wan Phra,thai-buddhist,แรม 15 ค่ำ เดือน 12,12,30,waning,15,
1980-12-15,1980,2523,星期一,wan_phra,泰國佛日,วันพระ,Wan Phra,thai-buddhist,ขึ้น 8 ค่ำ เดือน 1,1,8,waxing,8,
1980-12-22,1980,2523,星期一,wan_phra,泰國佛日,วันพระ,Wan Phra,thai-buddhist,ขึ้น 15 ค่ำ เดือน 1,1,15,waxing,15,
1980-12-30,1980,2523,星期二,wan_phra,泰國佛日,วันพระ,Wan Phra,thai-buddhist,แรม 8 ค่ำ เดือน 1,1,23,waning,8,
1981-01-05,1981,2524,星期一,wan_phra,泰國佛日,วันพระ,Wan Phra,thai-buddhist,แรม 14 ค่ำ เดือน 1,1,29,waning,14,
1981-01-13,1981,2524,星期二,wan_phra,泰國佛日,วันพระ,Wan Phra,thai-buddhist,ขึ้น 8 ค่ำ เดือน 2,2,8,waxing,8,
1981-01-20,1981,2524,星期二,wan_phra,泰國佛日,วันพระ,Wan Phra,thai-buddhist,ขึ้น 15 ค่ำ เดือน 2,2,15,waxing,15,
1981-01-28,1981,2524,星期三,wan_phra,泰國佛日,วันพระ,Wan Phra,thai-buddhist,แรม 8 ค่ำ เดือน 2,2,23,waning,8,
1981-02-04,1981,2524,星期三,wan_phra,泰國佛日,วันพระ,Wan Phra,thai-buddhist,แรม 15 ค่ำ เดือน 2,2,30,waning,15,
1981-02-12,1981,2524,星期四,wan_phra,泰國佛日,วันพระ,Wan Phra,thai-buddhist,ขึ้น 8 ค่ำ เดือน 3,3,8,waxing,8,
1981-02-19,1981,2524,星期四,makha_bucha,萬佛節,มาฆบูชา,Makha Bucha,thai-buddhist-major,ขึ้น 15 ค่ำ เดือน 3,3,15,waxing,15,
1981-02-19,1981,2524,星期四,wan_phra,泰國佛日,วันพระ,Wan Phra,thai-buddhist,ขึ้น 15 ค่ำ เดือน 3,3,15,waxing,15,
1981-02-27,1981,2524,星期五,wan_phra,泰國佛日,วันพระ,Wan Phra,thai-buddhist,แรม 8 ค่ำ เดือน 3,3,23,waning,8,
1981-03-05,1981,2524,星期四,wan_phra,泰國佛日,วันพระ,Wan Phra,thai-buddhist,แรม 14 ค่ำ เดือน 3,3,29,waning,14,
1981-03-13,1981,2524,星期五,wan_phra,泰國佛日,วันพระ,Wan Phra,thai-buddhist,ขึ้น 8 ค่ำ เดือน 4,4,8,waxing,8,
1981-03-20,1981,2524,星期五,wan_phra,泰國佛日,วันพระ,Wan Phra,thai-buddhist,ขึ้น 15 ค่ำ เดือน 4,4,15,waxing,15,
1981-03-28,1981,2524,星期六,wan_phra,泰國佛日,วันพระ,Wan Phra,thai-buddhist,แรม 8 ค่ำ เดือน 4,4,23,waning,8,
1981-04-04,1981,2524,星期六,wan_phra,泰國佛日,วันพระ,Wan Phra,thai-buddhist,แรม 15 ค่ำ เดือน 4,4,30,waning,15,
1981-04-12,1981,2524,星期日,wan_phra,泰國佛日,วันพระ,Wan Phra,thai-buddhist,ขึ้น 8 ค่ำ เดือน 5,5,8,waxing,8,
1981-04-19,1981,2524,星期日,wan_phra,泰國佛日,วันพระ,Wan Phra,thai-buddhist,ขึ้น 15 ค่ำ เดือน 5,5,15,waxing,15,
1981-04-27,1981,2524,星期一,wan_phra,泰國佛日,วันพระ,Wan Phra,thai-buddhist,แรม 8 ค่ำ เดือน 5,5,23,waning,8,
1981-05-03,1981,2524,星期日,wan_phra,泰國佛日,วันพระ,Wan Phra,thai-buddhist,แรม 14 ค่ำ เดือน 5,5,29,waning,14,
1981-05-11,1981,2524,星期一,wan_phra,泰國佛日,วันพระ,Wan Phra,thai-buddhist,ขึ้น 8 ค่ำ เดือน 6,6,8,waxing,8,
1981-05-18,1981,2524,星期一,visakha_bucha,衛塞節,วิสาขบูชา,Visakha Bucha,thai-buddhist-major,ขึ้น 15 ค่ำ เดือน 6,6,15,waxing,15,
1981-05-18,1981,2524,星期一,wan_phra,泰國佛日,วันพระ,Wan Phra,thai-buddhist,ขึ้น 15 ค่ำ เดือน 6,6,15,waxing,15,
1981-05-26,1981,2524,星期二,wan_phra,泰國佛日,วันพระ,Wan Phra,thai-buddhist,แรม 8 ค่ำ เดือน 6,6,23,waning,8,
1981-06-02,1981,2524,星期二,wan_phra,泰國佛日,วันพระ,Wan Phra,thai-buddhist,แรม 15 ค่ำ เดือน 6,6,30,waning,15,
1981-06-10,1981,2524,星期三,wan_phra,泰國佛日,วันพระ,Wan Phra,thai-buddhist,ขึ้น 8 ค่ำ เดือน 7,7,8,waxing,8,
1981-06-17,1981,2524,星期三,wan_phra,泰國佛日,วันพระ,Wan Phra,thai-buddhist,ขึ้น 15 ค่ำ เดือน 7,7,15,waxing,15,
1981-06-25,1981,2524,星期四,wan_phra,泰國佛日,วันพระ,Wan Phra,thai-buddhist,แรม 8 ค่ำ เดือน 7,7,23,waning,8,
1981-07-01,1981,2524,星期三,wan_phra,泰國佛日,วันพระ,Wan Phra,thai-buddhist,แรม 14 ค่ำ เดือน 7,7,29,waning,14,
1981-07-09,1981,2524,星期四,wan_phra,泰國佛日,วันพระ,Wan Phra,thai-buddhist,ขึ้น 8 ค่ำ เดือน 8,8,8,waxing,8,
1981-07-16,1981,2524,星期四,wan_phra,泰國佛日,วันพระ,Wan Phra,thai-buddhist,ขึ้น 15 ค่ำ เดือน 8,8,15,waxing,15,
1981-07-17,1981,2524,星期五,khao_phansa,入雨安居,เข้าพรรษา,Khao Phansa,thai-buddhist-major,แรม 1 ค่ำ เดือน 8,8,16,waning,1,
1981-07-24,1981,2524,星期五,wan_phra,泰國佛日,วันพระ,Wan Phra,thai-buddhist,แรม 8 ค่ำ เดือน 8,8,23,waning,8,
1981-07-31,1981,2524,星期五,wan_phra,泰國佛日,วันพระ,Wan Phra,thai-buddhist,แรม 15 ค่ำ เดือน 8,8,30,waning,15,
1981-08-08,1981,2524,星期六,wan_phra,泰國佛日,วันพระ,Wan Phra,thai-buddhist,ขึ้น 8 ค่ำ เดือน 9,9,8,waxing,8,
1981-08-15,1981,2524,星期六,wan_phra,泰國佛日,วันพระ,Wan Phra,thai-buddhist,ขึ้น 15 ค่ำ เดือน 9,9,15,waxing,15,
1981-08-23,1981,2524,星期日,wan_phra,泰國佛日,วันพระ,Wan Phra,thai-buddhist,แรม 8 ค่ำ เดือน 9,9,23,waning,8,
1981-08-29,1981,2524,星期六,wan_phra,泰國佛日,วันพระ,Wan Phra,thai-buddhist,แรม 14 ค่ำ เดือน 9,9,29,waning,14,
1981-09-06,1981,2524,星期日,wan_phra,泰國佛日,วันพระ,Wan Phra,thai-buddhist,ขึ้น 8 ค่ำ เดือน 10,10,8,waxing,8,
1981-09-13,1981,2524,星期日,wan_phra,泰國佛日,วันพระ,Wan Phra,thai-buddhist,ขึ้น 15 ค่ำ เดือน 10,10,15,waxing,15,
1981-09-21,1981,2524,星期一,wan_phra,泰國佛日,วันพระ,Wan Phra,thai-buddhist,แรม 8 ค่ำ เดือน 10,10,23,waning,8,
1981-09-28,1981,2524,星期一,wan_phra,泰國佛日,วันพระ,Wan Phra,thai-buddhist,แรม 15 ค่ำ เดือน 10,10,30,waning,15,
1981-10-06,1981,2524,星期二,wan_phra,泰國佛日,วันพระ,Wan Phra,thai-buddhist,ขึ้น 8 ค่ำ เดือน 11,11,8,waxing,8,
1981-10-13,1981,2524,星期二,ok_phansa,出雨安居,ออกพรรษา,Ok Phansa,thai-buddhist-major,ขึ้น 15 ค่ำ เดือน 11,11,15,waxing,15,
1981-10-13,1981,2524,星期二,wan_phra,泰國佛日,วันพระ,Wan Phra,thai-buddhist,ขึ้น 15 ค่ำ เดือน 11,11,15,waxing,15,
1981-10-21,1981,2524,星期三,wan_phra,泰國佛日,วันพระ,Wan Phra,thai-buddhist,แรม 8 ค่ำ เดือน 11,11,23,waning,8,
1981-10-27,1981,2524,星期二,wan_phra,泰國佛日,วันพระ,Wan Phra,thai-buddhist,แรม 14 ค่ำ เดือน 11,11,29,waning,14,
1981-11-04,1981,2524,星期三,wan_phra,泰國佛日,วันพระ,Wan Phra,thai-buddhist,ขึ้น 8 ค่ำ เดือน 12,12,8,waxing,8,
1981-11-11,1981,2524,星期三,wan_phra,泰國佛日,วันพระ,Wan Phra,thai-buddhist,ขึ้น 15 ค่ำ เดือน 12,12,15,waxing,15,
1981-11-19,1981,2524,星期四,wan_phra,泰國佛日,วันพระ,Wan Phra,thai-buddhist,แรม 8 ค่ำ เดือน 12,12,23,waning,8,
1981-11-26,1981,2524,星期四,wan_phra,泰國佛日,วันพระ,Wan Phra,thai-buddhist,แรม 15 ค่ำ เดือน 12,12,30,waning,15,
1981-12-04,1981,2524,星期五,wan_phra,泰國佛日,วันพระ,Wan Phra,thai-buddhist,ขึ้น 8 ค่ำ เดือน 1,1,8,waxing,8,
1981-12-11,1981,2524,星期五,wan_phra,泰國佛日,วันพระ,Wan Phra,thai-buddhist,ขึ้น 15 ค่ำ เดือน 1,1,15,waxing,15,
1981-12-19,1981,2524,星期六,wan_phra,泰國佛日,วันพระ,Wan Phra,thai-buddhist,แรม 8 ค่ำ เดือน 1,1,23,waning,8,
1981-12-25,1981,2524,星期五,wan_phra,泰國佛日,วันพระ,Wan Phra,thai-buddhist,แรม 14 ค่ำ เดือน 1,1,29,waning,14,
1982-01-02,1982,2525,星期六,wan_phra,泰國佛日,วันพระ,Wan Phra,thai-buddhist,ขึ้น 8 ค่ำ เดือน 2,2,8,waxing,8,
1982-01-09,1982,2525,星期六,wan_phra,泰國佛日,วันพระ,Wan Phra,thai-buddhist,ขึ้น 15 ค่ำ เดือน 2,2,15,waxing,15,
1982-01-17,1982,2525,星期日,wan_phra,泰國佛日,วันพระ,Wan Phra,thai-buddhist,แรม 8 ค่ำ เดือน 2,2,23,waning,8,
1982-01-24,1982,2525,星期日,wan_phra,泰國佛日,วันพระ,Wan Phra,thai-buddhist,แรม 15 ค่ำ เดือน 2,2,30,waning,15,
1982-02-01,1982,2525,星期一,wan_phra,泰國佛日,วันพระ,Wan Phra,thai-buddhist,ขึ้น 8 ค่ำ เดือน 3,3,8,waxing,8,
1982-02-08,1982,2525,星期一,makha_bucha,萬佛節,มาฆบูชา,Makha Bucha,thai-buddhist-major,ขึ้น 15 ค่ำ เดือน 3,3,15,waxing,15,
1982-02-08,1982,2525,星期一,wan_phra,泰國佛日,วันพระ,Wan Phra,thai-buddhist,ขึ้น 15 ค่ำ เดือน 3,3,15,waxing,15,
1982-02-16,1982,2525,星期二,wan_phra,泰國佛日,วันพระ,Wan Phra,thai-buddhist,แรม 8 ค่ำ เดือน 3,3,23,waning,8,
1982-02-22,1982,2525,星期一,wan_phra,泰國佛日,วันพระ,Wan Phra,thai-buddhist,แรม 14 ค่ำ เดือน 3,3,29,waning,14,
1982-03-02,1982,2525,星期二,wan_phra,泰國佛日,วันพระ,Wan Phra,thai-buddhist,ขึ้น 8 ค่ำ เดือน 4,4,8,waxing,8,
1982-03-09,1982,2525,星期二,wan_phra,泰國佛日,วันพระ,Wan Phra,thai-buddhist,ขึ้น 15 ค่ำ เดือน 4,4,15,waxing,15,
1982-03-17,1982,2525,星期三,wan_phra,泰國佛日,วันพระ,Wan Phra,thai-buddhist,แรม 8 ค่ำ เดือน 4,4,23,waning,8,
1982-03-24,1982,2525,星期三,wan_phra,泰國佛日,วันพระ,Wan Phra,thai-buddhist,แรม 15 ค่ำ เดือน 4,4,30,waning,15,
1982-04-01,1982,2525,星期四,wan_phra,泰國佛日,วันพระ,Wan Phra,thai-buddhist,ขึ้น 8 ค่ำ เดือน 5,5,8,waxing,8,
1982-04-08,1982,2525,星期四,wan_phra,泰國佛日,วันพระ,Wan Phra,thai-buddhist,ขึ้น 15 ค่ำ เดือน 5,5,15,waxing,15,
1982-04-16,1982,2525,星期五,wan_phra,泰國佛日,วันพระ,Wan Phra,thai-buddhist,แรม 8 ค่ำ เดือน 5,5,23,waning,8,
1982-04-22,1982,2525,星期四,wan_phra,泰國佛日,วันพระ,Wan Phra,thai-buddhist,แรม 14 ค่ำ เดือน 5,5,29,waning,14,
1982-04-30,1982,2525,星期五,wan_phra,泰國佛日,วันพระ,Wan Phra,thai-buddhist,ขึ้น 8 ค่ำ เดือน 6,6,8,waxing,8,
1982-05-07,1982,2525,星期五,visakha_bucha,衛塞節,วิสาขบูชา,Visakha Bucha,thai-buddhist-major,ขึ้น 15 ค่ำ เดือน 6,6,15,waxing,15,
1982-05-07,1982,2525,星期五,wan_phra,泰國佛日,วันพระ,Wan Phra,thai-buddhist,ขึ้น 15 ค่ำ เดือน 6,6,15,waxing,15,
1982-05-15,1982,2525,星期六,wan_phra,泰國佛日,วันพระ,Wan Phra,thai-buddhist,แรม 8 ค่ำ เดือน 6,6,23,waning,8,
1982-05-22,1982,2525,星期六,wan_phra,泰國佛日,วันพระ,Wan Phra,thai-buddhist,แรม 15 ค่ำ เดือน 6,6,30,waning,15,
1982-05-30,1982,2525,星期日,wan_phra,泰國佛日,วันพระ,Wan Phra,thai-buddhist,ขึ้น 8 ค่ำ เดือน 7,7,8,waxing,8,
1982-06-06,1982,2525,星期日,wan_phra,泰國佛日,วันพระ,Wan Phra,thai-buddhist,ขึ้น 15 ค่ำ เดือน 7,7,15,waxing,15,
1982-06-14,1982,2525,星期一,wan_phra,泰國佛日,วันพระ,Wan Phra,thai-buddhist,แรม 8 ค่ำ เดือน 7,7,23,waning,8,
1982-06-20,1982,2525,星期日,wan_phra,泰國佛日,วันพระ,Wan Phra,thai-buddhist,แรม 14 ค่ำ เดือน 7,7,29,waning,14,
1982-06-28,1982,2525,星期一,wan_phra,泰國佛日,วันพระ,Wan Phra,thai-buddhist,ขึ้น 8 ค่ำ เดือน 8,8,8,waxing,8,
1982-07-05,1982,2525,星期一,wan_phra,泰國佛日,วันพระ,Wan Phra,thai-buddhist,ขึ้น 15 ค่ำ เดือน 8,8,15,waxing,15,
1982-07-06,1982,2525,星期二,khao_phansa,入雨安居,เข้าพรรษา,Khao Phansa,thai-buddhist-major,แรม 1 ค่ำ เดือน 8,8,16,waning,1,
1982-07-13,1982,2525,星期二,wan_phra,泰國佛日,วันพระ,Wan Phra,thai-buddhist,แรม 8 ค่ำ เดือน 8,8,23,waning,8,
1982-07-20,1982,2525,星期二,wan_phra,泰國佛日,วันพระ,Wan Phra,thai-buddhist,แรม 15 ค่ำ เดือน 8,8,30,waning,15,
1982-07-28,1982,2525,星期三,wan_phra,泰國佛日,วันพระ,Wan Phra,thai-buddhist,ขึ้น 8 ค่ำ เดือน 9,9,8,waxing,8,
1982-08-04,1982,2525,星期三,wan_phra,泰國佛日,วันพระ,Wan Phra,thai-buddhist,ขึ้น 15 ค่ำ เดือน 9,9,15,waxing,15,
1982-08-12,1982,2525,星期四,wan_phra,泰國佛日,วันพระ,Wan Phra,thai-buddhist,แรม 8 ค่ำ เดือน 9,9,23,waning,8,
1982-08-18,1982,2525,星期三,wan_phra,泰國佛日,วันพระ,Wan Phra,thai-buddhist,แรม 14 ค่ำ เดือน 9,9,29,waning,14,
1982-08-26,1982,2525,星期四,wan_phra,泰國佛日,วันพระ,Wan Phra,thai-buddhist,ขึ้น 8 ค่ำ เดือน 10,10,8,waxing,8,
1982-09-02,1982,2525,星期四,wan_phra,泰國佛日,วันพระ,Wan Phra,thai-buddhist,ขึ้น 15 ค่ำ เดือน 10,10,15,waxing,15,
1982-09-10,1982,2525,星期五,wan_phra,泰國佛日,วันพระ,Wan Phra,thai-buddhist,แรม 8 ค่ำ เดือน 10,10,23,waning,8,
1982-09-17,1982,2525,星期五,wan_phra,泰國佛日,วันพระ,Wan Phra,thai-buddhist,แรม 15 ค่ำ เดือน 10,10,30,waning,15,
1982-09-25,1982,2525,星期六,wan_phra,泰國佛日,วันพระ,Wan Phra,thai-buddhist,ขึ้น 8 ค่ำ เดือน 11,11,8,waxing,8,
1982-10-02,1982,2525,星期六,ok_phansa,出雨安居,ออกพรรษา,Ok Phansa,thai-buddhist-major,ขึ้น 15 ค่ำ เดือน 11,11,15,waxing,15,
1982-10-02,1982,2525,星期六,wan_phra,泰國佛日,วันพระ,Wan Phra,thai-buddhist,ขึ้น 15 ค่ำ เดือน 11,11,15,waxing,15,
1982-10-10,1982,2525,星期日,wan_phra,泰國佛日,วันพระ,Wan Phra,thai-buddhist,แรม 8 ค่ำ เดือน 11,11,23,waning,8,
1982-10-16,1982,2525,星期六,wan_phra,泰國佛日,วันพระ,Wan Phra,thai-buddhist,แรม 14 ค่ำ เดือน 11,11,29,waning,14,
1982-10-24,1982,2525,星期日,wan_phra,泰國佛日,วันพระ,Wan Phra,thai-buddhist,ขึ้น 8 ค่ำ เดือน 12,12,8,waxing,8,
1982-10-31,1982,2525,星期日,wan_phra,泰國佛日,วันพระ,Wan Phra,thai-buddhist,ขึ้น 15 ค่ำ เดือน 12,12,15,waxing,15,
1982-11-08,1982,2525,星期一,wan_phra,泰國佛日,วันพระ,Wan Phra,thai-buddhist,แรม 8 ค่ำ เดือน 12,12,23,waning,8,
1982-11-15,1982,2525,星期一,wan_phra,泰國佛日,วันพระ,Wan Phra,thai-buddhist,แรม 15 ค่ำ เดือน 12,12,30,waning,15,
1982-11-23,1982,2525,星期二,wan_phra,泰國佛日,วันพระ,Wan Phra,thai-buddhist,ขึ้น 8 ค่ำ เดือน 1,1,8,waxing,8,
1982-11-30,1982,2525,星期二,wan_phra,泰國佛日,วันพระ,Wan Phra,thai-buddhist,ขึ้น 15 ค่ำ เดือน 1,1,15,waxing,15,
1982-12-08,1982,2525,星期三,wan_phra,泰國佛日,วันพระ,Wan Phra,thai-buddhist,แรม 8 ค่ำ เดือน 1,1,23,waning,8,
1982-12-14,1982,2525,星期二,wan_phra,泰國佛日,วันพระ,Wan Phra,thai-buddhist,แรม 14 ค่ำ เดือน 1,1,29,waning,14,
1982-12-22,1982,2525,星期三,wan_phra,泰國佛日,วันพระ,Wan Phra,thai-buddhist,ขึ้น 8 ค่ำ เดือน 2,2,8,waxing,8,
1982-12-29,1982,2525,星期三,wan_phra,泰國佛日,วันพระ,Wan Phra,thai-buddhist,ขึ้น 15 ค่ำ เดือน 2,2,15,waxing,15,
1983-01-06,1983,2526,星期四,wan_phra,泰國佛日,วันพระ,Wan Phra,thai-buddhist,แรม 8 ค่ำ เดือน 2,2,23,waning,8,
1983-01-13,1983,2526,星期四,wan_phra,泰國佛日,วันพระ,Wan Phra,thai-buddhist,แรม 15 ค่ำ เดือน 2,2,30,waning,15,
1983-01-21,1983,2526,星期五,wan_phra,泰國佛日,วันพระ,Wan Phra,thai-buddhist,ขึ้น 8 ค่ำ เดือน 3,3,8,waxing,8,
1983-01-28,1983,2526,星期五,wan_phra,泰國佛日,วันพระ,Wan Phra,thai-buddhist,ขึ้น 15 ค่ำ เดือน 3,3,15,waxing,15,
1983-02-05,1983,2526,星期六,wan_phra,泰國佛日,วันพระ,Wan Phra,thai-buddhist,แรม 8 ค่ำ เดือน 3,3,23,waning,8,
1983-02-11,1983,2526,星期五,wan_phra,泰國佛日,วันพระ,Wan Phra,thai-buddhist,แรม 14 ค่ำ เดือน 3,3,29,waning,14,
1983-02-19,1983,2526,星期六,wan_phra,泰國佛日,วันพระ,Wan Phra,thai-buddhist,ขึ้น 8 ค่ำ เดือน 4,4,8,waxing,8,
1983-02-26,1983,2526,星期六,makha_bucha,萬佛節,มาฆบูชา,Makha Bucha,thai-buddhist-major,ขึ้น 15 ค่ำ เดือน 4,4,15,waxing,15,
1983-02-26,1983,2526,星期六,wan_phra,泰國佛日,วันพระ,Wan Phra,thai-buddhist,ขึ้น 15 ค่ำ เดือน 4,4,15,waxing,15,
1983-03-06,1983,2526,星期日,wan_phra,泰國佛日,วันพระ,Wan Phra,thai-buddhist,แรม 8 ค่ำ เดือน 4,4,23,waning,8,
1983-03-13,1983,2526,星期日,wan_phra,泰國佛日,วันพระ,Wan Phra,thai-buddhist,แรม 15 ค่ำ เดือน 4,4,30,waning,15,
1983-03-21,1983,2526,星期一,wan_phra,泰國佛日,วันพระ,Wan Phra,thai-buddhist,ขึ้น 8 ค่ำ เดือน 5,5,8,waxing,8,
1983-03-28,1983,2526,星期一,wan_phra,泰國佛日,วันพระ,Wan Phra,thai-buddhist,ขึ้น 15 ค่ำ เดือน 5,5,15,waxing,15,
1983-04-02,1983,2526,星期六,sao_ha_candidate,騷哈日候選 / 稍哈日候選,เสาร์ 5,Sao Ha candidate,thai-amulet-auspicious-day,แรม 5 ค่ำ เดือน 5,5,20,waning,5,按規則產生：星期六 + 泰國陰曆 5 月 + ขึ้น 5 ค่ำ 或 แรม 5 ค่ำ。未做人工作法會或高僧認定。
1983-04-05,1983,2526,星期二,wan_phra,泰國佛日,วันพระ,Wan Phra,thai-buddhist,แรม 8 ค่ำ เดือน 5,5,23,waning,8,
1983-04-11,1983,2526,星期一,wan_phra,泰國佛日,วันพระ,Wan Phra,thai-buddhist,แรม 14 ค่ำ เดือน 5,5,29,waning,14,
1983-04-19,1983,2526,星期二,wan_phra,泰國佛日,วันพระ,Wan Phra,thai-buddhist,ขึ้น 8 ค่ำ เดือน 6,6,8,waxing,8,
1983-04-26,1983,2526,星期二,wan_phra,泰國佛日,วันพระ,Wan Phra,thai-buddhist,ขึ้น 15 ค่ำ เดือน 6,6,15,waxing,15,
1983-05-04,1983,2526,星期三,wan_phra,泰國佛日,วันพระ,Wan Phra,thai-buddhist,แรม 8 ค่ำ เดือน 6,6,23,waning,8,
1983-05-11,1983,2526,星期三,wan_phra,泰國佛日,วันพระ,Wan Phra,thai-buddhist,แรม 15 ค่ำ เดือน 6,6,30,waning,15,
1983-05-19,1983,2526,星期四,wan_phra,泰國佛日,วันพระ,Wan Phra,thai-buddhist,ขึ้น 8 ค่ำ เดือน 7,7,8,waxing,8,
1983-05-26,1983,2526,星期四,visakha_bucha,衛塞節,วิสาขบูชา,Visakha Bucha,thai-buddhist-major,ขึ้น 15 ค่ำ เดือน 7,7,15,waxing,15,
1983-05-26,1983,2526,星期四,wan_phra,泰國佛日,วันพระ,Wan Phra,thai-buddhist,ขึ้น 15 ค่ำ เดือน 7,7,15,waxing,15,
1983-06-03,1983,2526,星期五,wan_phra,泰國佛日,วันพระ,Wan Phra,thai-buddhist,แรม 8 ค่ำ เดือน 7,7,23,waning,8,
1983-06-09,1983,2526,星期四,wan_phra,泰國佛日,วันพระ,Wan Phra,thai-buddhist,แรม 14 ค่ำ เดือน 7,7,29,waning,14,
1983-06-17,1983,2526,星期五,wan_phra,泰國佛日,วันพระ,Wan Phra,thai-buddhist,ขึ้น 8 ค่ำ เดือน 8,8,8,waxing,8,
1983-06-24,1983,2526,星期五,wan_phra,泰國佛日,วันพระ,Wan Phra,thai-buddhist,ขึ้น 15 ค่ำ เดือน 8,8,15,waxing,15,
1983-07-02,1983,2526,星期六,wan_phra,泰國佛日,วันพระ,Wan Phra,thai-buddhist,แรม 8 ค่ำ เดือน 8,8,23,waning,8,
1983-07-09,1983,2526,星期六,wan_phra,泰國佛日,วันพระ,Wan Phra,thai-buddhist,แรม 15 ค่ำ เดือน 8,8,30,waning,15,
1983-07-17,1983,2526,星期日,wan_phra,泰國佛日,วันพระ,Wan Phra,thai-buddhist,ขึ้น 8 ค่ำ เดือน 88,88,8,waxing,8,
1983-07-24,1983,2526,星期日,wan_phra,泰國佛日,วันพระ,Wan Phra,thai-buddhist,ขึ้น 15 ค่ำ เดือน 88,88,15,waxing,15,
1983-07-25,1983,2526,星期一,khao_phansa,入雨安居,เข้าพรรษา,Khao Phansa,thai-buddhist-major,แรม 1 ค่ำ เดือน 88,88,16,waning,1,
1983-08-01,1983,2526,星期一,wan_phra,泰國佛日,วันพระ,Wan Phra,thai-buddhist,แรม 8 ค่ำ เดือน 88,88,23,waning,8,
1983-08-08,1983,2526,星期一,wan_phra,泰國佛日,วันพระ,Wan Phra,thai-buddhist,แรม 15 ค่ำ เดือน 88,88,30,waning,15,
1983-08-16,1983,2526,星期二,wan_phra,泰國佛日,วันพระ,Wan Phra,thai-buddhist,ขึ้น 8 ค่ำ เดือน 9,9,8,waxing,8,
1983-08-23,1983,2526,星期二,wan_phra,泰國佛日,วันพระ,Wan Phra,thai-buddhist,ขึ้น 15 ค่ำ เดือน 9,9,15,waxing,15,
1983-08-31,1983,2526,星期三,wan_phra,泰國佛日,วันพระ,Wan Phra,thai-buddhist,แรม 8 ค่ำ เดือน 9,9,23,waning,8,
1983-09-06,1983,2526,星期二,wan_phra,泰國佛日,วันพระ,Wan Phra,thai-buddhist,แรม 14 ค่ำ เดือน 9,9,29,waning,14,
1983-09-14,1983,2526,星期三,wan_phra,泰國佛日,วันพระ,Wan Phra,thai-buddhist,ขึ้น 8 ค่ำ เดือน 10,10,8,waxing,8,
1983-09-21,1983,2526,星期三,wan_phra,泰國佛日,วันพระ,Wan Phra,thai-buddhist,ขึ้น 15 ค่ำ เดือน 10,10,15,waxing,15,
1983-09-29,1983,2526,星期四,wan_phra,泰國佛日,วันพระ,Wan Phra,thai-buddhist,แรม 8 ค่ำ เดือน 10,10,23,waning,8,
1983-10-06,1983,2526,星期四,wan_phra,泰國佛日,วันพระ,Wan Phra,thai-buddhist,แรม 15 ค่ำ เดือน 10,10,30,waning,15,
1983-10-14,1983,2526,星期五,wan_phra,泰國佛日,วันพระ,Wan Phra,thai-buddhist,ขึ้น 8 ค่ำ เดือน 11,11,8,waxing,8,
1983-10-21,1983,2526,星期五,ok_phansa,出雨安居,ออกพรรษา,Ok Phansa,thai-buddhist-major,ขึ้น 15 ค่ำ เดือน 11,11,15,waxing,15,
1983-10-21,1983,2526,星期五,wan_phra,泰國佛日,วันพระ,Wan Phra,thai-buddhist,ขึ้น 15 ค่ำ เดือน 11,11,15,waxing,15,
1983-10-29,1983,2526,星期六,wan_phra,泰國佛日,วันพระ,Wan Phra,thai-buddhist,แรม 8 ค่ำ เดือน 11,11,23,waning,8,
1983-11-04,1983,2526,星期五,wan_phra,泰國佛日,วันพระ,Wan Phra,thai-buddhist,แรม 14 ค่ำ เดือน 11,11,29,waning,14,
1983-11-12,1983,2526,星期六,wan_phra,泰國佛日,วันพระ,Wan Phra,thai-buddhist,ขึ้น 8 ค่ำ เดือน 12,12,8,waxing,8,
1983-11-19,1983,2526,星期六,wan_phra,泰國佛日,วันพระ,Wan Phra,thai-buddhist,ขึ้น 15 ค่ำ เดือน 12,12,15,waxing,15,
1983-11-27,1983,2526,星期日,wan_phra,泰國佛日,วันพระ,Wan Phra,thai-buddhist,แรม 8 ค่ำ เดือน 12,12,23,waning,8,
1983-12-04,1983,2526,星期日,wan_phra,泰國佛日,วันพระ,Wan Phra,thai-buddhist,แรม 15 ค่ำ เดือน 12,12,30,waning,15,
1983-12-12,1983,2526,星期一,wan_phra,泰國佛日,วันพระ,Wan Phra,thai-buddhist,ขึ้น 8 ค่ำ เดือน 1,1,8,waxing,8,
1983-12-19,1983,2526,星期一,wan_phra,泰國佛日,วันพระ,Wan Phra,thai-buddhist,ขึ้น 15 ค่ำ เดือน 1,1,15,waxing,15,
1983-12-27,1983,2526,星期二,wan_phra,泰國佛日,วันพระ,Wan Phra,thai-buddhist,แรม 8 ค่ำ เดือน 1,1,23,waning,8,
1984-01-02,1984,2527,星期一,wan_phra,泰國佛日,วันพระ,Wan Phra,thai-buddhist,แรม 14 ค่ำ เดือน 1,1,29,waning,14,
1984-01-10,1984,2527,星期二,wan_phra,泰國佛日,วันพระ,Wan Phra,thai-buddhist,ขึ้น 8 ค่ำ เดือน 2,2,8,waxing,8,
1984-01-17,1984,2527,星期二,wan_phra,泰國佛日,วันพระ,Wan Phra,thai-buddhist,ขึ้น 15 ค่ำ เดือน 2,2,15,waxing,15,
1984-01-25,1984,2527,星期三,wan_phra,泰國佛日,วันพระ,Wan Phra,thai-buddhist,แรม 8 ค่ำ เดือน 2,2,23,waning,8,
1984-02-01,1984,2527,星期三,wan_phra,泰國佛日,วันพระ,Wan Phra,thai-buddhist,แรม 15 ค่ำ เดือน 2,2,30,waning,15,
1984-02-09,1984,2527,星期四,wan_phra,泰國佛日,วันพระ,Wan Phra,thai-buddhist,ขึ้น 8 ค่ำ เดือน 3,3,8,waxing,8,
1984-02-16,1984,2527,星期四,makha_bucha,萬佛節,มาฆบูชา,Makha Bucha,thai-buddhist-major,ขึ้น 15 ค่ำ เดือน 3,3,15,waxing,15,
1984-02-16,1984,2527,星期四,wan_phra,泰國佛日,วันพระ,Wan Phra,thai-buddhist,ขึ้น 15 ค่ำ เดือน 3,3,15,waxing,15,
1984-02-24,1984,2527,星期五,wan_phra,泰國佛日,วันพระ,Wan Phra,thai-buddhist,แรม 8 ค่ำ เดือน 3,3,23,waning,8,
1984-03-01,1984,2527,星期四,wan_phra,泰國佛日,วันพระ,Wan Phra,thai-buddhist,แรม 14 ค่ำ เดือน 3,3,29,waning,14,
1984-03-09,1984,2527,星期五,wan_phra,泰國佛日,วันพระ,Wan Phra,thai-buddhist,ขึ้น 8 ค่ำ เดือน 4,4,8,waxing,8,
1984-03-16,1984,2527,星期五,wan_phra,泰國佛日,วันพระ,Wan Phra,thai-buddhist,ขึ้น 15 ค่ำ เดือน 4,4,15,waxing,15,
1984-03-24,1984,2527,星期六,wan_phra,泰國佛日,วันพระ,Wan Phra,thai-buddhist,แรม 8 ค่ำ เดือน 4,4,23,waning,8,
1984-03-31,1984,2527,星期六,wan_phra,泰國佛日,วันพระ,Wan Phra,thai-buddhist,แรม 15 ค่ำ เดือน 4,4,30,waning,15,
1984-04-08,1984,2527,星期日,wan_phra,泰國佛日,วันพระ,Wan Phra,thai-buddhist,ขึ้น 8 ค่ำ เดือน 5,5,8,waxing,8,
1984-04-15,1984,2527,星期日,wan_phra,泰國佛日,วันพระ,Wan Phra,thai-buddhist,ขึ้น 15 ค่ำ เดือน 5,5,15,waxing,15,
1984-04-23,1984,2527,星期一,wan_phra,泰國佛日,วันพระ,Wan Phra,thai-buddhist,แรม 8 ค่ำ เดือน 5,5,23,waning,8,
1984-04-29,1984,2527,星期日,wan_phra,泰國佛日,วันพระ,Wan Phra,thai-buddhist,แรม 14 ค่ำ เดือน 5,5,29,waning,14,
1984-05-07,1984,2527,星期一,wan_phra,泰國佛日,วันพระ,Wan Phra,thai-buddhist,ขึ้น 8 ค่ำ เดือน 6,6,8,waxing,8,
1984-05-14,1984,2527,星期一,visakha_bucha,衛塞節,วิสาขบูชา,Visakha Bucha,thai-buddhist-major,ขึ้น 15 ค่ำ เดือน 6,6,15,waxing,15,
1984-05-14,1984,2527,星期一,wan_phra,泰國佛日,วันพระ,Wan Phra,thai-buddhist,ขึ้น 15 ค่ำ เดือน 6,6,15,waxing,15,
1984-05-22,1984,2527,星期二,wan_phra,泰國佛日,วันพระ,Wan Phra,thai-buddhist,แรม 8 ค่ำ เดือน 6,6,23,waning,8,
1984-05-29,1984,2527,星期二,wan_phra,泰國佛日,วันพระ,Wan Phra,thai-buddhist,แรม 15 ค่ำ เดือน 6,6,30,waning,15,
1984-06-06,1984,2527,星期三,wan_phra,泰國佛日,วันพระ,Wan Phra,thai-buddhist,ขึ้น 8 ค่ำ เดือน 7,7,8,waxing,8,
1984-06-13,1984,2527,星期三,wan_phra,泰國佛日,วันพระ,Wan Phra,thai-buddhist,ขึ้น 15 ค่ำ เดือน 7,7,15,waxing,15,
1984-06-21,1984,2527,星期四,wan_phra,泰國佛日,วันพระ,Wan Phra,thai-buddhist,แรม 8 ค่ำ เดือน 7,7,23,waning,8,
1984-06-28,1984,2527,星期四,wan_phra,泰國佛日,วันพระ,Wan Phra,thai-buddhist,แรม 15 ค่ำ เดือน 7,7,30,waning,15,
1984-07-06,1984,2527,星期五,wan_phra,泰國佛日,วันพระ,Wan Phra,thai-buddhist,ขึ้น 8 ค่ำ เดือน 8,8,8,waxing,8,
1984-07-13,1984,2527,星期五,wan_phra,泰國佛日,วันพระ,Wan Phra,thai-buddhist,ขึ้น 15 ค่ำ เดือน 8,8,15,waxing,15,
1984-07-14,1984,2527,星期六,khao_phansa,入雨安居,เข้าพรรษา,Khao Phansa,thai-buddhist-major,แรม 1 ค่ำ เดือน 8,8,16,waning,1,
1984-07-21,1984,2527,星期六,wan_phra,泰國佛日,วันพระ,Wan Phra,thai-buddhist,แรม 8 ค่ำ เดือน 8,8,23,waning,8,
1984-07-28,1984,2527,星期六,wan_phra,泰國佛日,วันพระ,Wan Phra,thai-buddhist,แรม 15 ค่ำ เดือน 8,8,30,waning,15,
1984-08-05,1984,2527,星期日,wan_phra,泰國佛日,วันพระ,Wan Phra,thai-buddhist,ขึ้น 8 ค่ำ เดือน 9,9,8,waxing,8,
1984-08-12,1984,2527,星期日,wan_phra,泰國佛日,วันพระ,Wan Phra,thai-buddhist,ขึ้น 15 ค่ำ เดือน 9,9,15,waxing,15,
1984-08-20,1984,2527,星期一,wan_phra,泰國佛日,วันพระ,Wan Phra,thai-buddhist,แรม 8 ค่ำ เดือน 9,9,23,waning,8,
1984-08-26,1984,2527,星期日,wan_phra,泰國佛日,วันพระ,Wan Phra,thai-buddhist,แรม 14 ค่ำ เดือน 9,9,29,waning,14,
1984-09-03,1984,2527,星期一,wan_phra,泰國佛日,วันพระ,Wan Phra,thai-buddhist,ขึ้น 8 ค่ำ เดือน 10,10,8,waxing,8,
1984-09-10,1984,2527,星期一,wan_phra,泰國佛日,วันพระ,Wan Phra,thai-buddhist,ขึ้น 15 ค่ำ เดือน 10,10,15,waxing,15,
1984-09-18,1984,2527,星期二,wan_phra,泰國佛日,วันพระ,Wan Phra,thai-buddhist,แรม 8 ค่ำ เดือน 10,10,23,waning,8,
1984-09-25,1984,2527,星期二,wan_phra,泰國佛日,วันพระ,Wan Phra,thai-buddhist,แรม 15 ค่ำ เดือน 10,10,30,waning,15,
1984-10-03,1984,2527,星期三,wan_phra,泰國佛日,วันพระ,Wan Phra,thai-buddhist,ขึ้น 8 ค่ำ เดือน 11,11,8,waxing,8,
1984-10-10,1984,2527,星期三,ok_phansa,出雨安居,ออกพรรษา,Ok Phansa,thai-buddhist-major,ขึ้น 15 ค่ำ เดือน 11,11,15,waxing,15,
1984-10-10,1984,2527,星期三,wan_phra,泰國佛日,วันพระ,Wan Phra,thai-buddhist,ขึ้น 15 ค่ำ เดือน 11,11,15,waxing,15,
1984-10-18,1984,2527,星期四,wan_phra,泰國佛日,วันพระ,Wan Phra,thai-buddhist,แรม 8 ค่ำ เดือน 11,11,23,waning,8,
1984-10-24,1984,2527,星期三,wan_phra,泰國佛日,วันพระ,Wan Phra,thai-buddhist,แรม 14 ค่ำ เดือน 11,11,29,waning,14,
1984-11-01,1984,2527,星期四,wan_phra,泰國佛日,วันพระ,Wan Phra,thai-buddhist,ขึ้น 8 ค่ำ เดือน 12,12,8,waxing,8,
1984-11-08,1984,2527,星期四,wan_phra,泰國佛日,วันพระ,Wan Phra,thai-buddhist,ขึ้น 15 ค่ำ เดือน 12,12,15,waxing,15,
1984-11-16,1984,2527,星期五,wan_phra,泰國佛日,วันพระ,Wan Phra,thai-buddhist,แรม 8 ค่ำ เดือน 12,12,23,waning,8,
1984-11-23,1984,2527,星期五,wan_phra,泰國佛日,วันพระ,Wan Phra,thai-buddhist,แรม 15 ค่ำ เดือน 12,12,30,waning,15,
1984-12-01,1984,2527,星期六,wan_phra,泰國佛日,วันพระ,Wan Phra,thai-buddhist,ขึ้น 8 ค่ำ เดือน 1,1,8,waxing,8,
1984-12-08,1984,2527,星期六,wan_phra,泰國佛日,วันพระ,Wan Phra,thai-buddhist,ขึ้น 15 ค่ำ เดือน 1,1,15,waxing,15,
1984-12-16,1984,2527,星期日,wan_phra,泰國佛日,วันพระ,Wan Phra,thai-buddhist,แรม 8 ค่ำ เดือน 1,1,23,waning,8,
1984-12-22,1984,2527,星期六,wan_phra,泰國佛日,วันพระ,Wan Phra,thai-buddhist,แรม 14 ค่ำ เดือน 1,1,29,waning,14,
1984-12-30,1984,2527,星期日,wan_phra,泰國佛日,วันพระ,Wan Phra,thai-buddhist,ขึ้น 8 ค่ำ เดือน 2,2,8,waxing,8,
1985-01-06,1985,2528,星期日,wan_phra,泰國佛日,วันพระ,Wan Phra,thai-buddhist,ขึ้น 15 ค่ำ เดือน 2,2,15,waxing,15,
1985-01-14,1985,2528,星期一,wan_phra,泰國佛日,วันพระ,Wan Phra,thai-buddhist,แรม 8 ค่ำ เดือน 2,2,23,waning,8,
1985-01-21,1985,2528,星期一,wan_phra,泰國佛日,วันพระ,Wan Phra,thai-buddhist,แรม 15 ค่ำ เดือน 2,2,30,waning,15,
1985-01-29,1985,2528,星期二,wan_phra,泰國佛日,วันพระ,Wan Phra,thai-buddhist,ขึ้น 8 ค่ำ เดือน 3,3,8,waxing,8,
1985-02-05,1985,2528,星期二,wan_phra,泰國佛日,วันพระ,Wan Phra,thai-buddhist,ขึ้น 15 ค่ำ เดือน 3,3,15,waxing,15,
1985-02-13,1985,2528,星期三,wan_phra,泰國佛日,วันพระ,Wan Phra,thai-buddhist,แรม 8 ค่ำ เดือน 3,3,23,waning,8,
1985-02-19,1985,2528,星期二,wan_phra,泰國佛日,วันพระ,Wan Phra,thai-buddhist,แรม 14 ค่ำ เดือน 3,3,29,waning,14,
1985-02-27,1985,2528,星期三,wan_phra,泰國佛日,วันพระ,Wan Phra,thai-buddhist,ขึ้น 8 ค่ำ เดือน 4,4,8,waxing,8,
1985-03-06,1985,2528,星期三,makha_bucha,萬佛節,มาฆบูชา,Makha Bucha,thai-buddhist-major,ขึ้น 15 ค่ำ เดือน 4,4,15,waxing,15,
1985-03-06,1985,2528,星期三,wan_phra,泰國佛日,วันพระ,Wan Phra,thai-buddhist,ขึ้น 15 ค่ำ เดือน 4,4,15,waxing,15,
1985-03-14,1985,2528,星期四,wan_phra,泰國佛日,วันพระ,Wan Phra,thai-buddhist,แรม 8 ค่ำ เดือน 4,4,23,waning,8,
1985-03-21,1985,2528,星期四,wan_phra,泰國佛日,วันพระ,Wan Phra,thai-buddhist,แรม 15 ค่ำ เดือน 4,4,30,waning,15,
1985-03-29,1985,2528,星期五,wan_phra,泰國佛日,วันพระ,Wan Phra,thai-buddhist,ขึ้น 8 ค่ำ เดือน 5,5,8,waxing,8,
1985-04-05,1985,2528,星期五,wan_phra,泰國佛日,วันพระ,Wan Phra,thai-buddhist,ขึ้น 15 ค่ำ เดือน 5,5,15,waxing,15,
1985-04-13,1985,2528,星期六,wan_phra,泰國佛日,วันพระ,Wan Phra,thai-buddhist,แรม 8 ค่ำ เดือน 5,5,23,waning,8,
1985-04-19,1985,2528,星期五,wan_phra,泰國佛日,วันพระ,Wan Phra,thai-buddhist,แรม 14 ค่ำ เดือน 5,5,29,waning,14,
1985-04-27,1985,2528,星期六,wan_phra,泰國佛日,วันพระ,Wan Phra,thai-buddhist,ขึ้น 8 ค่ำ เดือน 6,6,8,waxing,8,
1985-05-04,1985,2528,星期六,wan_phra,泰國佛日,วันพระ,Wan Phra,thai-buddhist,ขึ้น 15 ค่ำ เดือน 6,6,15,waxing,15,
1985-05-12,1985,2528,星期日,wan_phra,泰國佛日,วันพระ,Wan Phra,thai-buddhist,แรม 8 ค่ำ เดือน 6,6,23,waning,8,
1985-05-19,1985,2528,星期日,wan_phra,泰國佛日,วันพระ,Wan Phra,thai-buddhist,แรม 15 ค่ำ เดือน 6,6,30,waning,15,
1985-05-27,1985,2528,星期一,wan_phra,泰國佛日,วันพระ,Wan Phra,thai-buddhist,ขึ้น 8 ค่ำ เดือน 7,7,8,waxing,8,
1985-06-03,1985,2528,星期一,visakha_bucha,衛塞節,วิสาขบูชา,Visakha Bucha,thai-buddhist-major,ขึ้น 15 ค่ำ เดือน 7,7,15,waxing,15,
1985-06-03,1985,2528,星期一,wan_phra,泰國佛日,วันพระ,Wan Phra,thai-buddhist,ขึ้น 15 ค่ำ เดือน 7,7,15,waxing,15,
1985-06-11,1985,2528,星期二,wan_phra,泰國佛日,วันพระ,Wan Phra,thai-buddhist,แรม 8 ค่ำ เดือน 7,7,23,waning,8,
1985-06-17,1985,2528,星期一,wan_phra,泰國佛日,วันพระ,Wan Phra,thai-buddhist,แรม 14 ค่ำ เดือน 7,7,29,waning,14,
1985-06-25,1985,2528,星期二,wan_phra,泰國佛日,วันพระ,Wan Phra,thai-buddhist,ขึ้น 8 ค่ำ เดือน 8,8,8,waxing,8,
1985-07-02,1985,2528,星期二,wan_phra,泰國佛日,วันพระ,Wan Phra,thai-buddhist,ขึ้น 15 ค่ำ เดือน 8,8,15,waxing,15,
1985-07-10,1985,2528,星期三,wan_phra,泰國佛日,วันพระ,Wan Phra,thai-buddhist,แรม 8 ค่ำ เดือน 8,8,23,waning,8,
1985-07-17,1985,2528,星期三,wan_phra,泰國佛日,วันพระ,Wan Phra,thai-buddhist,แรม 15 ค่ำ เดือน 8,8,30,waning,15,
1985-07-25,1985,2528,星期四,wan_phra,泰國佛日,วันพระ,Wan Phra,thai-buddhist,ขึ้น 8 ค่ำ เดือน 88,88,8,waxing,8,
1985-08-01,1985,2528,星期四,wan_phra,泰國佛日,วันพระ,Wan Phra,thai-buddhist,ขึ้น 15 ค่ำ เดือน 88,88,15,waxing,15,
1985-08-02,1985,2528,星期五,khao_phansa,入雨安居,เข้าพรรษา,Khao Phansa,thai-buddhist-major,แรม 1 ค่ำ เดือน 88,88,16,waning,1,
1985-08-09,1985,2528,星期五,wan_phra,泰國佛日,วันพระ,Wan Phra,thai-buddhist,แรม 8 ค่ำ เดือน 88,88,23,waning,8,
1985-08-16,1985,2528,星期五,wan_phra,泰國佛日,วันพระ,Wan Phra,thai-buddhist,แรม 15 ค่ำ เดือน 88,88,30,waning,15,
1985-08-24,1985,2528,星期六,wan_phra,泰國佛日,วันพระ,Wan Phra,thai-buddhist,ขึ้น 8 ค่ำ เดือน 9,9,8,waxing,8,
1985-08-31,1985,2528,星期六,wan_phra,泰國佛日,วันพระ,Wan Phra,thai-buddhist,ขึ้น 15 ค่ำ เดือน 9,9,15,waxing,15,
1985-09-08,1985,2528,星期日,wan_phra,泰國佛日,วันพระ,Wan Phra,thai-buddhist,แรม 8 ค่ำ เดือน 9,9,23,waning,8,
1985-09-14,1985,2528,星期六,wan_phra,泰國佛日,วันพระ,Wan Phra,thai-buddhist,แรม 14 ค่ำ เดือน 9,9,29,waning,14,
1985-09-22,1985,2528,星期日,wan_phra,泰國佛日,วันพระ,Wan Phra,thai-buddhist,ขึ้น 8 ค่ำ เดือน 10,10,8,waxing,8,
1985-09-29,1985,2528,星期日,wan_phra,泰國佛日,วันพระ,Wan Phra,thai-buddhist,ขึ้น 15 ค่ำ เดือน 10,10,15,waxing,15,
1985-10-07,1985,2528,星期一,wan_phra,泰國佛日,วันพระ,Wan Phra,thai-buddhist,แรม 8 ค่ำ เดือน 10,10,23,waning,8,
1985-10-14,1985,2528,星期一,wan_phra,泰國佛日,วันพระ,Wan Phra,thai-buddhist,แรม 15 ค่ำ เดือน 10,10,30,waning,15,
1985-10-22,1985,2528,星期二,wan_phra,泰國佛日,วันพระ,Wan Phra,thai-buddhist,ขึ้น 8 ค่ำ เดือน 11,11,8,waxing,8,
1985-10-29,1985,2528,星期二,ok_phansa,出雨安居,ออกพรรษา,Ok Phansa,thai-buddhist-major,ขึ้น 15 ค่ำ เดือน 11,11,15,waxing,15,
1985-10-29,1985,2528,星期二,wan_phra,泰國佛日,วันพระ,Wan Phra,thai-buddhist,ขึ้น 15 ค่ำ เดือน 11,11,15,waxing,15,
1985-11-06,1985,2528,星期三,wan_phra,泰國佛日,วันพระ,Wan Phra,thai-buddhist,แรม 8 ค่ำ เดือน 11,11,23,waning,8,
1985-11-12,1985,2528,星期二,wan_phra,泰國佛日,วันพระ,Wan Phra,thai-buddhist,แรม 14 ค่ำ เดือน 11,11,29,waning,14,
1985-11-20,1985,2528,星期三,wan_phra,泰國佛日,วันพระ,Wan Phra,thai-buddhist,ขึ้น 8 ค่ำ เดือน 12,12,8,waxing,8,
1985-11-27,1985,2528,星期三,wan_phra,泰國佛日,วันพระ,Wan Phra,thai-buddhist,ขึ้น 15 ค่ำ เดือน 12,12,15,waxing,15,
1985-12-05,1985,2528,星期四,wan_phra,泰國佛日,วันพระ,Wan Phra,thai-buddhist,แรม 8 ค่ำ เดือน 12,12,23,waning,8,
1985-12-12,1985,2528,星期四,wan_phra,泰國佛日,วันพระ,Wan Phra,thai-buddhist,แรม 15 ค่ำ เดือน 12,12,30,waning,15,
1985-12-20,1985,2528,星期五,wan_phra,泰國佛日,วันพระ,Wan Phra,thai-buddhist,ขึ้น 8 ค่ำ เดือน 1,1,8,waxing,8,
1985-12-27,1985,2528,星期五,wan_phra,泰國佛日,วันพระ,Wan Phra,thai-buddhist,ขึ้น 15 ค่ำ เดือน 1,1,15,waxing,15,
1986-01-04,1986,2529,星期六,wan_phra,泰國佛日,วันพระ,Wan Phra,thai-buddhist,แรม 8 ค่ำ เดือน 1,1,23,waning,8,
1986-01-10,1986,2529,星期五,wan_phra,泰國佛日,วันพระ,Wan Phra,thai-buddhist,แรม 14 ค่ำ เดือน 1,1,29,waning,14,
1986-01-18,1986,2529,星期六,wan_phra,泰國佛日,วันพระ,Wan Phra,thai-buddhist,ขึ้น 8 ค่ำ เดือน 2,2,8,waxing,8,
1986-01-25,1986,2529,星期六,wan_phra,泰國佛日,วันพระ,Wan Phra,thai-buddhist,ขึ้น 15 ค่ำ เดือน 2,2,15,waxing,15,
1986-02-02,1986,2529,星期日,wan_phra,泰國佛日,วันพระ,Wan Phra,thai-buddhist,แรม 8 ค่ำ เดือน 2,2,23,waning,8,
1986-02-09,1986,2529,星期日,wan_phra,泰國佛日,วันพระ,Wan Phra,thai-buddhist,แรม 15 ค่ำ เดือน 2,2,30,waning,15,
1986-02-17,1986,2529,星期一,wan_phra,泰國佛日,วันพระ,Wan Phra,thai-buddhist,ขึ้น 8 ค่ำ เดือน 3,3,8,waxing,8,
1986-02-24,1986,2529,星期一,makha_bucha,萬佛節,มาฆบูชา,Makha Bucha,thai-buddhist-major,ขึ้น 15 ค่ำ เดือน 3,3,15,waxing,15,
1986-02-24,1986,2529,星期一,wan_phra,泰國佛日,วันพระ,Wan Phra,thai-buddhist,ขึ้น 15 ค่ำ เดือน 3,3,15,waxing,15,
1986-03-04,1986,2529,星期二,wan_phra,泰國佛日,วันพระ,Wan Phra,thai-buddhist,แรม 8 ค่ำ เดือน 3,3,23,waning,8,
1986-03-10,1986,2529,星期一,wan_phra,泰國佛日,วันพระ,Wan Phra,thai-buddhist,แรม 14 ค่ำ เดือน 3,3,29,waning,14,
1986-03-18,1986,2529,星期二,wan_phra,泰國佛日,วันพระ,Wan Phra,thai-buddhist,ขึ้น 8 ค่ำ เดือน 4,4,8,waxing,8,
1986-03-25,1986,2529,星期二,wan_phra,泰國佛日,วันพระ,Wan Phra,thai-buddhist,ขึ้น 15 ค่ำ เดือน 4,4,15,waxing,15,
1986-04-02,1986,2529,星期三,wan_phra,泰國佛日,วันพระ,Wan Phra,thai-buddhist,แรม 8 ค่ำ เดือน 4,4,23,waning,8,
1986-04-09,1986,2529,星期三,wan_phra,泰國佛日,วันพระ,Wan Phra,thai-buddhist,แรม 15 ค่ำ เดือน 4,4,30,waning,15,
1986-04-17,1986,2529,星期四,wan_phra,泰國佛日,วันพระ,Wan Phra,thai-buddhist,ขึ้น 8 ค่ำ เดือน 5,5,8,waxing,8,
1986-04-24,1986,2529,星期四,wan_phra,泰國佛日,วันพระ,Wan Phra,thai-buddhist,ขึ้น 15 ค่ำ เดือน 5,5,15,waxing,15,
1986-05-02,1986,2529,星期五,wan_phra,泰國佛日,วันพระ,Wan Phra,thai-buddhist,แรม 8 ค่ำ เดือน 5,5,23,waning,8,
1986-05-08,1986,2529,星期四,wan_phra,泰國佛日,วันพระ,Wan Phra,thai-buddhist,แรม 14 ค่ำ เดือน 5,5,29,waning,14,
1986-05-16,1986,2529,星期五,wan_phra,泰國佛日,วันพระ,Wan Phra,thai-buddhist,ขึ้น 8 ค่ำ เดือน 6,6,8,waxing,8,
1986-05-23,1986,2529,星期五,visakha_bucha,衛塞節,วิสาขบูชา,Visakha Bucha,thai-buddhist-major,ขึ้น 15 ค่ำ เดือน 6,6,15,waxing,15,
1986-05-23,1986,2529,星期五,wan_phra,泰國佛日,วันพระ,Wan Phra,thai-buddhist,ขึ้น 15 ค่ำ เดือน 6,6,15,waxing,15,
1986-05-31,1986,2529,星期六,wan_phra,泰國佛日,วันพระ,Wan Phra,thai-buddhist,แรม 8 ค่ำ เดือน 6,6,23,waning,8,
1986-06-07,1986,2529,星期六,wan_phra,泰國佛日,วันพระ,Wan Phra,thai-buddhist,แรม 15 ค่ำ เดือน 6,6,30,waning,15,
1986-06-15,1986,2529,星期日,wan_phra,泰國佛日,วันพระ,Wan Phra,thai-buddhist,ขึ้น 8 ค่ำ เดือน 7,7,8,waxing,8,
1986-06-22,1986,2529,星期日,wan_phra,泰國佛日,วันพระ,Wan Phra,thai-buddhist,ขึ้น 15 ค่ำ เดือน 7,7,15,waxing,15,
1986-06-30,1986,2529,星期一,wan_phra,泰國佛日,วันพระ,Wan Phra,thai-buddhist,แรม 8 ค่ำ เดือน 7,7,23,waning,8,
1986-07-06,1986,2529,星期日,wan_phra,泰國佛日,วันพระ,Wan Phra,thai-buddhist,แรม 14 ค่ำ เดือน 7,7,29,waning,14,
1986-07-14,1986,2529,星期一,wan_phra,泰國佛日,วันพระ,Wan Phra,thai-buddhist,ขึ้น 8 ค่ำ เดือน 8,8,8,waxing,8,
1986-07-21,1986,2529,星期一,wan_phra,泰國佛日,วันพระ,Wan Phra,thai-buddhist,ขึ้น 15 ค่ำ เดือน 8,8,15,waxing,15,
1986-07-22,1986,2529,星期二,khao_phansa,入雨安居,เข้าพรรษา,Khao Phansa,thai-buddhist-major,แรม 1 ค่ำ เดือน 8,8,16,waning,1,
1986-07-29,1986,2529,星期二,wan_phra,泰國佛日,วันพระ,Wan Phra,thai-buddhist,แรม 8 ค่ำ เดือน 8,8,23,waning,8,
1986-08-05,1986,2529,星期二,wan_phra,泰國佛日,วันพระ,Wan Phra,thai-buddhist,แรม 15 ค่ำ เดือน 8,8,30,waning,15,
1986-08-13,1986,2529,星期三,wan_phra,泰國佛日,วันพระ,Wan Phra,thai-buddhist,ขึ้น 8 ค่ำ เดือน 9,9,8,waxing,8,
1986-08-20,1986,2529,星期三,wan_phra,泰國佛日,วันพระ,Wan Phra,thai-buddhist,ขึ้น 15 ค่ำ เดือน 9,9,15,waxing,15,
1986-08-28,1986,2529,星期四,wan_phra,泰國佛日,วันพระ,Wan Phra,thai-buddhist,แรม 8 ค่ำ เดือน 9,9,23,waning,8,
1986-09-03,1986,2529,星期三,wan_phra,泰國佛日,วันพระ,Wan Phra,thai-buddhist,แรม 14 ค่ำ เดือน 9,9,29,waning,14,
1986-09-11,1986,2529,星期四,wan_phra,泰國佛日,วันพระ,Wan Phra,thai-buddhist,ขึ้น 8 ค่ำ เดือน 10,10,8,waxing,8,
1986-09-18,1986,2529,星期四,wan_phra,泰國佛日,วันพระ,Wan Phra,thai-buddhist,ขึ้น 15 ค่ำ เดือน 10,10,15,waxing,15,
1986-09-26,1986,2529,星期五,wan_phra,泰國佛日,วันพระ,Wan Phra,thai-buddhist,แรม 8 ค่ำ เดือน 10,10,23,waning,8,
1986-10-03,1986,2529,星期五,wan_phra,泰國佛日,วันพระ,Wan Phra,thai-buddhist,แรม 15 ค่ำ เดือน 10,10,30,waning,15,
1986-10-11,1986,2529,星期六,wan_phra,泰國佛日,วันพระ,Wan Phra,thai-buddhist,ขึ้น 8 ค่ำ เดือน 11,11,8,waxing,8,
1986-10-18,1986,2529,星期六,ok_phansa,出雨安居,ออกพรรษา,Ok Phansa,thai-buddhist-major,ขึ้น 15 ค่ำ เดือน 11,11,15,waxing,15,
1986-10-18,1986,2529,星期六,wan_phra,泰國佛日,วันพระ,Wan Phra,thai-buddhist,ขึ้น 15 ค่ำ เดือน 11,11,15,waxing,15,
1986-10-26,1986,2529,星期日,wan_phra,泰國佛日,วันพระ,Wan Phra,thai-buddhist,แรม 8 ค่ำ เดือน 11,11,23,waning,8,
1986-11-01,1986,2529,星期六,wan_phra,泰國佛日,วันพระ,Wan Phra,thai-buddhist,แรม 14 ค่ำ เดือน 11,11,29,waning,14,
1986-11-09,1986,2529,星期日,wan_phra,泰國佛日,วันพระ,Wan Phra,thai-buddhist,ขึ้น 8 ค่ำ เดือน 12,12,8,waxing,8,
1986-11-16,1986,2529,星期日,wan_phra,泰國佛日,วันพระ,Wan Phra,thai-buddhist,ขึ้น 15 ค่ำ เดือน 12,12,15,waxing,15,
1986-11-24,1986,2529,星期一,wan_phra,泰國佛日,วันพระ,Wan Phra,thai-buddhist,แรม 8 ค่ำ เดือน 12,12,23,waning,8,
1986-12-01,1986,2529,星期一,wan_phra,泰國佛日,วันพระ,Wan Phra,thai-buddhist,แรม 15 ค่ำ เดือน 12,12,30,waning,15,
1986-12-09,1986,2529,星期二,wan_phra,泰國佛日,วันพระ,Wan Phra,thai-buddhist,ขึ้น 8 ค่ำ เดือน 1,1,8,waxing,8,
1986-12-16,1986,2529,星期二,wan_phra,泰國佛日,วันพระ,Wan Phra,thai-buddhist,ขึ้น 15 ค่ำ เดือน 1,1,15,waxing,15,
1986-12-24,1986,2529,星期三,wan_phra,泰國佛日,วันพระ,Wan Phra,thai-buddhist,แรม 8 ค่ำ เดือน 1,1,23,waning,8,
1986-12-30,1986,2529,星期二,wan_phra,泰國佛日,วันพระ,Wan Phra,thai-buddhist,แรม 14 ค่ำ เดือน 1,1,29,waning,14,
1987-01-07,1987,2530,星期三,wan_phra,泰國佛日,วันพระ,Wan Phra,thai-buddhist,ขึ้น 8 ค่ำ เดือน 2,2,8,waxing,8,
1987-01-14,1987,2530,星期三,wan_phra,泰國佛日,วันพระ,Wan Phra,thai-buddhist,ขึ้น 15 ค่ำ เดือน 2,2,15,waxing,15,
1987-01-22,1987,2530,星期四,wan_phra,泰國佛日,วันพระ,Wan Phra,thai-buddhist,แรม 8 ค่ำ เดือน 2,2,23,waning,8,
1987-01-29,1987,2530,星期四,wan_phra,泰國佛日,วันพระ,Wan Phra,thai-buddhist,แรม 15 ค่ำ เดือน 2,2,30,waning,15,
1987-02-06,1987,2530,星期五,wan_phra,泰國佛日,วันพระ,Wan Phra,thai-buddhist,ขึ้น 8 ค่ำ เดือน 3,3,8,waxing,8,
1987-02-13,1987,2530,星期五,makha_bucha,萬佛節,มาฆบูชา,Makha Bucha,thai-buddhist-major,ขึ้น 15 ค่ำ เดือน 3,3,15,waxing,15,
1987-02-13,1987,2530,星期五,wan_phra,泰國佛日,วันพระ,Wan Phra,thai-buddhist,ขึ้น 15 ค่ำ เดือน 3,3,15,waxing,15,
1987-02-21,1987,2530,星期六,wan_phra,泰國佛日,วันพระ,Wan Phra,thai-buddhist,แรม 8 ค่ำ เดือน 3,3,23,waning,8,
1987-02-27,1987,2530,星期五,wan_phra,泰國佛日,วันพระ,Wan Phra,thai-buddhist,แรม 14 ค่ำ เดือน 3,3,29,waning,14,
1987-03-07,1987,2530,星期六,wan_phra,泰國佛日,วันพระ,Wan Phra,thai-buddhist,ขึ้น 8 ค่ำ เดือน 4,4,8,waxing,8,
1987-03-14,1987,2530,星期六,wan_phra,泰國佛日,วันพระ,Wan Phra,thai-buddhist,ขึ้น 15 ค่ำ เดือน 4,4,15,waxing,15,
1987-03-22,1987,2530,星期日,wan_phra,泰國佛日,วันพระ,Wan Phra,thai-buddhist,แรม 8 ค่ำ เดือน 4,4,23,waning,8,
1987-03-29,1987,2530,星期日,wan_phra,泰國佛日,วันพระ,Wan Phra,thai-buddhist,แรม 15 ค่ำ เดือน 4,4,30,waning,15,
1987-04-06,1987,2530,星期一,wan_phra,泰國佛日,วันพระ,Wan Phra,thai-buddhist,ขึ้น 8 ค่ำ เดือน 5,5,8,waxing,8,
1987-04-13,1987,2530,星期一,wan_phra,泰國佛日,วันพระ,Wan Phra,thai-buddhist,ขึ้น 15 ค่ำ เดือน 5,5,15,waxing,15,
1987-04-18,1987,2530,星期六,sao_ha_candidate,騷哈日候選 / 稍哈日候選,เสาร์ 5,Sao Ha candidate,thai-amulet-auspicious-day,แรม 5 ค่ำ เดือน 5,5,20,waning,5,按規則產生：星期六 + 泰國陰曆 5 月 + ขึ้น 5 ค่ำ 或 แรม 5 ค่ำ。未做人工作法會或高僧認定。
1987-04-21,1987,2530,星期二,wan_phra,泰國佛日,วันพระ,Wan Phra,thai-buddhist,แรม 8 ค่ำ เดือน 5,5,23,waning,8,
1987-04-27,1987,2530,星期一,wan_phra,泰國佛日,วันพระ,Wan Phra,thai-buddhist,แรม 14 ค่ำ เดือน 5,5,29,waning,14,
1987-05-05,1987,2530,星期二,wan_phra,泰國佛日,วันพระ,Wan Phra,thai-buddhist,ขึ้น 8 ค่ำ เดือน 6,6,8,waxing,8,
1987-05-12,1987,2530,星期二,visakha_bucha,衛塞節,วิสาขบูชา,Visakha Bucha,thai-buddhist-major,ขึ้น 15 ค่ำ เดือน 6,6,15,waxing,15,
1987-05-12,1987,2530,星期二,wan_phra,泰國佛日,วันพระ,Wan Phra,thai-buddhist,ขึ้น 15 ค่ำ เดือน 6,6,15,waxing,15,
1987-05-20,1987,2530,星期三,wan_phra,泰國佛日,วันพระ,Wan Phra,thai-buddhist,แรม 8 ค่ำ เดือน 6,6,23,waning,8,
1987-05-27,1987,2530,星期三,wan_phra,泰國佛日,วันพระ,Wan Phra,thai-buddhist,แรม 15 ค่ำ เดือน 6,6,30,waning,15,
1987-06-04,1987,2530,星期四,wan_phra,泰國佛日,วันพระ,Wan Phra,thai-buddhist,ขึ้น 8 ค่ำ เดือน 7,7,8,waxing,8,
1987-06-11,1987,2530,星期四,wan_phra,泰國佛日,วันพระ,Wan Phra,thai-buddhist,ขึ้น 15 ค่ำ เดือน 7,7,15,waxing,15,
1987-06-19,1987,2530,星期五,wan_phra,泰國佛日,วันพระ,Wan Phra,thai-buddhist,แรม 8 ค่ำ เดือน 7,7,23,waning,8,
1987-06-25,1987,2530,星期四,wan_phra,泰國佛日,วันพระ,Wan Phra,thai-buddhist,แรม 14 ค่ำ เดือน 7,7,29,waning,14,
1987-07-03,1987,2530,星期五,wan_phra,泰國佛日,วันพระ,Wan Phra,thai-buddhist,ขึ้น 8 ค่ำ เดือน 8,8,8,waxing,8,
1987-07-10,1987,2530,星期五,wan_phra,泰國佛日,วันพระ,Wan Phra,thai-buddhist,ขึ้น 15 ค่ำ เดือน 8,8,15,waxing,15,
1987-07-11,1987,2530,星期六,khao_phansa,入雨安居,เข้าพรรษา,Khao Phansa,thai-buddhist-major,แรม 1 ค่ำ เดือน 8,8,16,waning,1,
1987-07-18,1987,2530,星期六,wan_phra,泰國佛日,วันพระ,Wan Phra,thai-buddhist,แรม 8 ค่ำ เดือน 8,8,23,waning,8,
1987-07-25,1987,2530,星期六,wan_phra,泰國佛日,วันพระ,Wan Phra,thai-buddhist,แรม 15 ค่ำ เดือน 8,8,30,waning,15,
1987-08-02,1987,2530,星期日,wan_phra,泰國佛日,วันพระ,Wan Phra,thai-buddhist,ขึ้น 8 ค่ำ เดือน 9,9,8,waxing,8,
1987-08-09,1987,2530,星期日,wan_phra,泰國佛日,วันพระ,Wan Phra,thai-buddhist,ขึ้น 15 ค่ำ เดือน 9,9,15,waxing,15,
1987-08-17,1987,2530,星期一,wan_phra,泰國佛日,วันพระ,Wan Phra,thai-buddhist,แรม 8 ค่ำ เดือน 9,9,23,waning,8,
1987-08-23,1987,2530,星期日,wan_phra,泰國佛日,วันพระ,Wan Phra,thai-buddhist,แรม 14 ค่ำ เดือน 9,9,29,waning,14,
1987-08-31,1987,2530,星期一,wan_phra,泰國佛日,วันพระ,Wan Phra,thai-buddhist,ขึ้น 8 ค่ำ เดือน 10,10,8,waxing,8,
1987-09-07,1987,2530,星期一,wan_phra,泰國佛日,วันพระ,Wan Phra,thai-buddhist,ขึ้น 15 ค่ำ เดือน 10,10,15,waxing,15,
1987-09-15,1987,2530,星期二,wan_phra,泰國佛日,วันพระ,Wan Phra,thai-buddhist,แรม 8 ค่ำ เดือน 10,10,23,waning,8,
1987-09-22,1987,2530,星期二,wan_phra,泰國佛日,วันพระ,Wan Phra,thai-buddhist,แรม 15 ค่ำ เดือน 10,10,30,waning,15,
1987-09-30,1987,2530,星期三,wan_phra,泰國佛日,วันพระ,Wan Phra,thai-buddhist,ขึ้น 8 ค่ำ เดือน 11,11,8,waxing,8,
1987-10-07,1987,2530,星期三,ok_phansa,出雨安居,ออกพรรษา,Ok Phansa,thai-buddhist-major,ขึ้น 15 ค่ำ เดือน 11,11,15,waxing,15,
1987-10-07,1987,2530,星期三,wan_phra,泰國佛日,วันพระ,Wan Phra,thai-buddhist,ขึ้น 15 ค่ำ เดือน 11,11,15,waxing,15,
1987-10-15,1987,2530,星期四,wan_phra,泰國佛日,วันพระ,Wan Phra,thai-buddhist,แรม 8 ค่ำ เดือน 11,11,23,waning,8,
1987-10-21,1987,2530,星期三,wan_phra,泰國佛日,วันพระ,Wan Phra,thai-buddhist,แรม 14 ค่ำ เดือน 11,11,29,waning,14,
1987-10-29,1987,2530,星期四,wan_phra,泰國佛日,วันพระ,Wan Phra,thai-buddhist,ขึ้น 8 ค่ำ เดือน 12,12,8,waxing,8,
1987-11-05,1987,2530,星期四,wan_phra,泰國佛日,วันพระ,Wan Phra,thai-buddhist,ขึ้น 15 ค่ำ เดือน 12,12,15,waxing,15,
1987-11-13,1987,2530,星期五,wan_phra,泰國佛日,วันพระ,Wan Phra,thai-buddhist,แรม 8 ค่ำ เดือน 12,12,23,waning,8,
1987-11-20,1987,2530,星期五,wan_phra,泰國佛日,วันพระ,Wan Phra,thai-buddhist,แรม 15 ค่ำ เดือน 12,12,30,waning,15,
1987-11-28,1987,2530,星期六,wan_phra,泰國佛日,วันพระ,Wan Phra,thai-buddhist,ขึ้น 8 ค่ำ เดือน 1,1,8,waxing,8,
1987-12-05,1987,2530,星期六,wan_phra,泰國佛日,วันพระ,Wan Phra,thai-buddhist,ขึ้น 15 ค่ำ เดือน 1,1,15,waxing,15,
1987-12-13,1987,2530,星期日,wan_phra,泰國佛日,วันพระ,Wan Phra,thai-buddhist,แรม 8 ค่ำ เดือน 1,1,23,waning,8,
1987-12-19,1987,2530,星期六,wan_phra,泰國佛日,วันพระ,Wan Phra,thai-buddhist,แรม 14 ค่ำ เดือน 1,1,29,waning,14,
1987-12-27,1987,2530,星期日,wan_phra,泰國佛日,วันพระ,Wan Phra,thai-buddhist,ขึ้น 8 ค่ำ เดือน 2,2,8,waxing,8,
1988-01-03,1988,2531,星期日,wan_phra,泰國佛日,วันพระ,Wan Phra,thai-buddhist,ขึ้น 15 ค่ำ เดือน 2,2,15,waxing,15,
1988-01-11,1988,2531,星期一,wan_phra,泰國佛日,วันพระ,Wan Phra,thai-buddhist,แรม 8 ค่ำ เดือน 2,2,23,waning,8,
1988-01-18,1988,2531,星期一,wan_phra,泰國佛日,วันพระ,Wan Phra,thai-buddhist,แรม 15 ค่ำ เดือน 2,2,30,waning,15,
1988-01-26,1988,2531,星期二,wan_phra,泰國佛日,วันพระ,Wan Phra,thai-buddhist,ขึ้น 8 ค่ำ เดือน 3,3,8,waxing,8,
1988-02-02,1988,2531,星期二,wan_phra,泰國佛日,วันพระ,Wan Phra,thai-buddhist,ขึ้น 15 ค่ำ เดือน 3,3,15,waxing,15,
1988-02-10,1988,2531,星期三,wan_phra,泰國佛日,วันพระ,Wan Phra,thai-buddhist,แรม 8 ค่ำ เดือน 3,3,23,waning,8,
1988-02-16,1988,2531,星期二,wan_phra,泰國佛日,วันพระ,Wan Phra,thai-buddhist,แรม 14 ค่ำ เดือน 3,3,29,waning,14,
1988-02-24,1988,2531,星期三,wan_phra,泰國佛日,วันพระ,Wan Phra,thai-buddhist,ขึ้น 8 ค่ำ เดือน 4,4,8,waxing,8,
1988-03-02,1988,2531,星期三,makha_bucha,萬佛節,มาฆบูชา,Makha Bucha,thai-buddhist-major,ขึ้น 15 ค่ำ เดือน 4,4,15,waxing,15,
1988-03-02,1988,2531,星期三,wan_phra,泰國佛日,วันพระ,Wan Phra,thai-buddhist,ขึ้น 15 ค่ำ เดือน 4,4,15,waxing,15,
1988-03-10,1988,2531,星期四,wan_phra,泰國佛日,วันพระ,Wan Phra,thai-buddhist,แรม 8 ค่ำ เดือน 4,4,23,waning,8,
1988-03-17,1988,2531,星期四,wan_phra,泰國佛日,วันพระ,Wan Phra,thai-buddhist,แรม 15 ค่ำ เดือน 4,4,30,waning,15,
1988-03-25,1988,2531,星期五,wan_phra,泰國佛日,วันพระ,Wan Phra,thai-buddhist,ขึ้น 8 ค่ำ เดือน 5,5,8,waxing,8,
1988-04-01,1988,2531,星期五,wan_phra,泰國佛日,วันพระ,Wan Phra,thai-buddhist,ขึ้น 15 ค่ำ เดือน 5,5,15,waxing,15,
1988-04-09,1988,2531,星期六,wan_phra,泰國佛日,วันพระ,Wan Phra,thai-buddhist,แรม 8 ค่ำ เดือน 5,5,23,waning,8,
1988-04-15,1988,2531,星期五,wan_phra,泰國佛日,วันพระ,Wan Phra,thai-buddhist,แรม 14 ค่ำ เดือน 5,5,29,waning,14,
1988-04-23,1988,2531,星期六,wan_phra,泰國佛日,วันพระ,Wan Phra,thai-buddhist,ขึ้น 8 ค่ำ เดือน 6,6,8,waxing,8,
1988-04-30,1988,2531,星期六,wan_phra,泰國佛日,วันพระ,Wan Phra,thai-buddhist,ขึ้น 15 ค่ำ เดือน 6,6,15,waxing,15,
1988-05-08,1988,2531,星期日,wan_phra,泰國佛日,วันพระ,Wan Phra,thai-buddhist,แรม 8 ค่ำ เดือน 6,6,23,waning,8,
1988-05-15,1988,2531,星期日,wan_phra,泰國佛日,วันพระ,Wan Phra,thai-buddhist,แรม 15 ค่ำ เดือน 6,6,30,waning,15,
1988-05-23,1988,2531,星期一,wan_phra,泰國佛日,วันพระ,Wan Phra,thai-buddhist,ขึ้น 8 ค่ำ เดือน 7,7,8,waxing,8,
1988-05-30,1988,2531,星期一,visakha_bucha,衛塞節,วิสาขบูชา,Visakha Bucha,thai-buddhist-major,ขึ้น 15 ค่ำ เดือน 7,7,15,waxing,15,
1988-05-30,1988,2531,星期一,wan_phra,泰國佛日,วันพระ,Wan Phra,thai-buddhist,ขึ้น 15 ค่ำ เดือน 7,7,15,waxing,15,
1988-06-07,1988,2531,星期二,wan_phra,泰國佛日,วันพระ,Wan Phra,thai-buddhist,แรม 8 ค่ำ เดือน 7,7,23,waning,8,
1988-06-13,1988,2531,星期一,wan_phra,泰國佛日,วันพระ,Wan Phra,thai-buddhist,แรม 14 ค่ำ เดือน 7,7,29,waning,14,
1988-06-21,1988,2531,星期二,wan_phra,泰國佛日,วันพระ,Wan Phra,thai-buddhist,ขึ้น 8 ค่ำ เดือน 8,8,8,waxing,8,
1988-06-28,1988,2531,星期二,wan_phra,泰國佛日,วันพระ,Wan Phra,thai-buddhist,ขึ้น 15 ค่ำ เดือน 8,8,15,waxing,15,
1988-07-06,1988,2531,星期三,wan_phra,泰國佛日,วันพระ,Wan Phra,thai-buddhist,แรม 8 ค่ำ เดือน 8,8,23,waning,8,
1988-07-13,1988,2531,星期三,wan_phra,泰國佛日,วันพระ,Wan Phra,thai-buddhist,แรม 15 ค่ำ เดือน 8,8,30,waning,15,
1988-07-21,1988,2531,星期四,wan_phra,泰國佛日,วันพระ,Wan Phra,thai-buddhist,ขึ้น 8 ค่ำ เดือน 88,88,8,waxing,8,
1988-07-28,1988,2531,星期四,wan_phra,泰國佛日,วันพระ,Wan Phra,thai-buddhist,ขึ้น 15 ค่ำ เดือน 88,88,15,waxing,15,
1988-07-29,1988,2531,星期五,khao_phansa,入雨安居,เข้าพรรษา,Khao Phansa,thai-buddhist-major,แรม 1 ค่ำ เดือน 88,88,16,waning,1,
1988-08-05,1988,2531,星期五,wan_phra,泰國佛日,วันพระ,Wan Phra,thai-buddhist,แรม 8 ค่ำ เดือน 88,88,23,waning,8,
1988-08-12,1988,2531,星期五,wan_phra,泰國佛日,วันพระ,Wan Phra,thai-buddhist,แรม 15 ค่ำ เดือน 88,88,30,waning,15,
1988-08-20,1988,2531,星期六,wan_phra,泰國佛日,วันพระ,Wan Phra,thai-buddhist,ขึ้น 8 ค่ำ เดือน 9,9,8,waxing,8,
1988-08-27,1988,2531,星期六,wan_phra,泰國佛日,วันพระ,Wan Phra,thai-buddhist,ขึ้น 15 ค่ำ เดือน 9,9,15,waxing,15,
1988-09-04,1988,2531,星期日,wan_phra,泰國佛日,วันพระ,Wan Phra,thai-buddhist,แรม 8 ค่ำ เดือน 9,9,23,waning,8,
1988-09-10,1988,2531,星期六,wan_phra,泰國佛日,วันพระ,Wan Phra,thai-buddhist,แรม 14 ค่ำ เดือน 9,9,29,waning,14,
1988-09-18,1988,2531,星期日,wan_phra,泰國佛日,วันพระ,Wan Phra,thai-buddhist,ขึ้น 8 ค่ำ เดือน 10,10,8,waxing,8,
1988-09-25,1988,2531,星期日,wan_phra,泰國佛日,วันพระ,Wan Phra,thai-buddhist,ขึ้น 15 ค่ำ เดือน 10,10,15,waxing,15,
1988-10-03,1988,2531,星期一,wan_phra,泰國佛日,วันพระ,Wan Phra,thai-buddhist,แรม 8 ค่ำ เดือน 10,10,23,waning,8,
1988-10-10,1988,2531,星期一,wan_phra,泰國佛日,วันพระ,Wan Phra,thai-buddhist,แรม 15 ค่ำ เดือน 10,10,30,waning,15,
1988-10-18,1988,2531,星期二,wan_phra,泰國佛日,วันพระ,Wan Phra,thai-buddhist,ขึ้น 8 ค่ำ เดือน 11,11,8,waxing,8,
1988-10-25,1988,2531,星期二,ok_phansa,出雨安居,ออกพรรษา,Ok Phansa,thai-buddhist-major,ขึ้น 15 ค่ำ เดือน 11,11,15,waxing,15,
1988-10-25,1988,2531,星期二,wan_phra,泰國佛日,วันพระ,Wan Phra,thai-buddhist,ขึ้น 15 ค่ำ เดือน 11,11,15,waxing,15,
1988-11-02,1988,2531,星期三,wan_phra,泰國佛日,วันพระ,Wan Phra,thai-buddhist,แรม 8 ค่ำ เดือน 11,11,23,waning,8,
1988-11-08,1988,2531,星期二,wan_phra,泰國佛日,วันพระ,Wan Phra,thai-buddhist,แรม 14 ค่ำ เดือน 11,11,29,waning,14,
1988-11-16,1988,2531,星期三,wan_phra,泰國佛日,วันพระ,Wan Phra,thai-buddhist,ขึ้น 8 ค่ำ เดือน 12,12,8,waxing,8,
1988-11-23,1988,2531,星期三,wan_phra,泰國佛日,วันพระ,Wan Phra,thai-buddhist,ขึ้น 15 ค่ำ เดือน 12,12,15,waxing,15,
1988-12-01,1988,2531,星期四,wan_phra,泰國佛日,วันพระ,Wan Phra,thai-buddhist,แรม 8 ค่ำ เดือน 12,12,23,waning,8,
1988-12-08,1988,2531,星期四,wan_phra,泰國佛日,วันพระ,Wan Phra,thai-buddhist,แรม 15 ค่ำ เดือน 12,12,30,waning,15,
1988-12-16,1988,2531,星期五,wan_phra,泰國佛日,วันพระ,Wan Phra,thai-buddhist,ขึ้น 8 ค่ำ เดือน 1,1,8,waxing,8,
1988-12-23,1988,2531,星期五,wan_phra,泰國佛日,วันพระ,Wan Phra,thai-buddhist,ขึ้น 15 ค่ำ เดือน 1,1,15,waxing,15,
1988-12-31,1988,2531,星期六,wan_phra,泰國佛日,วันพระ,Wan Phra,thai-buddhist,แรม 8 ค่ำ เดือน 1,1,23,waning,8,
1989-01-06,1989,2532,星期五,wan_phra,泰國佛日,วันพระ,Wan Phra,thai-buddhist,แรม 14 ค่ำ เดือน 1,1,29,waning,14,
1989-01-14,1989,2532,星期六,wan_phra,泰國佛日,วันพระ,Wan Phra,thai-buddhist,ขึ้น 8 ค่ำ เดือน 2,2,8,waxing,8,
1989-01-21,1989,2532,星期六,wan_phra,泰國佛日,วันพระ,Wan Phra,thai-buddhist,ขึ้น 15 ค่ำ เดือน 2,2,15,waxing,15,
1989-01-29,1989,2532,星期日,wan_phra,泰國佛日,วันพระ,Wan Phra,thai-buddhist,แรม 8 ค่ำ เดือน 2,2,23,waning,8,
1989-02-05,1989,2532,星期日,wan_phra,泰國佛日,วันพระ,Wan Phra,thai-buddhist,แรม 15 ค่ำ เดือน 2,2,30,waning,15,
1989-02-13,1989,2532,星期一,wan_phra,泰國佛日,วันพระ,Wan Phra,thai-buddhist,ขึ้น 8 ค่ำ เดือน 3,3,8,waxing,8,
1989-02-20,1989,2532,星期一,makha_bucha,萬佛節,มาฆบูชา,Makha Bucha,thai-buddhist-major,ขึ้น 15 ค่ำ เดือน 3,3,15,waxing,15,
1989-02-20,1989,2532,星期一,wan_phra,泰國佛日,วันพระ,Wan Phra,thai-buddhist,ขึ้น 15 ค่ำ เดือน 3,3,15,waxing,15,
1989-02-28,1989,2532,星期二,wan_phra,泰國佛日,วันพระ,Wan Phra,thai-buddhist,แรม 8 ค่ำ เดือน 3,3,23,waning,8,
1989-03-06,1989,2532,星期一,wan_phra,泰國佛日,วันพระ,Wan Phra,thai-buddhist,แรม 14 ค่ำ เดือน 3,3,29,waning,14,
1989-03-14,1989,2532,星期二,wan_phra,泰國佛日,วันพระ,Wan Phra,thai-buddhist,ขึ้น 8 ค่ำ เดือน 4,4,8,waxing,8,
1989-03-21,1989,2532,星期二,wan_phra,泰國佛日,วันพระ,Wan Phra,thai-buddhist,ขึ้น 15 ค่ำ เดือน 4,4,15,waxing,15,
1989-03-29,1989,2532,星期三,wan_phra,泰國佛日,วันพระ,Wan Phra,thai-buddhist,แรม 8 ค่ำ เดือน 4,4,23,waning,8,
1989-04-05,1989,2532,星期三,wan_phra,泰國佛日,วันพระ,Wan Phra,thai-buddhist,แรม 15 ค่ำ เดือน 4,4,30,waning,15,
1989-04-13,1989,2532,星期四,wan_phra,泰國佛日,วันพระ,Wan Phra,thai-buddhist,ขึ้น 8 ค่ำ เดือน 5,5,8,waxing,8,
1989-04-20,1989,2532,星期四,wan_phra,泰國佛日,วันพระ,Wan Phra,thai-buddhist,ขึ้น 15 ค่ำ เดือน 5,5,15,waxing,15,
1989-04-28,1989,2532,星期五,wan_phra,泰國佛日,วันพระ,Wan Phra,thai-buddhist,แรม 8 ค่ำ เดือน 5,5,23,waning,8,
1989-05-04,1989,2532,星期四,wan_phra,泰國佛日,วันพระ,Wan Phra,thai-buddhist,แรม 14 ค่ำ เดือน 5,5,29,waning,14,
1989-05-12,1989,2532,星期五,wan_phra,泰國佛日,วันพระ,Wan Phra,thai-buddhist,ขึ้น 8 ค่ำ เดือน 6,6,8,waxing,8,
1989-05-19,1989,2532,星期五,visakha_bucha,衛塞節,วิสาขบูชา,Visakha Bucha,thai-buddhist-major,ขึ้น 15 ค่ำ เดือน 6,6,15,waxing,15,
1989-05-19,1989,2532,星期五,wan_phra,泰國佛日,วันพระ,Wan Phra,thai-buddhist,ขึ้น 15 ค่ำ เดือน 6,6,15,waxing,15,
1989-05-27,1989,2532,星期六,wan_phra,泰國佛日,วันพระ,Wan Phra,thai-buddhist,แรม 8 ค่ำ เดือน 6,6,23,waning,8,
1989-06-03,1989,2532,星期六,wan_phra,泰國佛日,วันพระ,Wan Phra,thai-buddhist,แรม 15 ค่ำ เดือน 6,6,30,waning,15,
1989-06-11,1989,2532,星期日,wan_phra,泰國佛日,วันพระ,Wan Phra,thai-buddhist,ขึ้น 8 ค่ำ เดือน 7,7,8,waxing,8,
1989-06-18,1989,2532,星期日,wan_phra,泰國佛日,วันพระ,Wan Phra,thai-buddhist,ขึ้น 15 ค่ำ เดือน 7,7,15,waxing,15,
1989-06-26,1989,2532,星期一,wan_phra,泰國佛日,วันพระ,Wan Phra,thai-buddhist,แรม 8 ค่ำ เดือน 7,7,23,waning,8,
1989-07-03,1989,2532,星期一,wan_phra,泰國佛日,วันพระ,Wan Phra,thai-buddhist,แรม 15 ค่ำ เดือน 7,7,30,waning,15,
1989-07-11,1989,2532,星期二,wan_phra,泰國佛日,วันพระ,Wan Phra,thai-buddhist,ขึ้น 8 ค่ำ เดือน 8,8,8,waxing,8,
1989-07-18,1989,2532,星期二,wan_phra,泰國佛日,วันพระ,Wan Phra,thai-buddhist,ขึ้น 15 ค่ำ เดือน 8,8,15,waxing,15,
1989-07-19,1989,2532,星期三,khao_phansa,入雨安居,เข้าพรรษา,Khao Phansa,thai-buddhist-major,แรม 1 ค่ำ เดือน 8,8,16,waning,1,
1989-07-26,1989,2532,星期三,wan_phra,泰國佛日,วันพระ,Wan Phra,thai-buddhist,แรม 8 ค่ำ เดือน 8,8,23,waning,8,
1989-08-02,1989,2532,星期三,wan_phra,泰國佛日,วันพระ,Wan Phra,thai-buddhist,แรม 15 ค่ำ เดือน 8,8,30,waning,15,
1989-08-10,1989,2532,星期四,wan_phra,泰國佛日,วันพระ,Wan Phra,thai-buddhist,ขึ้น 8 ค่ำ เดือน 9,9,8,waxing,8,
1989-08-17,1989,2532,星期四,wan_phra,泰國佛日,วันพระ,Wan Phra,thai-buddhist,ขึ้น 15 ค่ำ เดือน 9,9,15,waxing,15,
1989-08-25,1989,2532,星期五,wan_phra,泰國佛日,วันพระ,Wan Phra,thai-buddhist,แรม 8 ค่ำ เดือน 9,9,23,waning,8,
1989-08-31,1989,2532,星期四,wan_phra,泰國佛日,วันพระ,Wan Phra,thai-buddhist,แรม 14 ค่ำ เดือน 9,9,29,waning,14,
1989-09-08,1989,2532,星期五,wan_phra,泰國佛日,วันพระ,Wan Phra,thai-buddhist,ขึ้น 8 ค่ำ เดือน 10,10,8,waxing,8,
1989-09-15,1989,2532,星期五,wan_phra,泰國佛日,วันพระ,Wan Phra,thai-buddhist,ขึ้น 15 ค่ำ เดือน 10,10,15,waxing,15,
1989-09-23,1989,2532,星期六,wan_phra,泰國佛日,วันพระ,Wan Phra,thai-buddhist,แรม 8 ค่ำ เดือน 10,10,23,waning,8,
1989-09-30,1989,2532,星期六,wan_phra,泰國佛日,วันพระ,Wan Phra,thai-buddhist,แรม 15 ค่ำ เดือน 10,10,30,waning,15,
1989-10-08,1989,2532,星期日,wan_phra,泰國佛日,วันพระ,Wan Phra,thai-buddhist,ขึ้น 8 ค่ำ เดือน 11,11,8,waxing,8,
1989-10-15,1989,2532,星期日,ok_phansa,出雨安居,ออกพรรษา,Ok Phansa,thai-buddhist-major,ขึ้น 15 ค่ำ เดือน 11,11,15,waxing,15,
1989-10-15,1989,2532,星期日,wan_phra,泰國佛日,วันพระ,Wan Phra,thai-buddhist,ขึ้น 15 ค่ำ เดือน 11,11,15,waxing,15,
1989-10-23,1989,2532,星期一,wan_phra,泰國佛日,วันพระ,Wan Phra,thai-buddhist,แรม 8 ค่ำ เดือน 11,11,23,waning,8,
1989-10-29,1989,2532,星期日,wan_phra,泰國佛日,วันพระ,Wan Phra,thai-buddhist,แรม 14 ค่ำ เดือน 11,11,29,waning,14,
1989-11-06,1989,2532,星期一,wan_phra,泰國佛日,วันพระ,Wan Phra,thai-buddhist,ขึ้น 8 ค่ำ เดือน 12,12,8,waxing,8,
1989-11-13,1989,2532,星期一,wan_phra,泰國佛日,วันพระ,Wan Phra,thai-buddhist,ขึ้น 15 ค่ำ เดือน 12,12,15,waxing,15,
1989-11-21,1989,2532,星期二,wan_phra,泰國佛日,วันพระ,Wan Phra,thai-buddhist,แรม 8 ค่ำ เดือน 12,12,23,waning,8,
1989-11-28,1989,2532,星期二,wan_phra,泰國佛日,วันพระ,Wan Phra,thai-buddhist,แรม 15 ค่ำ เดือน 12,12,30,waning,15,
1989-12-06,1989,2532,星期三,wan_phra,泰國佛日,วันพระ,Wan Phra,thai-buddhist,ขึ้น 8 ค่ำ เดือน 1,1,8,waxing,8,
1989-12-13,1989,2532,星期三,wan_phra,泰國佛日,วันพระ,Wan Phra,thai-buddhist,ขึ้น 15 ค่ำ เดือน 1,1,15,waxing,15,
1989-12-21,1989,2532,星期四,wan_phra,泰國佛日,วันพระ,Wan Phra,thai-buddhist,แรม 8 ค่ำ เดือน 1,1,23,waning,8,
1989-12-27,1989,2532,星期三,wan_phra,泰國佛日,วันพระ,Wan Phra,thai-buddhist,แรม 14 ค่ำ เดือน 1,1,29,waning,14,
1990-01-04,1990,2533,星期四,wan_phra,泰國佛日,วันพระ,Wan Phra,thai-buddhist,ขึ้น 8 ค่ำ เดือน 2,2,8,waxing,8,
1990-01-11,1990,2533,星期四,wan_phra,泰國佛日,วันพระ,Wan Phra,thai-buddhist,ขึ้น 15 ค่ำ เดือน 2,2,15,waxing,15,
1990-01-19,1990,2533,星期五,wan_phra,泰國佛日,วันพระ,Wan Phra,thai-buddhist,แรม 8 ค่ำ เดือน 2,2,23,waning,8,
1990-01-26,1990,2533,星期五,wan_phra,泰國佛日,วันพระ,Wan Phra,thai-buddhist,แรม 15 ค่ำ เดือน 2,2,30,waning,15,
1990-02-03,1990,2533,星期六,wan_phra,泰國佛日,วันพระ,Wan Phra,thai-buddhist,ขึ้น 8 ค่ำ เดือน 3,3,8,waxing,8,
1990-02-10,1990,2533,星期六,makha_bucha,萬佛節,มาฆบูชา,Makha Bucha,thai-buddhist-major,ขึ้น 15 ค่ำ เดือน 3,3,15,waxing,15,
1990-02-10,1990,2533,星期六,wan_phra,泰國佛日,วันพระ,Wan Phra,thai-buddhist,ขึ้น 15 ค่ำ เดือน 3,3,15,waxing,15,
1990-02-18,1990,2533,星期日,wan_phra,泰國佛日,วันพระ,Wan Phra,thai-buddhist,แรม 8 ค่ำ เดือน 3,3,23,waning,8,
1990-02-24,1990,2533,星期六,wan_phra,泰國佛日,วันพระ,Wan Phra,thai-buddhist,แรม 14 ค่ำ เดือน 3,3,29,waning,14,
1990-03-04,1990,2533,星期日,wan_phra,泰國佛日,วันพระ,Wan Phra,thai-buddhist,ขึ้น 8 ค่ำ เดือน 4,4,8,waxing,8,
1990-03-11,1990,2533,星期日,wan_phra,泰國佛日,วันพระ,Wan Phra,thai-buddhist,ขึ้น 15 ค่ำ เดือน 4,4,15,waxing,15,
1990-03-19,1990,2533,星期一,wan_phra,泰國佛日,วันพระ,Wan Phra,thai-buddhist,แรม 8 ค่ำ เดือน 4,4,23,waning,8,
1990-03-26,1990,2533,星期一,wan_phra,泰國佛日,วันพระ,Wan Phra,thai-buddhist,แรม 15 ค่ำ เดือน 4,4,30,waning,15,
1990-03-31,1990,2533,星期六,sao_ha_candidate,騷哈日候選 / 稍哈日候選,เสาร์ 5,Sao Ha candidate,thai-amulet-auspicious-day,ขึ้น 5 ค่ำ เดือน 5,5,5,waxing,5,按規則產生：星期六 + 泰國陰曆 5 月 + ขึ้น 5 ค่ำ 或 แรม 5 ค่ำ。未做人工作法會或高僧認定。
1990-04-03,1990,2533,星期二,wan_phra,泰國佛日,วันพระ,Wan Phra,thai-buddhist,ขึ้น 8 ค่ำ เดือน 5,5,8,waxing,8,
1990-04-10,1990,2533,星期二,wan_phra,泰國佛日,วันพระ,Wan Phra,thai-buddhist,ขึ้น 15 ค่ำ เดือน 5,5,15,waxing,15,
1990-04-18,1990,2533,星期三,wan_phra,泰國佛日,วันพระ,Wan Phra,thai-buddhist,แรม 8 ค่ำ เดือน 5,5,23,waning,8,
1990-04-24,1990,2533,星期二,wan_phra,泰國佛日,วันพระ,Wan Phra,thai-buddhist,แรม 14 ค่ำ เดือน 5,5,29,waning,14,
1990-05-02,1990,2533,星期三,wan_phra,泰國佛日,วันพระ,Wan Phra,thai-buddhist,ขึ้น 8 ค่ำ เดือน 6,6,8,waxing,8,
1990-05-09,1990,2533,星期三,visakha_bucha,衛塞節,วิสาขบูชา,Visakha Bucha,thai-buddhist-major,ขึ้น 15 ค่ำ เดือน 6,6,15,waxing,15,
1990-05-09,1990,2533,星期三,wan_phra,泰國佛日,วันพระ,Wan Phra,thai-buddhist,ขึ้น 15 ค่ำ เดือน 6,6,15,waxing,15,
1990-05-17,1990,2533,星期四,wan_phra,泰國佛日,วันพระ,Wan Phra,thai-buddhist,แรม 8 ค่ำ เดือน 6,6,23,waning,8,
1990-05-24,1990,2533,星期四,wan_phra,泰國佛日,วันพระ,Wan Phra,thai-buddhist,แรม 15 ค่ำ เดือน 6,6,30,waning,15,
1990-06-01,1990,2533,星期五,wan_phra,泰國佛日,วันพระ,Wan Phra,thai-buddhist,ขึ้น 8 ค่ำ เดือน 7,7,8,waxing,8,
1990-06-08,1990,2533,星期五,wan_phra,泰國佛日,วันพระ,Wan Phra,thai-buddhist,ขึ้น 15 ค่ำ เดือน 7,7,15,waxing,15,
1990-06-16,1990,2533,星期六,wan_phra,泰國佛日,วันพระ,Wan Phra,thai-buddhist,แรม 8 ค่ำ เดือน 7,7,23,waning,8,
1990-06-22,1990,2533,星期五,wan_phra,泰國佛日,วันพระ,Wan Phra,thai-buddhist,แรม 14 ค่ำ เดือน 7,7,29,waning,14,
1990-06-30,1990,2533,星期六,wan_phra,泰國佛日,วันพระ,Wan Phra,thai-buddhist,ขึ้น 8 ค่ำ เดือน 8,8,8,waxing,8,
1990-07-07,1990,2533,星期六,wan_phra,泰國佛日,วันพระ,Wan Phra,thai-buddhist,ขึ้น 15 ค่ำ เดือน 8,8,15,waxing,15,
1990-07-08,1990,2533,星期日,khao_phansa,入雨安居,เข้าพรรษา,Khao Phansa,thai-buddhist-major,แรม 1 ค่ำ เดือน 8,8,16,waning,1,
1990-07-15,1990,2533,星期日,wan_phra,泰國佛日,วันพระ,Wan Phra,thai-buddhist,แรม 8 ค่ำ เดือน 8,8,23,waning,8,
1990-07-22,1990,2533,星期日,wan_phra,泰國佛日,วันพระ,Wan Phra,thai-buddhist,แรม 15 ค่ำ เดือน 8,8,30,waning,15,
1990-07-30,1990,2533,星期一,wan_phra,泰國佛日,วันพระ,Wan Phra,thai-buddhist,ขึ้น 8 ค่ำ เดือน 9,9,8,waxing,8,
1990-08-06,1990,2533,星期一,wan_phra,泰國佛日,วันพระ,Wan Phra,thai-buddhist,ขึ้น 15 ค่ำ เดือน 9,9,15,waxing,15,
1990-08-14,1990,2533,星期二,wan_phra,泰國佛日,วันพระ,Wan Phra,thai-buddhist,แรม 8 ค่ำ เดือน 9,9,23,waning,8,
1990-08-20,1990,2533,星期一,wan_phra,泰國佛日,วันพระ,Wan Phra,thai-buddhist,แรม 14 ค่ำ เดือน 9,9,29,waning,14,
1990-08-28,1990,2533,星期二,wan_phra,泰國佛日,วันพระ,Wan Phra,thai-buddhist,ขึ้น 8 ค่ำ เดือน 10,10,8,waxing,8,
1990-09-04,1990,2533,星期二,wan_phra,泰國佛日,วันพระ,Wan Phra,thai-buddhist,ขึ้น 15 ค่ำ เดือน 10,10,15,waxing,15,
1990-09-12,1990,2533,星期三,wan_phra,泰國佛日,วันพระ,Wan Phra,thai-buddhist,แรม 8 ค่ำ เดือน 10,10,23,waning,8,
1990-09-19,1990,2533,星期三,wan_phra,泰國佛日,วันพระ,Wan Phra,thai-buddhist,แรม 15 ค่ำ เดือน 10,10,30,waning,15,
1990-09-27,1990,2533,星期四,wan_phra,泰國佛日,วันพระ,Wan Phra,thai-buddhist,ขึ้น 8 ค่ำ เดือน 11,11,8,waxing,8,
1990-10-04,1990,2533,星期四,ok_phansa,出雨安居,ออกพรรษา,Ok Phansa,thai-buddhist-major,ขึ้น 15 ค่ำ เดือน 11,11,15,waxing,15,
1990-10-04,1990,2533,星期四,wan_phra,泰國佛日,วันพระ,Wan Phra,thai-buddhist,ขึ้น 15 ค่ำ เดือน 11,11,15,waxing,15,
1990-10-12,1990,2533,星期五,wan_phra,泰國佛日,วันพระ,Wan Phra,thai-buddhist,แรม 8 ค่ำ เดือน 11,11,23,waning,8,
1990-10-18,1990,2533,星期四,wan_phra,泰國佛日,วันพระ,Wan Phra,thai-buddhist,แรม 14 ค่ำ เดือน 11,11,29,waning,14,
1990-10-26,1990,2533,星期五,wan_phra,泰國佛日,วันพระ,Wan Phra,thai-buddhist,ขึ้น 8 ค่ำ เดือน 12,12,8,waxing,8,
1990-11-02,1990,2533,星期五,wan_phra,泰國佛日,วันพระ,Wan Phra,thai-buddhist,ขึ้น 15 ค่ำ เดือน 12,12,15,waxing,15,
1990-11-10,1990,2533,星期六,wan_phra,泰國佛日,วันพระ,Wan Phra,thai-buddhist,แรม 8 ค่ำ เดือน 12,12,23,waning,8,
1990-11-17,1990,2533,星期六,wan_phra,泰國佛日,วันพระ,Wan Phra,thai-buddhist,แรม 15 ค่ำ เดือน 12,12,30,waning,15,
1990-11-25,1990,2533,星期日,wan_phra,泰國佛日,วันพระ,Wan Phra,thai-buddhist,ขึ้น 8 ค่ำ เดือน 1,1,8,waxing,8,
1990-12-02,1990,2533,星期日,wan_phra,泰國佛日,วันพระ,Wan Phra,thai-buddhist,ขึ้น 15 ค่ำ เดือน 1,1,15,waxing,15,
1990-12-10,1990,2533,星期一,wan_phra,泰國佛日,วันพระ,Wan Phra,thai-buddhist,แรม 8 ค่ำ เดือน 1,1,23,waning,8,
1990-12-16,1990,2533,星期日,wan_phra,泰國佛日,วันพระ,Wan Phra,thai-buddhist,แรม 14 ค่ำ เดือน 1,1,29,waning,14,
1990-12-24,1990,2533,星期一,wan_phra,泰國佛日,วันพระ,Wan Phra,thai-buddhist,ขึ้น 8 ค่ำ เดือน 2,2,8,waxing,8,
1990-12-31,1990,2533,星期一,wan_phra,泰國佛日,วันพระ,Wan Phra,thai-buddhist,ขึ้น 15 ค่ำ เดือน 2,2,15,waxing,15,
1991-01-08,1991,2534,星期二,wan_phra,泰國佛日,วันพระ,Wan Phra,thai-buddhist,แรม 8 ค่ำ เดือน 2,2,23,waning,8,
1991-01-15,1991,2534,星期二,wan_phra,泰國佛日,วันพระ,Wan Phra,thai-buddhist,แรม 15 ค่ำ เดือน 2,2,30,waning,15,
1991-01-23,1991,2534,星期三,wan_phra,泰國佛日,วันพระ,Wan Phra,thai-buddhist,ขึ้น 8 ค่ำ เดือน 3,3,8,waxing,8,
1991-01-30,1991,2534,星期三,wan_phra,泰國佛日,วันพระ,Wan Phra,thai-buddhist,ขึ้น 15 ค่ำ เดือน 3,3,15,waxing,15,
1991-02-07,1991,2534,星期四,wan_phra,泰國佛日,วันพระ,Wan Phra,thai-buddhist,แรม 8 ค่ำ เดือน 3,3,23,waning,8,
1991-02-13,1991,2534,星期三,wan_phra,泰國佛日,วันพระ,Wan Phra,thai-buddhist,แรม 14 ค่ำ เดือน 3,3,29,waning,14,
1991-02-21,1991,2534,星期四,wan_phra,泰國佛日,วันพระ,Wan Phra,thai-buddhist,ขึ้น 8 ค่ำ เดือน 4,4,8,waxing,8,
1991-02-28,1991,2534,星期四,makha_bucha,萬佛節,มาฆบูชา,Makha Bucha,thai-buddhist-major,ขึ้น 15 ค่ำ เดือน 4,4,15,waxing,15,
1991-02-28,1991,2534,星期四,wan_phra,泰國佛日,วันพระ,Wan Phra,thai-buddhist,ขึ้น 15 ค่ำ เดือน 4,4,15,waxing,15,
1991-03-08,1991,2534,星期五,wan_phra,泰國佛日,วันพระ,Wan Phra,thai-buddhist,แรม 8 ค่ำ เดือน 4,4,23,waning,8,
1991-03-15,1991,2534,星期五,wan_phra,泰國佛日,วันพระ,Wan Phra,thai-buddhist,แรม 15 ค่ำ เดือน 4,4,30,waning,15,
1991-03-23,1991,2534,星期六,wan_phra,泰國佛日,วันพระ,Wan Phra,thai-buddhist,ขึ้น 8 ค่ำ เดือน 5,5,8,waxing,8,
1991-03-30,1991,2534,星期六,wan_phra,泰國佛日,วันพระ,Wan Phra,thai-buddhist,ขึ้น 15 ค่ำ เดือน 5,5,15,waxing,15,
1991-04-07,1991,2534,星期日,wan_phra,泰國佛日,วันพระ,Wan Phra,thai-buddhist,แรม 8 ค่ำ เดือน 5,5,23,waning,8,
1991-04-13,1991,2534,星期六,wan_phra,泰國佛日,วันพระ,Wan Phra,thai-buddhist,แรม 14 ค่ำ เดือน 5,5,29,waning,14,
1991-04-21,1991,2534,星期日,wan_phra,泰國佛日,วันพระ,Wan Phra,thai-buddhist,ขึ้น 8 ค่ำ เดือน 6,6,8,waxing,8,
1991-04-28,1991,2534,星期日,wan_phra,泰國佛日,วันพระ,Wan Phra,thai-buddhist,ขึ้น 15 ค่ำ เดือน 6,6,15,waxing,15,
1991-05-06,1991,2534,星期一,wan_phra,泰國佛日,วันพระ,Wan Phra,thai-buddhist,แรม 8 ค่ำ เดือน 6,6,23,waning,8,
1991-05-13,1991,2534,星期一,wan_phra,泰國佛日,วันพระ,Wan Phra,thai-buddhist,แรม 15 ค่ำ เดือน 6,6,30,waning,15,
1991-05-21,1991,2534,星期二,wan_phra,泰國佛日,วันพระ,Wan Phra,thai-buddhist,ขึ้น 8 ค่ำ เดือน 7,7,8,waxing,8,
1991-05-28,1991,2534,星期二,visakha_bucha,衛塞節,วิสาขบูชา,Visakha Bucha,thai-buddhist-major,ขึ้น 15 ค่ำ เดือน 7,7,15,waxing,15,
1991-05-28,1991,2534,星期二,wan_phra,泰國佛日,วันพระ,Wan Phra,thai-buddhist,ขึ้น 15 ค่ำ เดือน 7,7,15,waxing,15,
1991-06-05,1991,2534,星期三,wan_phra,泰國佛日,วันพระ,Wan Phra,thai-buddhist,แรม 8 ค่ำ เดือน 7,7,23,waning,8,
1991-06-11,1991,2534,星期二,wan_phra,泰國佛日,วันพระ,Wan Phra,thai-buddhist,แรม 14 ค่ำ เดือน 7,7,29,waning,14,
1991-06-19,1991,2534,星期三,wan_phra,泰國佛日,วันพระ,Wan Phra,thai-buddhist,ขึ้น 8 ค่ำ เดือน 8,8,8,waxing,8,
1991-06-26,1991,2534,星期三,wan_phra,泰國佛日,วันพระ,Wan Phra,thai-buddhist,ขึ้น 15 ค่ำ เดือน 8,8,15,waxing,15,
1991-07-04,1991,2534,星期四,wan_phra,泰國佛日,วันพระ,Wan Phra,thai-buddhist,แรม 8 ค่ำ เดือน 8,8,23,waning,8,
1991-07-11,1991,2534,星期四,wan_phra,泰國佛日,วันพระ,Wan Phra,thai-buddhist,แรม 15 ค่ำ เดือน 8,8,30,waning,15,
1991-07-19,1991,2534,星期五,wan_phra,泰國佛日,วันพระ,Wan Phra,thai-buddhist,ขึ้น 8 ค่ำ เดือน 88,88,8,waxing,8,
1991-07-26,1991,2534,星期五,wan_phra,泰國佛日,วันพระ,Wan Phra,thai-buddhist,ขึ้น 15 ค่ำ เดือน 88,88,15,waxing,15,
1991-07-27,1991,2534,星期六,khao_phansa,入雨安居,เข้าพรรษา,Khao Phansa,thai-buddhist-major,แรม 1 ค่ำ เดือน 88,88,16,waning,1,
1991-08-03,1991,2534,星期六,wan_phra,泰國佛日,วันพระ,Wan Phra,thai-buddhist,แรม 8 ค่ำ เดือน 88,88,23,waning,8,
1991-08-10,1991,2534,星期六,wan_phra,泰國佛日,วันพระ,Wan Phra,thai-buddhist,แรม 15 ค่ำ เดือน 88,88,30,waning,15,
1991-08-18,1991,2534,星期日,wan_phra,泰國佛日,วันพระ,Wan Phra,thai-buddhist,ขึ้น 8 ค่ำ เดือน 9,9,8,waxing,8,
1991-08-25,1991,2534,星期日,wan_phra,泰國佛日,วันพระ,Wan Phra,thai-buddhist,ขึ้น 15 ค่ำ เดือน 9,9,15,waxing,15,
1991-09-02,1991,2534,星期一,wan_phra,泰國佛日,วันพระ,Wan Phra,thai-buddhist,แรม 8 ค่ำ เดือน 9,9,23,waning,8,
1991-09-08,1991,2534,星期日,wan_phra,泰國佛日,วันพระ,Wan Phra,thai-buddhist,แรม 14 ค่ำ เดือน 9,9,29,waning,14,
1991-09-16,1991,2534,星期一,wan_phra,泰國佛日,วันพระ,Wan Phra,thai-buddhist,ขึ้น 8 ค่ำ เดือน 10,10,8,waxing,8,
1991-09-23,1991,2534,星期一,wan_phra,泰國佛日,วันพระ,Wan Phra,thai-buddhist,ขึ้น 15 ค่ำ เดือน 10,10,15,waxing,15,
1991-10-01,1991,2534,星期二,wan_phra,泰國佛日,วันพระ,Wan Phra,thai-buddhist,แรม 8 ค่ำ เดือน 10,10,23,waning,8,
1991-10-08,1991,2534,星期二,wan_phra,泰國佛日,วันพระ,Wan Phra,thai-buddhist,แรม 15 ค่ำ เดือน 10,10,30,waning,15,
1991-10-16,1991,2534,星期三,wan_phra,泰國佛日,วันพระ,Wan Phra,thai-buddhist,ขึ้น 8 ค่ำ เดือน 11,11,8,waxing,8,
1991-10-23,1991,2534,星期三,ok_phansa,出雨安居,ออกพรรษา,Ok Phansa,thai-buddhist-major,ขึ้น 15 ค่ำ เดือน 11,11,15,waxing,15,
1991-10-23,1991,2534,星期三,wan_phra,泰國佛日,วันพระ,Wan Phra,thai-buddhist,ขึ้น 15 ค่ำ เดือน 11,11,15,waxing,15,
1991-10-31,1991,2534,星期四,wan_phra,泰國佛日,วันพระ,Wan Phra,thai-buddhist,แรม 8 ค่ำ เดือน 11,11,23,waning,8,
1991-11-06,1991,2534,星期三,wan_phra,泰國佛日,วันพระ,Wan Phra,thai-buddhist,แรม 14 ค่ำ เดือน 11,11,29,waning,14,
1991-11-14,1991,2534,星期四,wan_phra,泰國佛日,วันพระ,Wan Phra,thai-buddhist,ขึ้น 8 ค่ำ เดือน 12,12,8,waxing,8,
1991-11-21,1991,2534,星期四,wan_phra,泰國佛日,วันพระ,Wan Phra,thai-buddhist,ขึ้น 15 ค่ำ เดือน 12,12,15,waxing,15,
1991-11-29,1991,2534,星期五,wan_phra,泰國佛日,วันพระ,Wan Phra,thai-buddhist,แรม 8 ค่ำ เดือน 12,12,23,waning,8,
1991-12-06,1991,2534,星期五,wan_phra,泰國佛日,วันพระ,Wan Phra,thai-buddhist,แรม 15 ค่ำ เดือน 12,12,30,waning,15,
1991-12-14,1991,2534,星期六,wan_phra,泰國佛日,วันพระ,Wan Phra,thai-buddhist,ขึ้น 8 ค่ำ เดือน 1,1,8,waxing,8,
1991-12-21,1991,2534,星期六,wan_phra,泰國佛日,วันพระ,Wan Phra,thai-buddhist,ขึ้น 15 ค่ำ เดือน 1,1,15,waxing,15,
1991-12-29,1991,2534,星期日,wan_phra,泰國佛日,วันพระ,Wan Phra,thai-buddhist,แรม 8 ค่ำ เดือน 1,1,23,waning,8,
1992-01-04,1992,2535,星期六,wan_phra,泰國佛日,วันพระ,Wan Phra,thai-buddhist,แรม 14 ค่ำ เดือน 1,1,29,waning,14,
1992-01-12,1992,2535,星期日,wan_phra,泰國佛日,วันพระ,Wan Phra,thai-buddhist,ขึ้น 8 ค่ำ เดือน 2,2,8,waxing,8,
1992-01-19,1992,2535,星期日,wan_phra,泰國佛日,วันพระ,Wan Phra,thai-buddhist,ขึ้น 15 ค่ำ เดือน 2,2,15,waxing,15,
1992-01-27,1992,2535,星期一,wan_phra,泰國佛日,วันพระ,Wan Phra,thai-buddhist,แรม 8 ค่ำ เดือน 2,2,23,waning,8,
1992-02-03,1992,2535,星期一,wan_phra,泰國佛日,วันพระ,Wan Phra,thai-buddhist,แรม 15 ค่ำ เดือน 2,2,30,waning,15,
1992-02-11,1992,2535,星期二,wan_phra,泰國佛日,วันพระ,Wan Phra,thai-buddhist,ขึ้น 8 ค่ำ เดือน 3,3,8,waxing,8,
1992-02-18,1992,2535,星期二,makha_bucha,萬佛節,มาฆบูชา,Makha Bucha,thai-buddhist-major,ขึ้น 15 ค่ำ เดือน 3,3,15,waxing,15,
1992-02-18,1992,2535,星期二,wan_phra,泰國佛日,วันพระ,Wan Phra,thai-buddhist,ขึ้น 15 ค่ำ เดือน 3,3,15,waxing,15,
1992-02-26,1992,2535,星期三,wan_phra,泰國佛日,วันพระ,Wan Phra,thai-buddhist,แรม 8 ค่ำ เดือน 3,3,23,waning,8,
1992-03-03,1992,2535,星期二,wan_phra,泰國佛日,วันพระ,Wan Phra,thai-buddhist,แรม 14 ค่ำ เดือน 3,3,29,waning,14,
1992-03-11,1992,2535,星期三,wan_phra,泰國佛日,วันพระ,Wan Phra,thai-buddhist,ขึ้น 8 ค่ำ เดือน 4,4,8,waxing,8,
1992-03-18,1992,2535,星期三,wan_phra,泰國佛日,วันพระ,Wan Phra,thai-buddhist,ขึ้น 15 ค่ำ เดือน 4,4,15,waxing,15,
1992-03-26,1992,2535,星期四,wan_phra,泰國佛日,วันพระ,Wan Phra,thai-buddhist,แรม 8 ค่ำ เดือน 4,4,23,waning,8,
1992-04-02,1992,2535,星期四,wan_phra,泰國佛日,วันพระ,Wan Phra,thai-buddhist,แรม 15 ค่ำ เดือน 4,4,30,waning,15,
1992-04-10,1992,2535,星期五,wan_phra,泰國佛日,วันพระ,Wan Phra,thai-buddhist,ขึ้น 8 ค่ำ เดือน 5,5,8,waxing,8,
1992-04-17,1992,2535,星期五,wan_phra,泰國佛日,วันพระ,Wan Phra,thai-buddhist,ขึ้น 15 ค่ำ เดือน 5,5,15,waxing,15,
1992-04-25,1992,2535,星期六,wan_phra,泰國佛日,วันพระ,Wan Phra,thai-buddhist,แรม 8 ค่ำ เดือน 5,5,23,waning,8,
1992-05-01,1992,2535,星期五,wan_phra,泰國佛日,วันพระ,Wan Phra,thai-buddhist,แรม 14 ค่ำ เดือน 5,5,29,waning,14,
1992-05-09,1992,2535,星期六,wan_phra,泰國佛日,วันพระ,Wan Phra,thai-buddhist,ขึ้น 8 ค่ำ เดือน 6,6,8,waxing,8,
1992-05-16,1992,2535,星期六,visakha_bucha,衛塞節,วิสาขบูชา,Visakha Bucha,thai-buddhist-major,ขึ้น 15 ค่ำ เดือน 6,6,15,waxing,15,
1992-05-16,1992,2535,星期六,wan_phra,泰國佛日,วันพระ,Wan Phra,thai-buddhist,ขึ้น 15 ค่ำ เดือน 6,6,15,waxing,15,
1992-05-24,1992,2535,星期日,wan_phra,泰國佛日,วันพระ,Wan Phra,thai-buddhist,แรม 8 ค่ำ เดือน 6,6,23,waning,8,
1992-05-31,1992,2535,星期日,wan_phra,泰國佛日,วันพระ,Wan Phra,thai-buddhist,แรม 15 ค่ำ เดือน 6,6,30,waning,15,
1992-06-08,1992,2535,星期一,wan_phra,泰國佛日,วันพระ,Wan Phra,thai-buddhist,ขึ้น 8 ค่ำ เดือน 7,7,8,waxing,8,
1992-06-15,1992,2535,星期一,wan_phra,泰國佛日,วันพระ,Wan Phra,thai-buddhist,ขึ้น 15 ค่ำ เดือน 7,7,15,waxing,15,
1992-06-23,1992,2535,星期二,wan_phra,泰國佛日,วันพระ,Wan Phra,thai-buddhist,แรม 8 ค่ำ เดือน 7,7,23,waning,8,
1992-06-29,1992,2535,星期一,wan_phra,泰國佛日,วันพระ,Wan Phra,thai-buddhist,แรม 14 ค่ำ เดือน 7,7,29,waning,14,
1992-07-07,1992,2535,星期二,wan_phra,泰國佛日,วันพระ,Wan Phra,thai-buddhist,ขึ้น 8 ค่ำ เดือน 8,8,8,waxing,8,
1992-07-14,1992,2535,星期二,wan_phra,泰國佛日,วันพระ,Wan Phra,thai-buddhist,ขึ้น 15 ค่ำ เดือน 8,8,15,waxing,15,
1992-07-15,1992,2535,星期三,khao_phansa,入雨安居,เข้าพรรษา,Khao Phansa,thai-buddhist-major,แรม 1 ค่ำ เดือน 8,8,16,waning,1,
1992-07-22,1992,2535,星期三,wan_phra,泰國佛日,วันพระ,Wan Phra,thai-buddhist,แรม 8 ค่ำ เดือน 8,8,23,waning,8,
1992-07-29,1992,2535,星期三,wan_phra,泰國佛日,วันพระ,Wan Phra,thai-buddhist,แรม 15 ค่ำ เดือน 8,8,30,waning,15,
1992-08-06,1992,2535,星期四,wan_phra,泰國佛日,วันพระ,Wan Phra,thai-buddhist,ขึ้น 8 ค่ำ เดือน 9,9,8,waxing,8,
1992-08-13,1992,2535,星期四,wan_phra,泰國佛日,วันพระ,Wan Phra,thai-buddhist,ขึ้น 15 ค่ำ เดือน 9,9,15,waxing,15,
1992-08-21,1992,2535,星期五,wan_phra,泰國佛日,วันพระ,Wan Phra,thai-buddhist,แรม 8 ค่ำ เดือน 9,9,23,waning,8,
1992-08-27,1992,2535,星期四,wan_phra,泰國佛日,วันพระ,Wan Phra,thai-buddhist,แรม 14 ค่ำ เดือน 9,9,29,waning,14,
1992-09-04,1992,2535,星期五,wan_phra,泰國佛日,วันพระ,Wan Phra,thai-buddhist,ขึ้น 8 ค่ำ เดือน 10,10,8,waxing,8,
1992-09-11,1992,2535,星期五,wan_phra,泰國佛日,วันพระ,Wan Phra,thai-buddhist,ขึ้น 15 ค่ำ เดือน 10,10,15,waxing,15,
1992-09-19,1992,2535,星期六,wan_phra,泰國佛日,วันพระ,Wan Phra,thai-buddhist,แรม 8 ค่ำ เดือน 10,10,23,waning,8,
1992-09-26,1992,2535,星期六,wan_phra,泰國佛日,วันพระ,Wan Phra,thai-buddhist,แรม 15 ค่ำ เดือน 10,10,30,waning,15,
1992-10-04,1992,2535,星期日,wan_phra,泰國佛日,วันพระ,Wan Phra,thai-buddhist,ขึ้น 8 ค่ำ เดือน 11,11,8,waxing,8,
1992-10-11,1992,2535,星期日,ok_phansa,出雨安居,ออกพรรษา,Ok Phansa,thai-buddhist-major,ขึ้น 15 ค่ำ เดือน 11,11,15,waxing,15,
1992-10-11,1992,2535,星期日,wan_phra,泰國佛日,วันพระ,Wan Phra,thai-buddhist,ขึ้น 15 ค่ำ เดือน 11,11,15,waxing,15,
1992-10-19,1992,2535,星期一,wan_phra,泰國佛日,วันพระ,Wan Phra,thai-buddhist,แรม 8 ค่ำ เดือน 11,11,23,waning,8,
1992-10-25,1992,2535,星期日,wan_phra,泰國佛日,วันพระ,Wan Phra,thai-buddhist,แรม 14 ค่ำ เดือน 11,11,29,waning,14,
1992-11-02,1992,2535,星期一,wan_phra,泰國佛日,วันพระ,Wan Phra,thai-buddhist,ขึ้น 8 ค่ำ เดือน 12,12,8,waxing,8,
1992-11-09,1992,2535,星期一,wan_phra,泰國佛日,วันพระ,Wan Phra,thai-buddhist,ขึ้น 15 ค่ำ เดือน 12,12,15,waxing,15,
1992-11-17,1992,2535,星期二,wan_phra,泰國佛日,วันพระ,Wan Phra,thai-buddhist,แรม 8 ค่ำ เดือน 12,12,23,waning,8,
1992-11-24,1992,2535,星期二,wan_phra,泰國佛日,วันพระ,Wan Phra,thai-buddhist,แรม 15 ค่ำ เดือน 12,12,30,waning,15,
1992-12-02,1992,2535,星期三,wan_phra,泰國佛日,วันพระ,Wan Phra,thai-buddhist,ขึ้น 8 ค่ำ เดือน 1,1,8,waxing,8,
1992-12-09,1992,2535,星期三,wan_phra,泰國佛日,วันพระ,Wan Phra,thai-buddhist,ขึ้น 15 ค่ำ เดือน 1,1,15,waxing,15,
1992-12-17,1992,2535,星期四,wan_phra,泰國佛日,วันพระ,Wan Phra,thai-buddhist,แรม 8 ค่ำ เดือน 1,1,23,waning,8,
1992-12-23,1992,2535,星期三,wan_phra,泰國佛日,วันพระ,Wan Phra,thai-buddhist,แรม 14 ค่ำ เดือน 1,1,29,waning,14,
1992-12-31,1992,2535,星期四,wan_phra,泰國佛日,วันพระ,Wan Phra,thai-buddhist,ขึ้น 8 ค่ำ เดือน 2,2,8,waxing,8,
1993-01-07,1993,2536,星期四,wan_phra,泰國佛日,วันพระ,Wan Phra,thai-buddhist,ขึ้น 15 ค่ำ เดือน 2,2,15,waxing,15,
1993-01-15,1993,2536,星期五,wan_phra,泰國佛日,วันพระ,Wan Phra,thai-buddhist,แรม 8 ค่ำ เดือน 2,2,23,waning,8,
1993-01-22,1993,2536,星期五,wan_phra,泰國佛日,วันพระ,Wan Phra,thai-buddhist,แรม 15 ค่ำ เดือน 2,2,30,waning,15,
1993-01-30,1993,2536,星期六,wan_phra,泰國佛日,วันพระ,Wan Phra,thai-buddhist,ขึ้น 8 ค่ำ เดือน 3,3,8,waxing,8,
1993-02-06,1993,2536,星期六,wan_phra,泰國佛日,วันพระ,Wan Phra,thai-buddhist,ขึ้น 15 ค่ำ เดือน 3,3,15,waxing,15,
1993-02-14,1993,2536,星期日,wan_phra,泰國佛日,วันพระ,Wan Phra,thai-buddhist,แรม 8 ค่ำ เดือน 3,3,23,waning,8,
1993-02-20,1993,2536,星期六,wan_phra,泰國佛日,วันพระ,Wan Phra,thai-buddhist,แรม 14 ค่ำ เดือน 3,3,29,waning,14,
1993-02-28,1993,2536,星期日,wan_phra,泰國佛日,วันพระ,Wan Phra,thai-buddhist,ขึ้น 8 ค่ำ เดือน 4,4,8,waxing,8,
1993-03-07,1993,2536,星期日,makha_bucha,萬佛節,มาฆบูชา,Makha Bucha,thai-buddhist-major,ขึ้น 15 ค่ำ เดือน 4,4,15,waxing,15,
1993-03-07,1993,2536,星期日,wan_phra,泰國佛日,วันพระ,Wan Phra,thai-buddhist,ขึ้น 15 ค่ำ เดือน 4,4,15,waxing,15,
1993-03-15,1993,2536,星期一,wan_phra,泰國佛日,วันพระ,Wan Phra,thai-buddhist,แรม 8 ค่ำ เดือน 4,4,23,waning,8,
1993-03-22,1993,2536,星期一,wan_phra,泰國佛日,วันพระ,Wan Phra,thai-buddhist,แรม 15 ค่ำ เดือน 4,4,30,waning,15,
1993-03-27,1993,2536,星期六,sao_ha_candidate,騷哈日候選 / 稍哈日候選,เสาร์ 5,Sao Ha candidate,thai-amulet-auspicious-day,ขึ้น 5 ค่ำ เดือน 5,5,5,waxing,5,按規則產生：星期六 + 泰國陰曆 5 月 + ขึ้น 5 ค่ำ 或 แรม 5 ค่ำ。未做人工作法會或高僧認定。
1993-03-30,1993,2536,星期二,wan_phra,泰國佛日,วันพระ,Wan Phra,thai-buddhist,ขึ้น 8 ค่ำ เดือน 5,5,8,waxing,8,
1993-04-06,1993,2536,星期二,wan_phra,泰國佛日,วันพระ,Wan Phra,thai-buddhist,ขึ้น 15 ค่ำ เดือน 5,5,15,waxing,15,
1993-04-14,1993,2536,星期三,wan_phra,泰國佛日,วันพระ,Wan Phra,thai-buddhist,แรม 8 ค่ำ เดือน 5,5,23,waning,8,
1993-04-20,1993,2536,星期二,wan_phra,泰國佛日,วันพระ,Wan Phra,thai-buddhist,แรม 14 ค่ำ เดือน 5,5,29,waning,14,
1993-04-28,1993,2536,星期三,wan_phra,泰國佛日,วันพระ,Wan Phra,thai-buddhist,ขึ้น 8 ค่ำ เดือน 6,6,8,waxing,8,
1993-05-05,1993,2536,星期三,wan_phra,泰國佛日,วันพระ,Wan Phra,thai-buddhist,ขึ้น 15 ค่ำ เดือน 6,6,15,waxing,15,
1993-05-13,1993,2536,星期四,wan_phra,泰國佛日,วันพระ,Wan Phra,thai-buddhist,แรม 8 ค่ำ เดือน 6,6,23,waning,8,
1993-05-20,1993,2536,星期四,wan_phra,泰國佛日,วันพระ,Wan Phra,thai-buddhist,แรม 15 ค่ำ เดือน 6,6,30,waning,15,
1993-05-28,1993,2536,星期五,wan_phra,泰國佛日,วันพระ,Wan Phra,thai-buddhist,ขึ้น 8 ค่ำ เดือน 7,7,8,waxing,8,
1993-06-04,1993,2536,星期五,visakha_bucha,衛塞節,วิสาขบูชา,Visakha Bucha,thai-buddhist-major,ขึ้น 15 ค่ำ เดือน 7,7,15,waxing,15,
1993-06-04,1993,2536,星期五,wan_phra,泰國佛日,วันพระ,Wan Phra,thai-buddhist,ขึ้น 15 ค่ำ เดือน 7,7,15,waxing,15,
1993-06-12,1993,2536,星期六,wan_phra,泰國佛日,วันพระ,Wan Phra,thai-buddhist,แรม 8 ค่ำ เดือน 7,7,23,waning,8,
1993-06-18,1993,2536,星期五,wan_phra,泰國佛日,วันพระ,Wan Phra,thai-buddhist,แรม 14 ค่ำ เดือน 7,7,29,waning,14,
1993-06-26,1993,2536,星期六,wan_phra,泰國佛日,วันพระ,Wan Phra,thai-buddhist,ขึ้น 8 ค่ำ เดือน 8,8,8,waxing,8,
1993-07-03,1993,2536,星期六,wan_phra,泰國佛日,วันพระ,Wan Phra,thai-buddhist,ขึ้น 15 ค่ำ เดือน 8,8,15,waxing,15,
1993-07-11,1993,2536,星期日,wan_phra,泰國佛日,วันพระ,Wan Phra,thai-buddhist,แรม 8 ค่ำ เดือน 8,8,23,waning,8,
1993-07-18,1993,2536,星期日,wan_phra,泰國佛日,วันพระ,Wan Phra,thai-buddhist,แรม 15 ค่ำ เดือน 8,8,30,waning,15,
1993-07-26,1993,2536,星期一,wan_phra,泰國佛日,วันพระ,Wan Phra,thai-buddhist,ขึ้น 8 ค่ำ เดือน 88,88,8,waxing,8,
1993-08-02,1993,2536,星期一,wan_phra,泰國佛日,วันพระ,Wan Phra,thai-buddhist,ขึ้น 15 ค่ำ เดือน 88,88,15,waxing,15,
1993-08-03,1993,2536,星期二,khao_phansa,入雨安居,เข้าพรรษา,Khao Phansa,thai-buddhist-major,แรม 1 ค่ำ เดือน 88,88,16,waning,1,
1993-08-10,1993,2536,星期二,wan_phra,泰國佛日,วันพระ,Wan Phra,thai-buddhist,แรม 8 ค่ำ เดือน 88,88,23,waning,8,
1993-08-17,1993,2536,星期二,wan_phra,泰國佛日,วันพระ,Wan Phra,thai-buddhist,แรม 15 ค่ำ เดือน 88,88,30,waning,15,
1993-08-25,1993,2536,星期三,wan_phra,泰國佛日,วันพระ,Wan Phra,thai-buddhist,ขึ้น 8 ค่ำ เดือน 9,9,8,waxing,8,
1993-09-01,1993,2536,星期三,wan_phra,泰國佛日,วันพระ,Wan Phra,thai-buddhist,ขึ้น 15 ค่ำ เดือน 9,9,15,waxing,15,
1993-09-09,1993,2536,星期四,wan_phra,泰國佛日,วันพระ,Wan Phra,thai-buddhist,แรม 8 ค่ำ เดือน 9,9,23,waning,8,
1993-09-15,1993,2536,星期三,wan_phra,泰國佛日,วันพระ,Wan Phra,thai-buddhist,แรม 14 ค่ำ เดือน 9,9,29,waning,14,
1993-09-23,1993,2536,星期四,wan_phra,泰國佛日,วันพระ,Wan Phra,thai-buddhist,ขึ้น 8 ค่ำ เดือน 10,10,8,waxing,8,
1993-09-30,1993,2536,星期四,wan_phra,泰國佛日,วันพระ,Wan Phra,thai-buddhist,ขึ้น 15 ค่ำ เดือน 10,10,15,waxing,15,
1993-10-08,1993,2536,星期五,wan_phra,泰國佛日,วันพระ,Wan Phra,thai-buddhist,แรม 8 ค่ำ เดือน 10,10,23,waning,8,
1993-10-15,1993,2536,星期五,wan_phra,泰國佛日,วันพระ,Wan Phra,thai-buddhist,แรม 15 ค่ำ เดือน 10,10,30,waning,15,
1993-10-23,1993,2536,星期六,wan_phra,泰國佛日,วันพระ,Wan Phra,thai-buddhist,ขึ้น 8 ค่ำ เดือน 11,11,8,waxing,8,
1993-10-30,1993,2536,星期六,ok_phansa,出雨安居,ออกพรรษา,Ok Phansa,thai-buddhist-major,ขึ้น 15 ค่ำ เดือน 11,11,15,waxing,15,
1993-10-30,1993,2536,星期六,wan_phra,泰國佛日,วันพระ,Wan Phra,thai-buddhist,ขึ้น 15 ค่ำ เดือน 11,11,15,waxing,15,
1993-11-07,1993,2536,星期日,wan_phra,泰國佛日,วันพระ,Wan Phra,thai-buddhist,แรม 8 ค่ำ เดือน 11,11,23,waning,8,
1993-11-13,1993,2536,星期六,wan_phra,泰國佛日,วันพระ,Wan Phra,thai-buddhist,แรม 14 ค่ำ เดือน 11,11,29,waning,14,
1993-11-21,1993,2536,星期日,wan_phra,泰國佛日,วันพระ,Wan Phra,thai-buddhist,ขึ้น 8 ค่ำ เดือน 12,12,8,waxing,8,
1993-11-28,1993,2536,星期日,wan_phra,泰國佛日,วันพระ,Wan Phra,thai-buddhist,ขึ้น 15 ค่ำ เดือน 12,12,15,waxing,15,
1993-12-06,1993,2536,星期一,wan_phra,泰國佛日,วันพระ,Wan Phra,thai-buddhist,แรม 8 ค่ำ เดือน 12,12,23,waning,8,
1993-12-13,1993,2536,星期一,wan_phra,泰國佛日,วันพระ,Wan Phra,thai-buddhist,แรม 15 ค่ำ เดือน 12,12,30,waning,15,
1993-12-21,1993,2536,星期二,wan_phra,泰國佛日,วันพระ,Wan Phra,thai-buddhist,ขึ้น 8 ค่ำ เดือน 1,1,8,waxing,8,
1993-12-28,1993,2536,星期二,wan_phra,泰國佛日,วันพระ,Wan Phra,thai-buddhist,ขึ้น 15 ค่ำ เดือน 1,1,15,waxing,15,
1994-01-05,1994,2537,星期三,wan_phra,泰國佛日,วันพระ,Wan Phra,thai-buddhist,แรม 8 ค่ำ เดือน 1,1,23,waning,8,
1994-01-11,1994,2537,星期二,wan_phra,泰國佛日,วันพระ,Wan Phra,thai-buddhist,แรม 14 ค่ำ เดือน 1,1,29,waning,14,
1994-01-19,1994,2537,星期三,wan_phra,泰國佛日,วันพระ,Wan Phra,thai-buddhist,ขึ้น 8 ค่ำ เดือน 2,2,8,waxing,8,
1994-01-26,1994,2537,星期三,wan_phra,泰國佛日,วันพระ,Wan Phra,thai-buddhist,ขึ้น 15 ค่ำ เดือน 2,2,15,waxing,15,
1994-02-03,1994,2537,星期四,wan_phra,泰國佛日,วันพระ,Wan Phra,thai-buddhist,แรม 8 ค่ำ เดือน 2,2,23,waning,8,
1994-02-10,1994,2537,星期四,wan_phra,泰國佛日,วันพระ,Wan Phra,thai-buddhist,แรม 15 ค่ำ เดือน 2,2,30,waning,15,
1994-02-18,1994,2537,星期五,wan_phra,泰國佛日,วันพระ,Wan Phra,thai-buddhist,ขึ้น 8 ค่ำ เดือน 3,3,8,waxing,8,
1994-02-25,1994,2537,星期五,makha_bucha,萬佛節,มาฆบูชา,Makha Bucha,thai-buddhist-major,ขึ้น 15 ค่ำ เดือน 3,3,15,waxing,15,
1994-02-25,1994,2537,星期五,wan_phra,泰國佛日,วันพระ,Wan Phra,thai-buddhist,ขึ้น 15 ค่ำ เดือน 3,3,15,waxing,15,
1994-03-05,1994,2537,星期六,wan_phra,泰國佛日,วันพระ,Wan Phra,thai-buddhist,แรม 8 ค่ำ เดือน 3,3,23,waning,8,
1994-03-11,1994,2537,星期五,wan_phra,泰國佛日,วันพระ,Wan Phra,thai-buddhist,แรม 14 ค่ำ เดือน 3,3,29,waning,14,
1994-03-19,1994,2537,星期六,wan_phra,泰國佛日,วันพระ,Wan Phra,thai-buddhist,ขึ้น 8 ค่ำ เดือน 4,4,8,waxing,8,
1994-03-26,1994,2537,星期六,wan_phra,泰國佛日,วันพระ,Wan Phra,thai-buddhist,ขึ้น 15 ค่ำ เดือน 4,4,15,waxing,15,
1994-04-03,1994,2537,星期日,wan_phra,泰國佛日,วันพระ,Wan Phra,thai-buddhist,แรม 8 ค่ำ เดือน 4,4,23,waning,8,
1994-04-10,1994,2537,星期日,wan_phra,泰國佛日,วันพระ,Wan Phra,thai-buddhist,แรม 15 ค่ำ เดือน 4,4,30,waning,15,
1994-04-18,1994,2537,星期一,wan_phra,泰國佛日,วันพระ,Wan Phra,thai-buddhist,ขึ้น 8 ค่ำ เดือน 5,5,8,waxing,8,
1994-04-25,1994,2537,星期一,wan_phra,泰國佛日,วันพระ,Wan Phra,thai-buddhist,ขึ้น 15 ค่ำ เดือน 5,5,15,waxing,15,
1994-04-30,1994,2537,星期六,sao_ha_candidate,騷哈日候選 / 稍哈日候選,เสาร์ 5,Sao Ha candidate,thai-amulet-auspicious-day,แรม 5 ค่ำ เดือน 5,5,20,waning,5,按規則產生：星期六 + 泰國陰曆 5 月 + ขึ้น 5 ค่ำ 或 แรม 5 ค่ำ。未做人工作法會或高僧認定。
1994-05-03,1994,2537,星期二,wan_phra,泰國佛日,วันพระ,Wan Phra,thai-buddhist,แรม 8 ค่ำ เดือน 5,5,23,waning,8,
1994-05-09,1994,2537,星期一,wan_phra,泰國佛日,วันพระ,Wan Phra,thai-buddhist,แรม 14 ค่ำ เดือน 5,5,29,waning,14,
1994-05-17,1994,2537,星期二,wan_phra,泰國佛日,วันพระ,Wan Phra,thai-buddhist,ขึ้น 8 ค่ำ เดือน 6,6,8,waxing,8,
1994-05-24,1994,2537,星期二,visakha_bucha,衛塞節,วิสาขบูชา,Visakha Bucha,thai-buddhist-major,ขึ้น 15 ค่ำ เดือน 6,6,15,waxing,15,
1994-05-24,1994,2537,星期二,wan_phra,泰國佛日,วันพระ,Wan Phra,thai-buddhist,ขึ้น 15 ค่ำ เดือน 6,6,15,waxing,15,
1994-06-01,1994,2537,星期三,wan_phra,泰國佛日,วันพระ,Wan Phra,thai-buddhist,แรม 8 ค่ำ เดือน 6,6,23,waning,8,
1994-06-08,1994,2537,星期三,wan_phra,泰國佛日,วันพระ,Wan Phra,thai-buddhist,แรม 15 ค่ำ เดือน 6,6,30,waning,15,
1994-06-16,1994,2537,星期四,wan_phra,泰國佛日,วันพระ,Wan Phra,thai-buddhist,ขึ้น 8 ค่ำ เดือน 7,7,8,waxing,8,
1994-06-23,1994,2537,星期四,wan_phra,泰國佛日,วันพระ,Wan Phra,thai-buddhist,ขึ้น 15 ค่ำ เดือน 7,7,15,waxing,15,
1994-07-01,1994,2537,星期五,wan_phra,泰國佛日,วันพระ,Wan Phra,thai-buddhist,แรม 8 ค่ำ เดือน 7,7,23,waning,8,
1994-07-08,1994,2537,星期五,wan_phra,泰國佛日,วันพระ,Wan Phra,thai-buddhist,แรม 15 ค่ำ เดือน 7,7,30,waning,15,
1994-07-16,1994,2537,星期六,wan_phra,泰國佛日,วันพระ,Wan Phra,thai-buddhist,ขึ้น 8 ค่ำ เดือน 8,8,8,waxing,8,
1994-07-23,1994,2537,星期六,wan_phra,泰國佛日,วันพระ,Wan Phra,thai-buddhist,ขึ้น 15 ค่ำ เดือน 8,8,15,waxing,15,
1994-07-24,1994,2537,星期日,khao_phansa,入雨安居,เข้าพรรษา,Khao Phansa,thai-buddhist-major,แรม 1 ค่ำ เดือน 8,8,16,waning,1,
1994-07-31,1994,2537,星期日,wan_phra,泰國佛日,วันพระ,Wan Phra,thai-buddhist,แรม 8 ค่ำ เดือน 8,8,23,waning,8,
1994-08-07,1994,2537,星期日,wan_phra,泰國佛日,วันพระ,Wan Phra,thai-buddhist,แรม 15 ค่ำ เดือน 8,8,30,waning,15,
1994-08-15,1994,2537,星期一,wan_phra,泰國佛日,วันพระ,Wan Phra,thai-buddhist,ขึ้น 8 ค่ำ เดือน 9,9,8,waxing,8,
1994-08-22,1994,2537,星期一,wan_phra,泰國佛日,วันพระ,Wan Phra,thai-buddhist,ขึ้น 15 ค่ำ เดือน 9,9,15,waxing,15,
1994-08-30,1994,2537,星期二,wan_phra,泰國佛日,วันพระ,Wan Phra,thai-buddhist,แรม 8 ค่ำ เดือน 9,9,23,waning,8,
1994-09-05,1994,2537,星期一,wan_phra,泰國佛日,วันพระ,Wan Phra,thai-buddhist,แรม 14 ค่ำ เดือน 9,9,29,waning,14,
1994-09-13,1994,2537,星期二,wan_phra,泰國佛日,วันพระ,Wan Phra,thai-buddhist,ขึ้น 8 ค่ำ เดือน 10,10,8,waxing,8,
1994-09-20,1994,2537,星期二,wan_phra,泰國佛日,วันพระ,Wan Phra,thai-buddhist,ขึ้น 15 ค่ำ เดือน 10,10,15,waxing,15,
1994-09-28,1994,2537,星期三,wan_phra,泰國佛日,วันพระ,Wan Phra,thai-buddhist,แรม 8 ค่ำ เดือน 10,10,23,waning,8,
1994-10-05,1994,2537,星期三,wan_phra,泰國佛日,วันพระ,Wan Phra,thai-buddhist,แรม 15 ค่ำ เดือน 10,10,30,waning,15,
1994-10-13,1994,2537,星期四,wan_phra,泰國佛日,วันพระ,Wan Phra,thai-buddhist,ขึ้น 8 ค่ำ เดือน 11,11,8,waxing,8,
1994-10-20,1994,2537,星期四,ok_phansa,出雨安居,ออกพรรษา,Ok Phansa,thai-buddhist-major,ขึ้น 15 ค่ำ เดือน 11,11,15,waxing,15,
1994-10-20,1994,2537,星期四,wan_phra,泰國佛日,วันพระ,Wan Phra,thai-buddhist,ขึ้น 15 ค่ำ เดือน 11,11,15,waxing,15,
1994-10-28,1994,2537,星期五,wan_phra,泰國佛日,วันพระ,Wan Phra,thai-buddhist,แรม 8 ค่ำ เดือน 11,11,23,waning,8,
1994-11-03,1994,2537,星期四,wan_phra,泰國佛日,วันพระ,Wan Phra,thai-buddhist,แรม 14 ค่ำ เดือน 11,11,29,waning,14,
1994-11-11,1994,2537,星期五,wan_phra,泰國佛日,วันพระ,Wan Phra,thai-buddhist,ขึ้น 8 ค่ำ เดือน 12,12,8,waxing,8,
1994-11-18,1994,2537,星期五,wan_phra,泰國佛日,วันพระ,Wan Phra,thai-buddhist,ขึ้น 15 ค่ำ เดือน 12,12,15,waxing,15,
1994-11-26,1994,2537,星期六,wan_phra,泰國佛日,วันพระ,Wan Phra,thai-buddhist,แรม 8 ค่ำ เดือน 12,12,23,waning,8,
1994-12-03,1994,2537,星期六,wan_phra,泰國佛日,วันพระ,Wan Phra,thai-buddhist,แรม 15 ค่ำ เดือน 12,12,30,waning,15,
1994-12-11,1994,2537,星期日,wan_phra,泰國佛日,วันพระ,Wan Phra,thai-buddhist,ขึ้น 8 ค่ำ เดือน 1,1,8,waxing,8,
1994-12-18,1994,2537,星期日,wan_phra,泰國佛日,วันพระ,Wan Phra,thai-buddhist,ขึ้น 15 ค่ำ เดือน 1,1,15,waxing,15,
1994-12-26,1994,2537,星期一,wan_phra,泰國佛日,วันพระ,Wan Phra,thai-buddhist,แรม 8 ค่ำ เดือน 1,1,23,waning,8,
1995-01-01,1995,2538,星期日,wan_phra,泰國佛日,วันพระ,Wan Phra,thai-buddhist,แรม 14 ค่ำ เดือน 1,1,29,waning,14,
1995-01-09,1995,2538,星期一,wan_phra,泰國佛日,วันพระ,Wan Phra,thai-buddhist,ขึ้น 8 ค่ำ เดือน 2,2,8,waxing,8,
1995-01-16,1995,2538,星期一,wan_phra,泰國佛日,วันพระ,Wan Phra,thai-buddhist,ขึ้น 15 ค่ำ เดือน 2,2,15,waxing,15,
1995-01-24,1995,2538,星期二,wan_phra,泰國佛日,วันพระ,Wan Phra,thai-buddhist,แรม 8 ค่ำ เดือน 2,2,23,waning,8,
1995-01-31,1995,2538,星期二,wan_phra,泰國佛日,วันพระ,Wan Phra,thai-buddhist,แรม 15 ค่ำ เดือน 2,2,30,waning,15,
1995-02-08,1995,2538,星期三,wan_phra,泰國佛日,วันพระ,Wan Phra,thai-buddhist,ขึ้น 8 ค่ำ เดือน 3,3,8,waxing,8,
1995-02-15,1995,2538,星期三,makha_bucha,萬佛節,มาฆบูชา,Makha Bucha,thai-buddhist-major,ขึ้น 15 ค่ำ เดือน 3,3,15,waxing,15,
1995-02-15,1995,2538,星期三,wan_phra,泰國佛日,วันพระ,Wan Phra,thai-buddhist,ขึ้น 15 ค่ำ เดือน 3,3,15,waxing,15,
1995-02-23,1995,2538,星期四,wan_phra,泰國佛日,วันพระ,Wan Phra,thai-buddhist,แรม 8 ค่ำ เดือน 3,3,23,waning,8,
1995-03-01,1995,2538,星期三,wan_phra,泰國佛日,วันพระ,Wan Phra,thai-buddhist,แรม 14 ค่ำ เดือน 3,3,29,waning,14,
1995-03-09,1995,2538,星期四,wan_phra,泰國佛日,วันพระ,Wan Phra,thai-buddhist,ขึ้น 8 ค่ำ เดือน 4,4,8,waxing,8,
1995-03-16,1995,2538,星期四,wan_phra,泰國佛日,วันพระ,Wan Phra,thai-buddhist,ขึ้น 15 ค่ำ เดือน 4,4,15,waxing,15,
1995-03-24,1995,2538,星期五,wan_phra,泰國佛日,วันพระ,Wan Phra,thai-buddhist,แรม 8 ค่ำ เดือน 4,4,23,waning,8,
1995-03-31,1995,2538,星期五,wan_phra,泰國佛日,วันพระ,Wan Phra,thai-buddhist,แรม 15 ค่ำ เดือน 4,4,30,waning,15,
1995-04-08,1995,2538,星期六,wan_phra,泰國佛日,วันพระ,Wan Phra,thai-buddhist,ขึ้น 8 ค่ำ เดือน 5,5,8,waxing,8,
1995-04-15,1995,2538,星期六,wan_phra,泰國佛日,วันพระ,Wan Phra,thai-buddhist,ขึ้น 15 ค่ำ เดือน 5,5,15,waxing,15,
1995-04-23,1995,2538,星期日,wan_phra,泰國佛日,วันพระ,Wan Phra,thai-buddhist,แรม 8 ค่ำ เดือน 5,5,23,waning,8,
1995-04-29,1995,2538,星期六,wan_phra,泰國佛日,วันพระ,Wan Phra,thai-buddhist,แรม 14 ค่ำ เดือน 5,5,29,waning,14,
1995-05-07,1995,2538,星期日,wan_phra,泰國佛日,วันพระ,Wan Phra,thai-buddhist,ขึ้น 8 ค่ำ เดือน 6,6,8,waxing,8,
1995-05-14,1995,2538,星期日,visakha_bucha,衛塞節,วิสาขบูชา,Visakha Bucha,thai-buddhist-major,ขึ้น 15 ค่ำ เดือน 6,6,15,waxing,15,
1995-05-14,1995,2538,星期日,wan_phra,泰國佛日,วันพระ,Wan Phra,thai-buddhist,ขึ้น 15 ค่ำ เดือน 6,6,15,waxing,15,
1995-05-22,1995,2538,星期一,wan_phra,泰國佛日,วันพระ,Wan Phra,thai-buddhist,แรม 8 ค่ำ เดือน 6,6,23,waning,8,
1995-05-29,1995,2538,星期一,wan_phra,泰國佛日,วันพระ,Wan Phra,thai-buddhist,แรม 15 ค่ำ เดือน 6,6,30,waning,15,
1995-06-06,1995,2538,星期二,wan_phra,泰國佛日,วันพระ,Wan Phra,thai-buddhist,ขึ้น 8 ค่ำ เดือน 7,7,8,waxing,8,
1995-06-13,1995,2538,星期二,wan_phra,泰國佛日,วันพระ,Wan Phra,thai-buddhist,ขึ้น 15 ค่ำ เดือน 7,7,15,waxing,15,
1995-06-21,1995,2538,星期三,wan_phra,泰國佛日,วันพระ,Wan Phra,thai-buddhist,แรม 8 ค่ำ เดือน 7,7,23,waning,8,
1995-06-27,1995,2538,星期二,wan_phra,泰國佛日,วันพระ,Wan Phra,thai-buddhist,แรม 14 ค่ำ เดือน 7,7,29,waning,14,
1995-07-05,1995,2538,星期三,wan_phra,泰國佛日,วันพระ,Wan Phra,thai-buddhist,ขึ้น 8 ค่ำ เดือน 8,8,8,waxing,8,
1995-07-12,1995,2538,星期三,wan_phra,泰國佛日,วันพระ,Wan Phra,thai-buddhist,ขึ้น 15 ค่ำ เดือน 8,8,15,waxing,15,
1995-07-13,1995,2538,星期四,khao_phansa,入雨安居,เข้าพรรษา,Khao Phansa,thai-buddhist-major,แรม 1 ค่ำ เดือน 8,8,16,waning,1,
1995-07-20,1995,2538,星期四,wan_phra,泰國佛日,วันพระ,Wan Phra,thai-buddhist,แรม 8 ค่ำ เดือน 8,8,23,waning,8,
1995-07-27,1995,2538,星期四,wan_phra,泰國佛日,วันพระ,Wan Phra,thai-buddhist,แรม 15 ค่ำ เดือน 8,8,30,waning,15,
1995-08-04,1995,2538,星期五,wan_phra,泰國佛日,วันพระ,Wan Phra,thai-buddhist,ขึ้น 8 ค่ำ เดือน 9,9,8,waxing,8,
1995-08-11,1995,2538,星期五,wan_phra,泰國佛日,วันพระ,Wan Phra,thai-buddhist,ขึ้น 15 ค่ำ เดือน 9,9,15,waxing,15,
1995-08-19,1995,2538,星期六,wan_phra,泰國佛日,วันพระ,Wan Phra,thai-buddhist,แรม 8 ค่ำ เดือน 9,9,23,waning,8,
1995-08-25,1995,2538,星期五,wan_phra,泰國佛日,วันพระ,Wan Phra,thai-buddhist,แรม 14 ค่ำ เดือน 9,9,29,waning,14,
1995-09-02,1995,2538,星期六,wan_phra,泰國佛日,วันพระ,Wan Phra,thai-buddhist,ขึ้น 8 ค่ำ เดือน 10,10,8,waxing,8,
1995-09-09,1995,2538,星期六,wan_phra,泰國佛日,วันพระ,Wan Phra,thai-buddhist,ขึ้น 15 ค่ำ เดือน 10,10,15,waxing,15,
1995-09-17,1995,2538,星期日,wan_phra,泰國佛日,วันพระ,Wan Phra,thai-buddhist,แรม 8 ค่ำ เดือน 10,10,23,waning,8,
1995-09-24,1995,2538,星期日,wan_phra,泰國佛日,วันพระ,Wan Phra,thai-buddhist,แรม 15 ค่ำ เดือน 10,10,30,waning,15,
1995-10-02,1995,2538,星期一,wan_phra,泰國佛日,วันพระ,Wan Phra,thai-buddhist,ขึ้น 8 ค่ำ เดือน 11,11,8,waxing,8,
1995-10-09,1995,2538,星期一,ok_phansa,出雨安居,ออกพรรษา,Ok Phansa,thai-buddhist-major,ขึ้น 15 ค่ำ เดือน 11,11,15,waxing,15,
1995-10-09,1995,2538,星期一,wan_phra,泰國佛日,วันพระ,Wan Phra,thai-buddhist,ขึ้น 15 ค่ำ เดือน 11,11,15,waxing,15,
1995-10-17,1995,2538,星期二,wan_phra,泰國佛日,วันพระ,Wan Phra,thai-buddhist,แรม 8 ค่ำ เดือน 11,11,23,waning,8,
1995-10-23,1995,2538,星期一,wan_phra,泰國佛日,วันพระ,Wan Phra,thai-buddhist,แรม 14 ค่ำ เดือน 11,11,29,waning,14,
1995-10-31,1995,2538,星期二,wan_phra,泰國佛日,วันพระ,Wan Phra,thai-buddhist,ขึ้น 8 ค่ำ เดือน 12,12,8,waxing,8,
1995-11-07,1995,2538,星期二,wan_phra,泰國佛日,วันพระ,Wan Phra,thai-buddhist,ขึ้น 15 ค่ำ เดือน 12,12,15,waxing,15,
1995-11-15,1995,2538,星期三,wan_phra,泰國佛日,วันพระ,Wan Phra,thai-buddhist,แรม 8 ค่ำ เดือน 12,12,23,waning,8,
1995-11-22,1995,2538,星期三,wan_phra,泰國佛日,วันพระ,Wan Phra,thai-buddhist,แรม 15 ค่ำ เดือน 12,12,30,waning,15,
1995-11-30,1995,2538,星期四,wan_phra,泰國佛日,วันพระ,Wan Phra,thai-buddhist,ขึ้น 8 ค่ำ เดือน 1,1,8,waxing,8,
1995-12-07,1995,2538,星期四,wan_phra,泰國佛日,วันพระ,Wan Phra,thai-buddhist,ขึ้น 15 ค่ำ เดือน 1,1,15,waxing,15,
1995-12-15,1995,2538,星期五,wan_phra,泰國佛日,วันพระ,Wan Phra,thai-buddhist,แรม 8 ค่ำ เดือน 1,1,23,waning,8,
1995-12-21,1995,2538,星期四,wan_phra,泰國佛日,วันพระ,Wan Phra,thai-buddhist,แรม 14 ค่ำ เดือน 1,1,29,waning,14,
1995-12-29,1995,2538,星期五,wan_phra,泰國佛日,วันพระ,Wan Phra,thai-buddhist,ขึ้น 8 ค่ำ เดือน 2,2,8,waxing,8,
1996-01-05,1996,2539,星期五,wan_phra,泰國佛日,วันพระ,Wan Phra,thai-buddhist,ขึ้น 15 ค่ำ เดือน 2,2,15,waxing,15,
1996-01-13,1996,2539,星期六,wan_phra,泰國佛日,วันพระ,Wan Phra,thai-buddhist,แรม 8 ค่ำ เดือน 2,2,23,waning,8,
1996-01-20,1996,2539,星期六,wan_phra,泰國佛日,วันพระ,Wan Phra,thai-buddhist,แรม 15 ค่ำ เดือน 2,2,30,waning,15,
1996-01-28,1996,2539,星期日,wan_phra,泰國佛日,วันพระ,Wan Phra,thai-buddhist,ขึ้น 8 ค่ำ เดือน 3,3,8,waxing,8,
1996-02-04,1996,2539,星期日,wan_phra,泰國佛日,วันพระ,Wan Phra,thai-buddhist,ขึ้น 15 ค่ำ เดือน 3,3,15,waxing,15,
1996-02-12,1996,2539,星期一,wan_phra,泰國佛日,วันพระ,Wan Phra,thai-buddhist,แรม 8 ค่ำ เดือน 3,3,23,waning,8,
1996-02-18,1996,2539,星期日,wan_phra,泰國佛日,วันพระ,Wan Phra,thai-buddhist,แรม 14 ค่ำ เดือน 3,3,29,waning,14,
1996-02-26,1996,2539,星期一,wan_phra,泰國佛日,วันพระ,Wan Phra,thai-buddhist,ขึ้น 8 ค่ำ เดือน 4,4,8,waxing,8,
1996-03-04,1996,2539,星期一,makha_bucha,萬佛節,มาฆบูชา,Makha Bucha,thai-buddhist-major,ขึ้น 15 ค่ำ เดือน 4,4,15,waxing,15,
1996-03-04,1996,2539,星期一,wan_phra,泰國佛日,วันพระ,Wan Phra,thai-buddhist,ขึ้น 15 ค่ำ เดือน 4,4,15,waxing,15,
1996-03-12,1996,2539,星期二,wan_phra,泰國佛日,วันพระ,Wan Phra,thai-buddhist,แรม 8 ค่ำ เดือน 4,4,23,waning,8,
1996-03-19,1996,2539,星期二,wan_phra,泰國佛日,วันพระ,Wan Phra,thai-buddhist,แรม 15 ค่ำ เดือน 4,4,30,waning,15,
1996-03-27,1996,2539,星期三,wan_phra,泰國佛日,วันพระ,Wan Phra,thai-buddhist,ขึ้น 8 ค่ำ เดือน 5,5,8,waxing,8,
1996-04-03,1996,2539,星期三,wan_phra,泰國佛日,วันพระ,Wan Phra,thai-buddhist,ขึ้น 15 ค่ำ เดือน 5,5,15,waxing,15,
1996-04-11,1996,2539,星期四,wan_phra,泰國佛日,วันพระ,Wan Phra,thai-buddhist,แรม 8 ค่ำ เดือน 5,5,23,waning,8,
1996-04-17,1996,2539,星期三,wan_phra,泰國佛日,วันพระ,Wan Phra,thai-buddhist,แรม 14 ค่ำ เดือน 5,5,29,waning,14,
1996-04-25,1996,2539,星期四,wan_phra,泰國佛日,วันพระ,Wan Phra,thai-buddhist,ขึ้น 8 ค่ำ เดือน 6,6,8,waxing,8,
1996-05-02,1996,2539,星期四,wan_phra,泰國佛日,วันพระ,Wan Phra,thai-buddhist,ขึ้น 15 ค่ำ เดือน 6,6,15,waxing,15,
1996-05-10,1996,2539,星期五,wan_phra,泰國佛日,วันพระ,Wan Phra,thai-buddhist,แรม 8 ค่ำ เดือน 6,6,23,waning,8,
1996-05-17,1996,2539,星期五,wan_phra,泰國佛日,วันพระ,Wan Phra,thai-buddhist,แรม 15 ค่ำ เดือน 6,6,30,waning,15,
1996-05-25,1996,2539,星期六,wan_phra,泰國佛日,วันพระ,Wan Phra,thai-buddhist,ขึ้น 8 ค่ำ เดือน 7,7,8,waxing,8,
1996-06-01,1996,2539,星期六,visakha_bucha,衛塞節,วิสาขบูชา,Visakha Bucha,thai-buddhist-major,ขึ้น 15 ค่ำ เดือน 7,7,15,waxing,15,
1996-06-01,1996,2539,星期六,wan_phra,泰國佛日,วันพระ,Wan Phra,thai-buddhist,ขึ้น 15 ค่ำ เดือน 7,7,15,waxing,15,
1996-06-09,1996,2539,星期日,wan_phra,泰國佛日,วันพระ,Wan Phra,thai-buddhist,แรม 8 ค่ำ เดือน 7,7,23,waning,8,
1996-06-15,1996,2539,星期六,wan_phra,泰國佛日,วันพระ,Wan Phra,thai-buddhist,แรม 14 ค่ำ เดือน 7,7,29,waning,14,
1996-06-23,1996,2539,星期日,wan_phra,泰國佛日,วันพระ,Wan Phra,thai-buddhist,ขึ้น 8 ค่ำ เดือน 8,8,8,waxing,8,
1996-06-30,1996,2539,星期日,wan_phra,泰國佛日,วันพระ,Wan Phra,thai-buddhist,ขึ้น 15 ค่ำ เดือน 8,8,15,waxing,15,
1996-07-08,1996,2539,星期一,wan_phra,泰國佛日,วันพระ,Wan Phra,thai-buddhist,แรม 8 ค่ำ เดือน 8,8,23,waning,8,
1996-07-15,1996,2539,星期一,wan_phra,泰國佛日,วันพระ,Wan Phra,thai-buddhist,แรม 15 ค่ำ เดือน 8,8,30,waning,15,
1996-07-23,1996,2539,星期二,wan_phra,泰國佛日,วันพระ,Wan Phra,thai-buddhist,ขึ้น 8 ค่ำ เดือน 88,88,8,waxing,8,
1996-07-30,1996,2539,星期二,wan_phra,泰國佛日,วันพระ,Wan Phra,thai-buddhist,ขึ้น 15 ค่ำ เดือน 88,88,15,waxing,15,
1996-07-31,1996,2539,星期三,khao_phansa,入雨安居,เข้าพรรษา,Khao Phansa,thai-buddhist-major,แรม 1 ค่ำ เดือน 88,88,16,waning,1,
1996-08-07,1996,2539,星期三,wan_phra,泰國佛日,วันพระ,Wan Phra,thai-buddhist,แรม 8 ค่ำ เดือน 88,88,23,waning,8,
1996-08-14,1996,2539,星期三,wan_phra,泰國佛日,วันพระ,Wan Phra,thai-buddhist,แรม 15 ค่ำ เดือน 88,88,30,waning,15,
1996-08-22,1996,2539,星期四,wan_phra,泰國佛日,วันพระ,Wan Phra,thai-buddhist,ขึ้น 8 ค่ำ เดือน 9,9,8,waxing,8,
1996-08-29,1996,2539,星期四,wan_phra,泰國佛日,วันพระ,Wan Phra,thai-buddhist,ขึ้น 15 ค่ำ เดือน 9,9,15,waxing,15,
1996-09-06,1996,2539,星期五,wan_phra,泰國佛日,วันพระ,Wan Phra,thai-buddhist,แรม 8 ค่ำ เดือน 9,9,23,waning,8,
1996-09-12,1996,2539,星期四,wan_phra,泰國佛日,วันพระ,Wan Phra,thai-buddhist,แรม 14 ค่ำ เดือน 9,9,29,waning,14,
1996-09-20,1996,2539,星期五,wan_phra,泰國佛日,วันพระ,Wan Phra,thai-buddhist,ขึ้น 8 ค่ำ เดือน 10,10,8,waxing,8,
1996-09-27,1996,2539,星期五,wan_phra,泰國佛日,วันพระ,Wan Phra,thai-buddhist,ขึ้น 15 ค่ำ เดือน 10,10,15,waxing,15,
1996-10-05,1996,2539,星期六,wan_phra,泰國佛日,วันพระ,Wan Phra,thai-buddhist,แรม 8 ค่ำ เดือน 10,10,23,waning,8,
1996-10-12,1996,2539,星期六,wan_phra,泰國佛日,วันพระ,Wan Phra,thai-buddhist,แรม 15 ค่ำ เดือน 10,10,30,waning,15,
1996-10-20,1996,2539,星期日,wan_phra,泰國佛日,วันพระ,Wan Phra,thai-buddhist,ขึ้น 8 ค่ำ เดือน 11,11,8,waxing,8,
1996-10-27,1996,2539,星期日,ok_phansa,出雨安居,ออกพรรษา,Ok Phansa,thai-buddhist-major,ขึ้น 15 ค่ำ เดือน 11,11,15,waxing,15,
1996-10-27,1996,2539,星期日,wan_phra,泰國佛日,วันพระ,Wan Phra,thai-buddhist,ขึ้น 15 ค่ำ เดือน 11,11,15,waxing,15,
1996-11-04,1996,2539,星期一,wan_phra,泰國佛日,วันพระ,Wan Phra,thai-buddhist,แรม 8 ค่ำ เดือน 11,11,23,waning,8,
1996-11-10,1996,2539,星期日,wan_phra,泰國佛日,วันพระ,Wan Phra,thai-buddhist,แรม 14 ค่ำ เดือน 11,11,29,waning,14,
1996-11-18,1996,2539,星期一,wan_phra,泰國佛日,วันพระ,Wan Phra,thai-buddhist,ขึ้น 8 ค่ำ เดือน 12,12,8,waxing,8,
1996-11-25,1996,2539,星期一,wan_phra,泰國佛日,วันพระ,Wan Phra,thai-buddhist,ขึ้น 15 ค่ำ เดือน 12,12,15,waxing,15,
1996-12-03,1996,2539,星期二,wan_phra,泰國佛日,วันพระ,Wan Phra,thai-buddhist,แรม 8 ค่ำ เดือน 12,12,23,waning,8,
1996-12-10,1996,2539,星期二,wan_phra,泰國佛日,วันพระ,Wan Phra,thai-buddhist,แรม 15 ค่ำ เดือน 12,12,30,waning,15,
1996-12-18,1996,2539,星期三,wan_phra,泰國佛日,วันพระ,Wan Phra,thai-buddhist,ขึ้น 8 ค่ำ เดือน 1,1,8,waxing,8,
1996-12-25,1996,2539,星期三,wan_phra,泰國佛日,วันพระ,Wan Phra,thai-buddhist,ขึ้น 15 ค่ำ เดือน 1,1,15,waxing,15,
1997-01-02,1997,2540,星期四,wan_phra,泰國佛日,วันพระ,Wan Phra,thai-buddhist,แรม 8 ค่ำ เดือน 1,1,23,waning,8,
1997-01-08,1997,2540,星期三,wan_phra,泰國佛日,วันพระ,Wan Phra,thai-buddhist,แรม 14 ค่ำ เดือน 1,1,29,waning,14,
1997-01-16,1997,2540,星期四,wan_phra,泰國佛日,วันพระ,Wan Phra,thai-buddhist,ขึ้น 8 ค่ำ เดือน 2,2,8,waxing,8,
1997-01-23,1997,2540,星期四,wan_phra,泰國佛日,วันพระ,Wan Phra,thai-buddhist,ขึ้น 15 ค่ำ เดือน 2,2,15,waxing,15,
1997-01-31,1997,2540,星期五,wan_phra,泰國佛日,วันพระ,Wan Phra,thai-buddhist,แรม 8 ค่ำ เดือน 2,2,23,waning,8,
1997-02-07,1997,2540,星期五,wan_phra,泰國佛日,วันพระ,Wan Phra,thai-buddhist,แรม 15 ค่ำ เดือน 2,2,30,waning,15,
1997-02-15,1997,2540,星期六,wan_phra,泰國佛日,วันพระ,Wan Phra,thai-buddhist,ขึ้น 8 ค่ำ เดือน 3,3,8,waxing,8,
1997-02-22,1997,2540,星期六,makha_bucha,萬佛節,มาฆบูชา,Makha Bucha,thai-buddhist-major,ขึ้น 15 ค่ำ เดือน 3,3,15,waxing,15,
1997-02-22,1997,2540,星期六,wan_phra,泰國佛日,วันพระ,Wan Phra,thai-buddhist,ขึ้น 15 ค่ำ เดือน 3,3,15,waxing,15,
1997-03-02,1997,2540,星期日,wan_phra,泰國佛日,วันพระ,Wan Phra,thai-buddhist,แรม 8 ค่ำ เดือน 3,3,23,waning,8,
1997-03-08,1997,2540,星期六,wan_phra,泰國佛日,วันพระ,Wan Phra,thai-buddhist,แรม 14 ค่ำ เดือน 3,3,29,waning,14,
1997-03-16,1997,2540,星期日,wan_phra,泰國佛日,วันพระ,Wan Phra,thai-buddhist,ขึ้น 8 ค่ำ เดือน 4,4,8,waxing,8,
1997-03-23,1997,2540,星期日,wan_phra,泰國佛日,วันพระ,Wan Phra,thai-buddhist,ขึ้น 15 ค่ำ เดือน 4,4,15,waxing,15,
1997-03-31,1997,2540,星期一,wan_phra,泰國佛日,วันพระ,Wan Phra,thai-buddhist,แรม 8 ค่ำ เดือน 4,4,23,waning,8,
1997-04-07,1997,2540,星期一,wan_phra,泰國佛日,วันพระ,Wan Phra,thai-buddhist,แรม 15 ค่ำ เดือน 4,4,30,waning,15,
1997-04-12,1997,2540,星期六,sao_ha_candidate,騷哈日候選 / 稍哈日候選,เสาร์ 5,Sao Ha candidate,thai-amulet-auspicious-day,ขึ้น 5 ค่ำ เดือน 5,5,5,waxing,5,按規則產生：星期六 + 泰國陰曆 5 月 + ขึ้น 5 ค่ำ 或 แรม 5 ค่ำ。未做人工作法會或高僧認定。
1997-04-15,1997,2540,星期二,wan_phra,泰國佛日,วันพระ,Wan Phra,thai-buddhist,ขึ้น 8 ค่ำ เดือน 5,5,8,waxing,8,
1997-04-22,1997,2540,星期二,wan_phra,泰國佛日,วันพระ,Wan Phra,thai-buddhist,ขึ้น 15 ค่ำ เดือน 5,5,15,waxing,15,
1997-04-30,1997,2540,星期三,wan_phra,泰國佛日,วันพระ,Wan Phra,thai-buddhist,แรม 8 ค่ำ เดือน 5,5,23,waning,8,
1997-05-06,1997,2540,星期二,wan_phra,泰國佛日,วันพระ,Wan Phra,thai-buddhist,แรม 14 ค่ำ เดือน 5,5,29,waning,14,
1997-05-14,1997,2540,星期三,wan_phra,泰國佛日,วันพระ,Wan Phra,thai-buddhist,ขึ้น 8 ค่ำ เดือน 6,6,8,waxing,8,
1997-05-21,1997,2540,星期三,visakha_bucha,衛塞節,วิสาขบูชา,Visakha Bucha,thai-buddhist-major,ขึ้น 15 ค่ำ เดือน 6,6,15,waxing,15,
1997-05-21,1997,2540,星期三,wan_phra,泰國佛日,วันพระ,Wan Phra,thai-buddhist,ขึ้น 15 ค่ำ เดือน 6,6,15,waxing,15,
1997-05-29,1997,2540,星期四,wan_phra,泰國佛日,วันพระ,Wan Phra,thai-buddhist,แรม 8 ค่ำ เดือน 6,6,23,waning,8,
1997-06-05,1997,2540,星期四,wan_phra,泰國佛日,วันพระ,Wan Phra,thai-buddhist,แรม 15 ค่ำ เดือน 6,6,30,waning,15,
1997-06-13,1997,2540,星期五,wan_phra,泰國佛日,วันพระ,Wan Phra,thai-buddhist,ขึ้น 8 ค่ำ เดือน 7,7,8,waxing,8,
1997-06-20,1997,2540,星期五,wan_phra,泰國佛日,วันพระ,Wan Phra,thai-buddhist,ขึ้น 15 ค่ำ เดือน 7,7,15,waxing,15,
1997-06-28,1997,2540,星期六,wan_phra,泰國佛日,วันพระ,Wan Phra,thai-buddhist,แรม 8 ค่ำ เดือน 7,7,23,waning,8,
1997-07-04,1997,2540,星期五,wan_phra,泰國佛日,วันพระ,Wan Phra,thai-buddhist,แรม 14 ค่ำ เดือน 7,7,29,waning,14,
1997-07-12,1997,2540,星期六,wan_phra,泰國佛日,วันพระ,Wan Phra,thai-buddhist,ขึ้น 8 ค่ำ เดือน 8,8,8,waxing,8,
1997-07-19,1997,2540,星期六,wan_phra,泰國佛日,วันพระ,Wan Phra,thai-buddhist,ขึ้น 15 ค่ำ เดือน 8,8,15,waxing,15,
1997-07-20,1997,2540,星期日,khao_phansa,入雨安居,เข้าพรรษา,Khao Phansa,thai-buddhist-major,แรม 1 ค่ำ เดือน 8,8,16,waning,1,
1997-07-27,1997,2540,星期日,wan_phra,泰國佛日,วันพระ,Wan Phra,thai-buddhist,แรม 8 ค่ำ เดือน 8,8,23,waning,8,
1997-08-03,1997,2540,星期日,wan_phra,泰國佛日,วันพระ,Wan Phra,thai-buddhist,แรม 15 ค่ำ เดือน 8,8,30,waning,15,
1997-08-11,1997,2540,星期一,wan_phra,泰國佛日,วันพระ,Wan Phra,thai-buddhist,ขึ้น 8 ค่ำ เดือน 9,9,8,waxing,8,
1997-08-18,1997,2540,星期一,wan_phra,泰國佛日,วันพระ,Wan Phra,thai-buddhist,ขึ้น 15 ค่ำ เดือน 9,9,15,waxing,15,
1997-08-26,1997,2540,星期二,wan_phra,泰國佛日,วันพระ,Wan Phra,thai-buddhist,แรม 8 ค่ำ เดือน 9,9,23,waning,8,
1997-09-01,1997,2540,星期一,wan_phra,泰國佛日,วันพระ,Wan Phra,thai-buddhist,แรม 14 ค่ำ เดือน 9,9,29,waning,14,
1997-09-09,1997,2540,星期二,wan_phra,泰國佛日,วันพระ,Wan Phra,thai-buddhist,ขึ้น 8 ค่ำ เดือน 10,10,8,waxing,8,
1997-09-16,1997,2540,星期二,wan_phra,泰國佛日,วันพระ,Wan Phra,thai-buddhist,ขึ้น 15 ค่ำ เดือน 10,10,15,waxing,15,
1997-09-24,1997,2540,星期三,wan_phra,泰國佛日,วันพระ,Wan Phra,thai-buddhist,แรม 8 ค่ำ เดือน 10,10,23,waning,8,
1997-10-01,1997,2540,星期三,wan_phra,泰國佛日,วันพระ,Wan Phra,thai-buddhist,แรม 15 ค่ำ เดือน 10,10,30,waning,15,
1997-10-09,1997,2540,星期四,wan_phra,泰國佛日,วันพระ,Wan Phra,thai-buddhist,ขึ้น 8 ค่ำ เดือน 11,11,8,waxing,8,
1997-10-16,1997,2540,星期四,ok_phansa,出雨安居,ออกพรรษา,Ok Phansa,thai-buddhist-major,ขึ้น 15 ค่ำ เดือน 11,11,15,waxing,15,
1997-10-16,1997,2540,星期四,wan_phra,泰國佛日,วันพระ,Wan Phra,thai-buddhist,ขึ้น 15 ค่ำ เดือน 11,11,15,waxing,15,
1997-10-24,1997,2540,星期五,wan_phra,泰國佛日,วันพระ,Wan Phra,thai-buddhist,แรม 8 ค่ำ เดือน 11,11,23,waning,8,
1997-10-30,1997,2540,星期四,wan_phra,泰國佛日,วันพระ,Wan Phra,thai-buddhist,แรม 14 ค่ำ เดือน 11,11,29,waning,14,
1997-11-07,1997,2540,星期五,wan_phra,泰國佛日,วันพระ,Wan Phra,thai-buddhist,ขึ้น 8 ค่ำ เดือน 12,12,8,waxing,8,
1997-11-14,1997,2540,星期五,wan_phra,泰國佛日,วันพระ,Wan Phra,thai-buddhist,ขึ้น 15 ค่ำ เดือน 12,12,15,waxing,15,
1997-11-22,1997,2540,星期六,wan_phra,泰國佛日,วันพระ,Wan Phra,thai-buddhist,แรม 8 ค่ำ เดือน 12,12,23,waning,8,
1997-11-29,1997,2540,星期六,wan_phra,泰國佛日,วันพระ,Wan Phra,thai-buddhist,แรม 15 ค่ำ เดือน 12,12,30,waning,15,
1997-12-07,1997,2540,星期日,wan_phra,泰國佛日,วันพระ,Wan Phra,thai-buddhist,ขึ้น 8 ค่ำ เดือน 1,1,8,waxing,8,
1997-12-14,1997,2540,星期日,wan_phra,泰國佛日,วันพระ,Wan Phra,thai-buddhist,ขึ้น 15 ค่ำ เดือน 1,1,15,waxing,15,
1997-12-22,1997,2540,星期一,wan_phra,泰國佛日,วันพระ,Wan Phra,thai-buddhist,แรม 8 ค่ำ เดือน 1,1,23,waning,8,
1997-12-28,1997,2540,星期日,wan_phra,泰國佛日,วันพระ,Wan Phra,thai-buddhist,แรม 14 ค่ำ เดือน 1,1,29,waning,14,
1998-01-05,1998,2541,星期一,wan_phra,泰國佛日,วันพระ,Wan Phra,thai-buddhist,ขึ้น 8 ค่ำ เดือน 2,2,8,waxing,8,
1998-01-12,1998,2541,星期一,wan_phra,泰國佛日,วันพระ,Wan Phra,thai-buddhist,ขึ้น 15 ค่ำ เดือน 2,2,15,waxing,15,
1998-01-20,1998,2541,星期二,wan_phra,泰國佛日,วันพระ,Wan Phra,thai-buddhist,แรม 8 ค่ำ เดือน 2,2,23,waning,8,
1998-01-27,1998,2541,星期二,wan_phra,泰國佛日,วันพระ,Wan Phra,thai-buddhist,แรม 15 ค่ำ เดือน 2,2,30,waning,15,
1998-02-04,1998,2541,星期三,wan_phra,泰國佛日,วันพระ,Wan Phra,thai-buddhist,ขึ้น 8 ค่ำ เดือน 3,3,8,waxing,8,
1998-02-11,1998,2541,星期三,makha_bucha,萬佛節,มาฆบูชา,Makha Bucha,thai-buddhist-major,ขึ้น 15 ค่ำ เดือน 3,3,15,waxing,15,
1998-02-11,1998,2541,星期三,wan_phra,泰國佛日,วันพระ,Wan Phra,thai-buddhist,ขึ้น 15 ค่ำ เดือน 3,3,15,waxing,15,
1998-02-19,1998,2541,星期四,wan_phra,泰國佛日,วันพระ,Wan Phra,thai-buddhist,แรม 8 ค่ำ เดือน 3,3,23,waning,8,
1998-02-25,1998,2541,星期三,wan_phra,泰國佛日,วันพระ,Wan Phra,thai-buddhist,แรม 14 ค่ำ เดือน 3,3,29,waning,14,
1998-03-05,1998,2541,星期四,wan_phra,泰國佛日,วันพระ,Wan Phra,thai-buddhist,ขึ้น 8 ค่ำ เดือน 4,4,8,waxing,8,
1998-03-12,1998,2541,星期四,wan_phra,泰國佛日,วันพระ,Wan Phra,thai-buddhist,ขึ้น 15 ค่ำ เดือน 4,4,15,waxing,15,
1998-03-20,1998,2541,星期五,wan_phra,泰國佛日,วันพระ,Wan Phra,thai-buddhist,แรม 8 ค่ำ เดือน 4,4,23,waning,8,
1998-03-27,1998,2541,星期五,wan_phra,泰國佛日,วันพระ,Wan Phra,thai-buddhist,แรม 15 ค่ำ เดือน 4,4,30,waning,15,
1998-04-04,1998,2541,星期六,wan_phra,泰國佛日,วันพระ,Wan Phra,thai-buddhist,ขึ้น 8 ค่ำ เดือน 5,5,8,waxing,8,
1998-04-11,1998,2541,星期六,wan_phra,泰國佛日,วันพระ,Wan Phra,thai-buddhist,ขึ้น 15 ค่ำ เดือน 5,5,15,waxing,15,
1998-04-19,1998,2541,星期日,wan_phra,泰國佛日,วันพระ,Wan Phra,thai-buddhist,แรม 8 ค่ำ เดือน 5,5,23,waning,8,
1998-04-25,1998,2541,星期六,wan_phra,泰國佛日,วันพระ,Wan Phra,thai-buddhist,แรม 14 ค่ำ เดือน 5,5,29,waning,14,
1998-05-03,1998,2541,星期日,wan_phra,泰國佛日,วันพระ,Wan Phra,thai-buddhist,ขึ้น 8 ค่ำ เดือน 6,6,8,waxing,8,
1998-05-10,1998,2541,星期日,visakha_bucha,衛塞節,วิสาขบูชา,Visakha Bucha,thai-buddhist-major,ขึ้น 15 ค่ำ เดือน 6,6,15,waxing,15,
1998-05-10,1998,2541,星期日,wan_phra,泰國佛日,วันพระ,Wan Phra,thai-buddhist,ขึ้น 15 ค่ำ เดือน 6,6,15,waxing,15,
1998-05-18,1998,2541,星期一,wan_phra,泰國佛日,วันพระ,Wan Phra,thai-buddhist,แรม 8 ค่ำ เดือน 6,6,23,waning,8,
1998-05-25,1998,2541,星期一,wan_phra,泰國佛日,วันพระ,Wan Phra,thai-buddhist,แรม 15 ค่ำ เดือน 6,6,30,waning,15,
1998-06-02,1998,2541,星期二,wan_phra,泰國佛日,วันพระ,Wan Phra,thai-buddhist,ขึ้น 8 ค่ำ เดือน 7,7,8,waxing,8,
1998-06-09,1998,2541,星期二,wan_phra,泰國佛日,วันพระ,Wan Phra,thai-buddhist,ขึ้น 15 ค่ำ เดือน 7,7,15,waxing,15,
1998-06-17,1998,2541,星期三,wan_phra,泰國佛日,วันพระ,Wan Phra,thai-buddhist,แรม 8 ค่ำ เดือน 7,7,23,waning,8,
1998-06-24,1998,2541,星期三,wan_phra,泰國佛日,วันพระ,Wan Phra,thai-buddhist,แรม 15 ค่ำ เดือน 7,7,30,waning,15,
1998-07-02,1998,2541,星期四,wan_phra,泰國佛日,วันพระ,Wan Phra,thai-buddhist,ขึ้น 8 ค่ำ เดือน 8,8,8,waxing,8,
1998-07-09,1998,2541,星期四,wan_phra,泰國佛日,วันพระ,Wan Phra,thai-buddhist,ขึ้น 15 ค่ำ เดือน 8,8,15,waxing,15,
1998-07-10,1998,2541,星期五,khao_phansa,入雨安居,เข้าพรรษา,Khao Phansa,thai-buddhist-major,แรม 1 ค่ำ เดือน 8,8,16,waning,1,
1998-07-17,1998,2541,星期五,wan_phra,泰國佛日,วันพระ,Wan Phra,thai-buddhist,แรม 8 ค่ำ เดือน 8,8,23,waning,8,
1998-07-24,1998,2541,星期五,wan_phra,泰國佛日,วันพระ,Wan Phra,thai-buddhist,แรม 15 ค่ำ เดือน 8,8,30,waning,15,
1998-08-01,1998,2541,星期六,wan_phra,泰國佛日,วันพระ,Wan Phra,thai-buddhist,ขึ้น 8 ค่ำ เดือน 9,9,8,waxing,8,
1998-08-08,1998,2541,星期六,wan_phra,泰國佛日,วันพระ,Wan Phra,thai-buddhist,ขึ้น 15 ค่ำ เดือน 9,9,15,waxing,15,
1998-08-16,1998,2541,星期日,wan_phra,泰國佛日,วันพระ,Wan Phra,thai-buddhist,แรม 8 ค่ำ เดือน 9,9,23,waning,8,
1998-08-22,1998,2541,星期六,wan_phra,泰國佛日,วันพระ,Wan Phra,thai-buddhist,แรม 14 ค่ำ เดือน 9,9,29,waning,14,
1998-08-30,1998,2541,星期日,wan_phra,泰國佛日,วันพระ,Wan Phra,thai-buddhist,ขึ้น 8 ค่ำ เดือน 10,10,8,waxing,8,
1998-09-06,1998,2541,星期日,wan_phra,泰國佛日,วันพระ,Wan Phra,thai-buddhist,ขึ้น 15 ค่ำ เดือน 10,10,15,waxing,15,
1998-09-14,1998,2541,星期一,wan_phra,泰國佛日,วันพระ,Wan Phra,thai-buddhist,แรม 8 ค่ำ เดือน 10,10,23,waning,8,
1998-09-21,1998,2541,星期一,wan_phra,泰國佛日,วันพระ,Wan Phra,thai-buddhist,แรม 15 ค่ำ เดือน 10,10,30,waning,15,
1998-09-29,1998,2541,星期二,wan_phra,泰國佛日,วันพระ,Wan Phra,thai-buddhist,ขึ้น 8 ค่ำ เดือน 11,11,8,waxing,8,
1998-10-06,1998,2541,星期二,ok_phansa,出雨安居,ออกพรรษา,Ok Phansa,thai-buddhist-major,ขึ้น 15 ค่ำ เดือน 11,11,15,waxing,15,
1998-10-06,1998,2541,星期二,wan_phra,泰國佛日,วันพระ,Wan Phra,thai-buddhist,ขึ้น 15 ค่ำ เดือน 11,11,15,waxing,15,
1998-10-14,1998,2541,星期三,wan_phra,泰國佛日,วันพระ,Wan Phra,thai-buddhist,แรม 8 ค่ำ เดือน 11,11,23,waning,8,
1998-10-20,1998,2541,星期二,wan_phra,泰國佛日,วันพระ,Wan Phra,thai-buddhist,แรม 14 ค่ำ เดือน 11,11,29,waning,14,
1998-10-28,1998,2541,星期三,wan_phra,泰國佛日,วันพระ,Wan Phra,thai-buddhist,ขึ้น 8 ค่ำ เดือน 12,12,8,waxing,8,
1998-11-04,1998,2541,星期三,wan_phra,泰國佛日,วันพระ,Wan Phra,thai-buddhist,ขึ้น 15 ค่ำ เดือน 12,12,15,waxing,15,
1998-11-12,1998,2541,星期四,wan_phra,泰國佛日,วันพระ,Wan Phra,thai-buddhist,แรม 8 ค่ำ เดือน 12,12,23,waning,8,
1998-11-19,1998,2541,星期四,wan_phra,泰國佛日,วันพระ,Wan Phra,thai-buddhist,แรม 15 ค่ำ เดือน 12,12,30,waning,15,
1998-11-27,1998,2541,星期五,wan_phra,泰國佛日,วันพระ,Wan Phra,thai-buddhist,ขึ้น 8 ค่ำ เดือน 1,1,8,waxing,8,
1998-12-04,1998,2541,星期五,wan_phra,泰國佛日,วันพระ,Wan Phra,thai-buddhist,ขึ้น 15 ค่ำ เดือน 1,1,15,waxing,15,
1998-12-12,1998,2541,星期六,wan_phra,泰國佛日,วันพระ,Wan Phra,thai-buddhist,แรม 8 ค่ำ เดือน 1,1,23,waning,8,
1998-12-18,1998,2541,星期五,wan_phra,泰國佛日,วันพระ,Wan Phra,thai-buddhist,แรม 14 ค่ำ เดือน 1,1,29,waning,14,
1998-12-26,1998,2541,星期六,wan_phra,泰國佛日,วันพระ,Wan Phra,thai-buddhist,ขึ้น 8 ค่ำ เดือน 2,2,8,waxing,8,
1999-01-02,1999,2542,星期六,wan_phra,泰國佛日,วันพระ,Wan Phra,thai-buddhist,ขึ้น 15 ค่ำ เดือน 2,2,15,waxing,15,
1999-01-10,1999,2542,星期日,wan_phra,泰國佛日,วันพระ,Wan Phra,thai-buddhist,แรม 8 ค่ำ เดือน 2,2,23,waning,8,
1999-01-17,1999,2542,星期日,wan_phra,泰國佛日,วันพระ,Wan Phra,thai-buddhist,แรม 15 ค่ำ เดือน 2,2,30,waning,15,
1999-01-25,1999,2542,星期一,wan_phra,泰國佛日,วันพระ,Wan Phra,thai-buddhist,ขึ้น 8 ค่ำ เดือน 3,3,8,waxing,8,
1999-02-01,1999,2542,星期一,wan_phra,泰國佛日,วันพระ,Wan Phra,thai-buddhist,ขึ้น 15 ค่ำ เดือน 3,3,15,waxing,15,
1999-02-09,1999,2542,星期二,wan_phra,泰國佛日,วันพระ,Wan Phra,thai-buddhist,แรม 8 ค่ำ เดือน 3,3,23,waning,8,
1999-02-15,1999,2542,星期一,wan_phra,泰國佛日,วันพระ,Wan Phra,thai-buddhist,แรม 14 ค่ำ เดือน 3,3,29,waning,14,
1999-02-23,1999,2542,星期二,wan_phra,泰國佛日,วันพระ,Wan Phra,thai-buddhist,ขึ้น 8 ค่ำ เดือน 4,4,8,waxing,8,
1999-03-02,1999,2542,星期二,makha_bucha,萬佛節,มาฆบูชา,Makha Bucha,thai-buddhist-major,ขึ้น 15 ค่ำ เดือน 4,4,15,waxing,15,
1999-03-02,1999,2542,星期二,wan_phra,泰國佛日,วันพระ,Wan Phra,thai-buddhist,ขึ้น 15 ค่ำ เดือน 4,4,15,waxing,15,
1999-03-10,1999,2542,星期三,wan_phra,泰國佛日,วันพระ,Wan Phra,thai-buddhist,แรม 8 ค่ำ เดือน 4,4,23,waning,8,
1999-03-17,1999,2542,星期三,wan_phra,泰國佛日,วันพระ,Wan Phra,thai-buddhist,แรม 15 ค่ำ เดือน 4,4,30,waning,15,
1999-03-25,1999,2542,星期四,wan_phra,泰國佛日,วันพระ,Wan Phra,thai-buddhist,ขึ้น 8 ค่ำ เดือน 5,5,8,waxing,8,
1999-04-01,1999,2542,星期四,wan_phra,泰國佛日,วันพระ,Wan Phra,thai-buddhist,ขึ้น 15 ค่ำ เดือน 5,5,15,waxing,15,
1999-04-09,1999,2542,星期五,wan_phra,泰國佛日,วันพระ,Wan Phra,thai-buddhist,แรม 8 ค่ำ เดือน 5,5,23,waning,8,
1999-04-15,1999,2542,星期四,wan_phra,泰國佛日,วันพระ,Wan Phra,thai-buddhist,แรม 14 ค่ำ เดือน 5,5,29,waning,14,
1999-04-23,1999,2542,星期五,wan_phra,泰國佛日,วันพระ,Wan Phra,thai-buddhist,ขึ้น 8 ค่ำ เดือน 6,6,8,waxing,8,
1999-04-30,1999,2542,星期五,wan_phra,泰國佛日,วันพระ,Wan Phra,thai-buddhist,ขึ้น 15 ค่ำ เดือน 6,6,15,waxing,15,
1999-05-08,1999,2542,星期六,wan_phra,泰國佛日,วันพระ,Wan Phra,thai-buddhist,แรม 8 ค่ำ เดือน 6,6,23,waning,8,
1999-05-15,1999,2542,星期六,wan_phra,泰國佛日,วันพระ,Wan Phra,thai-buddhist,แรม 15 ค่ำ เดือน 6,6,30,waning,15,
1999-05-23,1999,2542,星期日,wan_phra,泰國佛日,วันพระ,Wan Phra,thai-buddhist,ขึ้น 8 ค่ำ เดือน 7,7,8,waxing,8,
1999-05-30,1999,2542,星期日,visakha_bucha,衛塞節,วิสาขบูชา,Visakha Bucha,thai-buddhist-major,ขึ้น 15 ค่ำ เดือน 7,7,15,waxing,15,
1999-05-30,1999,2542,星期日,wan_phra,泰國佛日,วันพระ,Wan Phra,thai-buddhist,ขึ้น 15 ค่ำ เดือน 7,7,15,waxing,15,
1999-06-07,1999,2542,星期一,wan_phra,泰國佛日,วันพระ,Wan Phra,thai-buddhist,แรม 8 ค่ำ เดือน 7,7,23,waning,8,
1999-06-13,1999,2542,星期日,wan_phra,泰國佛日,วันพระ,Wan Phra,thai-buddhist,แรม 14 ค่ำ เดือน 7,7,29,waning,14,
1999-06-21,1999,2542,星期一,wan_phra,泰國佛日,วันพระ,Wan Phra,thai-buddhist,ขึ้น 8 ค่ำ เดือน 8,8,8,waxing,8,
1999-06-28,1999,2542,星期一,wan_phra,泰國佛日,วันพระ,Wan Phra,thai-buddhist,ขึ้น 15 ค่ำ เดือน 8,8,15,waxing,15,
1999-07-06,1999,2542,星期二,wan_phra,泰國佛日,วันพระ,Wan Phra,thai-buddhist,แรม 8 ค่ำ เดือน 8,8,23,waning,8,
1999-07-13,1999,2542,星期二,wan_phra,泰國佛日,วันพระ,Wan Phra,thai-buddhist,แรม 15 ค่ำ เดือน 8,8,30,waning,15,
1999-07-21,1999,2542,星期三,wan_phra,泰國佛日,วันพระ,Wan Phra,thai-buddhist,ขึ้น 8 ค่ำ เดือน 88,88,8,waxing,8,
1999-07-28,1999,2542,星期三,wan_phra,泰國佛日,วันพระ,Wan Phra,thai-buddhist,ขึ้น 15 ค่ำ เดือน 88,88,15,waxing,15,
1999-07-29,1999,2542,星期四,khao_phansa,入雨安居,เข้าพรรษา,Khao Phansa,thai-buddhist-major,แรม 1 ค่ำ เดือน 88,88,16,waning,1,
1999-08-05,1999,2542,星期四,wan_phra,泰國佛日,วันพระ,Wan Phra,thai-buddhist,แรม 8 ค่ำ เดือน 88,88,23,waning,8,
1999-08-12,1999,2542,星期四,wan_phra,泰國佛日,วันพระ,Wan Phra,thai-buddhist,แรม 15 ค่ำ เดือน 88,88,30,waning,15,
1999-08-20,1999,2542,星期五,wan_phra,泰國佛日,วันพระ,Wan Phra,thai-buddhist,ขึ้น 8 ค่ำ เดือน 9,9,8,waxing,8,
1999-08-27,1999,2542,星期五,wan_phra,泰國佛日,วันพระ,Wan Phra,thai-buddhist,ขึ้น 15 ค่ำ เดือน 9,9,15,waxing,15,
1999-09-04,1999,2542,星期六,wan_phra,泰國佛日,วันพระ,Wan Phra,thai-buddhist,แรม 8 ค่ำ เดือน 9,9,23,waning,8,
1999-09-10,1999,2542,星期五,wan_phra,泰國佛日,วันพระ,Wan Phra,thai-buddhist,แรม 14 ค่ำ เดือน 9,9,29,waning,14,
1999-09-18,1999,2542,星期六,wan_phra,泰國佛日,วันพระ,Wan Phra,thai-buddhist,ขึ้น 8 ค่ำ เดือน 10,10,8,waxing,8,
1999-09-25,1999,2542,星期六,wan_phra,泰國佛日,วันพระ,Wan Phra,thai-buddhist,ขึ้น 15 ค่ำ เดือน 10,10,15,waxing,15,
1999-10-03,1999,2542,星期日,wan_phra,泰國佛日,วันพระ,Wan Phra,thai-buddhist,แรม 8 ค่ำ เดือน 10,10,23,waning,8,
1999-10-10,1999,2542,星期日,wan_phra,泰國佛日,วันพระ,Wan Phra,thai-buddhist,แรม 15 ค่ำ เดือน 10,10,30,waning,15,
1999-10-18,1999,2542,星期一,wan_phra,泰國佛日,วันพระ,Wan Phra,thai-buddhist,ขึ้น 8 ค่ำ เดือน 11,11,8,waxing,8,
1999-10-25,1999,2542,星期一,ok_phansa,出雨安居,ออกพรรษา,Ok Phansa,thai-buddhist-major,ขึ้น 15 ค่ำ เดือน 11,11,15,waxing,15,
1999-10-25,1999,2542,星期一,wan_phra,泰國佛日,วันพระ,Wan Phra,thai-buddhist,ขึ้น 15 ค่ำ เดือน 11,11,15,waxing,15,
1999-11-02,1999,2542,星期二,wan_phra,泰國佛日,วันพระ,Wan Phra,thai-buddhist,แรม 8 ค่ำ เดือน 11,11,23,waning,8,
1999-11-08,1999,2542,星期一,wan_phra,泰國佛日,วันพระ,Wan Phra,thai-buddhist,แรม 14 ค่ำ เดือน 11,11,29,waning,14,
1999-11-16,1999,2542,星期二,wan_phra,泰國佛日,วันพระ,Wan Phra,thai-buddhist,ขึ้น 8 ค่ำ เดือน 12,12,8,waxing,8,
1999-11-23,1999,2542,星期二,wan_phra,泰國佛日,วันพระ,Wan Phra,thai-buddhist,ขึ้น 15 ค่ำ เดือน 12,12,15,waxing,15,
1999-12-01,1999,2542,星期三,wan_phra,泰國佛日,วันพระ,Wan Phra,thai-buddhist,แรม 8 ค่ำ เดือน 12,12,23,waning,8,
1999-12-08,1999,2542,星期三,wan_phra,泰國佛日,วันพระ,Wan Phra,thai-buddhist,แรม 15 ค่ำ เดือน 12,12,30,waning,15,
1999-12-16,1999,2542,星期四,wan_phra,泰國佛日,วันพระ,Wan Phra,thai-buddhist,ขึ้น 8 ค่ำ เดือน 1,1,8,waxing,8,
1999-12-23,1999,2542,星期四,wan_phra,泰國佛日,วันพระ,Wan Phra,thai-buddhist,ขึ้น 15 ค่ำ เดือน 1,1,15,waxing,15,
1999-12-31,1999,2542,星期五,wan_phra,泰國佛日,วันพระ,Wan Phra,thai-buddhist,แรม 8 ค่ำ เดือน 1,1,23,waning,8,
2000-01-06,2000,2543,星期四,wan_phra,泰國佛日,วันพระ,Wan Phra,thai-buddhist,แรม 14 ค่ำ เดือน 1,1,29,waning,14,
2000-01-14,2000,2543,星期五,wan_phra,泰國佛日,วันพระ,Wan Phra,thai-buddhist,ขึ้น 8 ค่ำ เดือน 2,2,8,waxing,8,
2000-01-21,2000,2543,星期五,wan_phra,泰國佛日,วันพระ,Wan Phra,thai-buddhist,ขึ้น 15 ค่ำ เดือน 2,2,15,waxing,15,
2000-01-29,2000,2543,星期六,wan_phra,泰國佛日,วันพระ,Wan Phra,thai-buddhist,แรม 8 ค่ำ เดือน 2,2,23,waning,8,
2000-02-05,2000,2543,星期六,wan_phra,泰國佛日,วันพระ,Wan Phra,thai-buddhist,แรม 15 ค่ำ เดือน 2,2,30,waning,15,
2000-02-13,2000,2543,星期日,wan_phra,泰國佛日,วันพระ,Wan Phra,thai-buddhist,ขึ้น 8 ค่ำ เดือน 3,3,8,waxing,8,
2000-02-20,2000,2543,星期日,makha_bucha,萬佛節,มาฆบูชา,Makha Bucha,thai-buddhist-major,ขึ้น 15 ค่ำ เดือน 3,3,15,waxing,15,
2000-02-20,2000,2543,星期日,wan_phra,泰國佛日,วันพระ,Wan Phra,thai-buddhist,ขึ้น 15 ค่ำ เดือน 3,3,15,waxing,15,
2000-02-28,2000,2543,星期一,wan_phra,泰國佛日,วันพระ,Wan Phra,thai-buddhist,แรม 8 ค่ำ เดือน 3,3,23,waning,8,
2000-03-05,2000,2543,星期日,wan_phra,泰國佛日,วันพระ,Wan Phra,thai-buddhist,แรม 14 ค่ำ เดือน 3,3,29,waning,14,
2000-03-13,2000,2543,星期一,wan_phra,泰國佛日,วันพระ,Wan Phra,thai-buddhist,ขึ้น 8 ค่ำ เดือน 4,4,8,waxing,8,
2000-03-20,2000,2543,星期一,wan_phra,泰國佛日,วันพระ,Wan Phra,thai-buddhist,ขึ้น 15 ค่ำ เดือน 4,4,15,waxing,15,
2000-03-28,2000,2543,星期二,wan_phra,泰國佛日,วันพระ,Wan Phra,thai-buddhist,แรม 8 ค่ำ เดือน 4,4,23,waning,8,
2000-04-04,2000,2543,星期二,wan_phra,泰國佛日,วันพระ,Wan Phra,thai-buddhist,แรม 15 ค่ำ เดือน 4,4,30,waning,15,
2000-04-12,2000,2543,星期三,wan_phra,泰國佛日,วันพระ,Wan Phra,thai-buddhist,ขึ้น 8 ค่ำ เดือน 5,5,8,waxing,8,
2000-04-19,2000,2543,星期三,wan_phra,泰國佛日,วันพระ,Wan Phra,thai-buddhist,ขึ้น 15 ค่ำ เดือน 5,5,15,waxing,15,
2000-04-27,2000,2543,星期四,wan_phra,泰國佛日,วันพระ,Wan Phra,thai-buddhist,แรม 8 ค่ำ เดือน 5,5,23,waning,8,
2000-05-03,2000,2543,星期三,wan_phra,泰國佛日,วันพระ,Wan Phra,thai-buddhist,แรม 14 ค่ำ เดือน 5,5,29,waning,14,
2000-05-11,2000,2543,星期四,wan_phra,泰國佛日,วันพระ,Wan Phra,thai-buddhist,ขึ้น 8 ค่ำ เดือน 6,6,8,waxing,8,
2000-05-18,2000,2543,星期四,visakha_bucha,衛塞節,วิสาขบูชา,Visakha Bucha,thai-buddhist-major,ขึ้น 15 ค่ำ เดือน 6,6,15,waxing,15,
2000-05-18,2000,2543,星期四,wan_phra,泰國佛日,วันพระ,Wan Phra,thai-buddhist,ขึ้น 15 ค่ำ เดือน 6,6,15,waxing,15,
2000-05-26,2000,2543,星期五,wan_phra,泰國佛日,วันพระ,Wan Phra,thai-buddhist,แรม 8 ค่ำ เดือน 6,6,23,waning,8,
2000-06-02,2000,2543,星期五,wan_phra,泰國佛日,วันพระ,Wan Phra,thai-buddhist,แรม 15 ค่ำ เดือน 6,6,30,waning,15,
2000-06-10,2000,2543,星期六,wan_phra,泰國佛日,วันพระ,Wan Phra,thai-buddhist,ขึ้น 8 ค่ำ เดือน 7,7,8,waxing,8,
2000-06-17,2000,2543,星期六,wan_phra,泰國佛日,วันพระ,Wan Phra,thai-buddhist,ขึ้น 15 ค่ำ เดือน 7,7,15,waxing,15,
2000-06-25,2000,2543,星期日,wan_phra,泰國佛日,วันพระ,Wan Phra,thai-buddhist,แรม 8 ค่ำ เดือน 7,7,23,waning,8,
2000-07-01,2000,2543,星期六,wan_phra,泰國佛日,วันพระ,Wan Phra,thai-buddhist,แรม 14 ค่ำ เดือน 7,7,29,waning,14,
2000-07-09,2000,2543,星期日,wan_phra,泰國佛日,วันพระ,Wan Phra,thai-buddhist,ขึ้น 8 ค่ำ เดือน 8,8,8,waxing,8,
2000-07-16,2000,2543,星期日,wan_phra,泰國佛日,วันพระ,Wan Phra,thai-buddhist,ขึ้น 15 ค่ำ เดือน 8,8,15,waxing,15,
2000-07-17,2000,2543,星期一,khao_phansa,入雨安居,เข้าพรรษา,Khao Phansa,thai-buddhist-major,แรม 1 ค่ำ เดือน 8,8,16,waning,1,
2000-07-24,2000,2543,星期一,wan_phra,泰國佛日,วันพระ,Wan Phra,thai-buddhist,แรม 8 ค่ำ เดือน 8,8,23,waning,8,
2000-07-31,2000,2543,星期一,wan_phra,泰國佛日,วันพระ,Wan Phra,thai-buddhist,แรม 15 ค่ำ เดือน 8,8,30,waning,15,
2000-08-08,2000,2543,星期二,wan_phra,泰國佛日,วันพระ,Wan Phra,thai-buddhist,ขึ้น 8 ค่ำ เดือน 9,9,8,waxing,8,
2000-08-15,2000,2543,星期二,wan_phra,泰國佛日,วันพระ,Wan Phra,thai-buddhist,ขึ้น 15 ค่ำ เดือน 9,9,15,waxing,15,
2000-08-23,2000,2543,星期三,wan_phra,泰國佛日,วันพระ,Wan Phra,thai-buddhist,แรม 8 ค่ำ เดือน 9,9,23,waning,8,
2000-08-29,2000,2543,星期二,wan_phra,泰國佛日,วันพระ,Wan Phra,thai-buddhist,แรม 14 ค่ำ เดือน 9,9,29,waning,14,
2000-09-06,2000,2543,星期三,wan_phra,泰國佛日,วันพระ,Wan Phra,thai-buddhist,ขึ้น 8 ค่ำ เดือน 10,10,8,waxing,8,
2000-09-13,2000,2543,星期三,wan_phra,泰國佛日,วันพระ,Wan Phra,thai-buddhist,ขึ้น 15 ค่ำ เดือน 10,10,15,waxing,15,
2000-09-21,2000,2543,星期四,wan_phra,泰國佛日,วันพระ,Wan Phra,thai-buddhist,แรม 8 ค่ำ เดือน 10,10,23,waning,8,
2000-09-28,2000,2543,星期四,wan_phra,泰國佛日,วันพระ,Wan Phra,thai-buddhist,แรม 15 ค่ำ เดือน 10,10,30,waning,15,
2000-10-06,2000,2543,星期五,wan_phra,泰國佛日,วันพระ,Wan Phra,thai-buddhist,ขึ้น 8 ค่ำ เดือน 11,11,8,waxing,8,
2000-10-13,2000,2543,星期五,ok_phansa,出雨安居,ออกพรรษา,Ok Phansa,thai-buddhist-major,ขึ้น 15 ค่ำ เดือน 11,11,15,waxing,15,
2000-10-13,2000,2543,星期五,wan_phra,泰國佛日,วันพระ,Wan Phra,thai-buddhist,ขึ้น 15 ค่ำ เดือน 11,11,15,waxing,15,
2000-10-21,2000,2543,星期六,wan_phra,泰國佛日,วันพระ,Wan Phra,thai-buddhist,แรม 8 ค่ำ เดือน 11,11,23,waning,8,
2000-10-27,2000,2543,星期五,wan_phra,泰國佛日,วันพระ,Wan Phra,thai-buddhist,แรม 14 ค่ำ เดือน 11,11,29,waning,14,
2000-11-04,2000,2543,星期六,wan_phra,泰國佛日,วันพระ,Wan Phra,thai-buddhist,ขึ้น 8 ค่ำ เดือน 12,12,8,waxing,8,
2000-11-11,2000,2543,星期六,wan_phra,泰國佛日,วันพระ,Wan Phra,thai-buddhist,ขึ้น 15 ค่ำ เดือน 12,12,15,waxing,15,
2000-11-19,2000,2543,星期日,wan_phra,泰國佛日,วันพระ,Wan Phra,thai-buddhist,แรม 8 ค่ำ เดือน 12,12,23,waning,8,
2000-11-26,2000,2543,星期日,wan_phra,泰國佛日,วันพระ,Wan Phra,thai-buddhist,แรม 15 ค่ำ เดือน 12,12,30,waning,15,
2000-12-04,2000,2543,星期一,wan_phra,泰國佛日,วันพระ,Wan Phra,thai-buddhist,ขึ้น 8 ค่ำ เดือน 1,1,8,waxing,8,
2000-12-11,2000,2543,星期一,wan_phra,泰國佛日,วันพระ,Wan Phra,thai-buddhist,ขึ้น 15 ค่ำ เดือน 1,1,15,waxing,15,
2000-12-19,2000,2543,星期二,wan_phra,泰國佛日,วันพระ,Wan Phra,thai-buddhist,แรม 8 ค่ำ เดือน 1,1,23,waning,8,
2000-12-25,2000,2543,星期一,wan_phra,泰國佛日,วันพระ,Wan Phra,thai-buddhist,แรม 14 ค่ำ เดือน 1,1,29,waning,14,
2001-01-02,2001,2544,星期二,wan_phra,泰國佛日,วันพระ,Wan Phra,thai-buddhist,ขึ้น 8 ค่ำ เดือน 2,2,8,waxing,8,
2001-01-09,2001,2544,星期二,wan_phra,泰國佛日,วันพระ,Wan Phra,thai-buddhist,ขึ้น 15 ค่ำ เดือน 2,2,15,waxing,15,
2001-01-17,2001,2544,星期三,wan_phra,泰國佛日,วันพระ,Wan Phra,thai-buddhist,แรม 8 ค่ำ เดือน 2,2,23,waning,8,
2001-01-24,2001,2544,星期三,wan_phra,泰國佛日,วันพระ,Wan Phra,thai-buddhist,แรม 15 ค่ำ เดือน 2,2,30,waning,15,
2001-02-01,2001,2544,星期四,wan_phra,泰國佛日,วันพระ,Wan Phra,thai-buddhist,ขึ้น 8 ค่ำ เดือน 3,3,8,waxing,8,
2001-02-08,2001,2544,星期四,makha_bucha,萬佛節,มาฆบูชา,Makha Bucha,thai-buddhist-major,ขึ้น 15 ค่ำ เดือน 3,3,15,waxing,15,
2001-02-08,2001,2544,星期四,wan_phra,泰國佛日,วันพระ,Wan Phra,thai-buddhist,ขึ้น 15 ค่ำ เดือน 3,3,15,waxing,15,
2001-02-16,2001,2544,星期五,wan_phra,泰國佛日,วันพระ,Wan Phra,thai-buddhist,แรม 8 ค่ำ เดือน 3,3,23,waning,8,
2001-02-22,2001,2544,星期四,wan_phra,泰國佛日,วันพระ,Wan Phra,thai-buddhist,แรม 14 ค่ำ เดือน 3,3,29,waning,14,
2001-03-02,2001,2544,星期五,wan_phra,泰國佛日,วันพระ,Wan Phra,thai-buddhist,ขึ้น 8 ค่ำ เดือน 4,4,8,waxing,8,
2001-03-09,2001,2544,星期五,wan_phra,泰國佛日,วันพระ,Wan Phra,thai-buddhist,ขึ้น 15 ค่ำ เดือน 4,4,15,waxing,15,
2001-03-17,2001,2544,星期六,wan_phra,泰國佛日,วันพระ,Wan Phra,thai-buddhist,แรม 8 ค่ำ เดือน 4,4,23,waning,8,
2001-03-24,2001,2544,星期六,wan_phra,泰國佛日,วันพระ,Wan Phra,thai-buddhist,แรม 15 ค่ำ เดือน 4,4,30,waning,15,
2001-04-01,2001,2544,星期日,wan_phra,泰國佛日,วันพระ,Wan Phra,thai-buddhist,ขึ้น 8 ค่ำ เดือน 5,5,8,waxing,8,
2001-04-08,2001,2544,星期日,wan_phra,泰國佛日,วันพระ,Wan Phra,thai-buddhist,ขึ้น 15 ค่ำ เดือน 5,5,15,waxing,15,
2001-04-16,2001,2544,星期一,wan_phra,泰國佛日,วันพระ,Wan Phra,thai-buddhist,แรม 8 ค่ำ เดือน 5,5,23,waning,8,
2001-04-22,2001,2544,星期日,wan_phra,泰國佛日,วันพระ,Wan Phra,thai-buddhist,แรม 14 ค่ำ เดือน 5,5,29,waning,14,
2001-04-30,2001,2544,星期一,wan_phra,泰國佛日,วันพระ,Wan Phra,thai-buddhist,ขึ้น 8 ค่ำ เดือน 6,6,8,waxing,8,
2001-05-07,2001,2544,星期一,visakha_bucha,衛塞節,วิสาขบูชา,Visakha Bucha,thai-buddhist-major,ขึ้น 15 ค่ำ เดือน 6,6,15,waxing,15,
2001-05-07,2001,2544,星期一,wan_phra,泰國佛日,วันพระ,Wan Phra,thai-buddhist,ขึ้น 15 ค่ำ เดือน 6,6,15,waxing,15,
2001-05-15,2001,2544,星期二,wan_phra,泰國佛日,วันพระ,Wan Phra,thai-buddhist,แรม 8 ค่ำ เดือน 6,6,23,waning,8,
2001-05-22,2001,2544,星期二,wan_phra,泰國佛日,วันพระ,Wan Phra,thai-buddhist,แรม 15 ค่ำ เดือน 6,6,30,waning,15,
2001-05-30,2001,2544,星期三,wan_phra,泰國佛日,วันพระ,Wan Phra,thai-buddhist,ขึ้น 8 ค่ำ เดือน 7,7,8,waxing,8,
2001-06-06,2001,2544,星期三,wan_phra,泰國佛日,วันพระ,Wan Phra,thai-buddhist,ขึ้น 15 ค่ำ เดือน 7,7,15,waxing,15,
2001-06-14,2001,2544,星期四,wan_phra,泰國佛日,วันพระ,Wan Phra,thai-buddhist,แรม 8 ค่ำ เดือน 7,7,23,waning,8,
2001-06-20,2001,2544,星期三,wan_phra,泰國佛日,วันพระ,Wan Phra,thai-buddhist,แรม 14 ค่ำ เดือน 7,7,29,waning,14,
2001-06-28,2001,2544,星期四,wan_phra,泰國佛日,วันพระ,Wan Phra,thai-buddhist,ขึ้น 8 ค่ำ เดือน 8,8,8,waxing,8,
2001-07-05,2001,2544,星期四,wan_phra,泰國佛日,วันพระ,Wan Phra,thai-buddhist,ขึ้น 15 ค่ำ เดือน 8,8,15,waxing,15,
2001-07-06,2001,2544,星期五,khao_phansa,入雨安居,เข้าพรรษา,Khao Phansa,thai-buddhist-major,แรม 1 ค่ำ เดือน 8,8,16,waning,1,
2001-07-13,2001,2544,星期五,wan_phra,泰國佛日,วันพระ,Wan Phra,thai-buddhist,แรม 8 ค่ำ เดือน 8,8,23,waning,8,
2001-07-20,2001,2544,星期五,wan_phra,泰國佛日,วันพระ,Wan Phra,thai-buddhist,แรม 15 ค่ำ เดือน 8,8,30,waning,15,
2001-07-28,2001,2544,星期六,wan_phra,泰國佛日,วันพระ,Wan Phra,thai-buddhist,ขึ้น 8 ค่ำ เดือน 9,9,8,waxing,8,
2001-08-04,2001,2544,星期六,wan_phra,泰國佛日,วันพระ,Wan Phra,thai-buddhist,ขึ้น 15 ค่ำ เดือน 9,9,15,waxing,15,
2001-08-12,2001,2544,星期日,wan_phra,泰國佛日,วันพระ,Wan Phra,thai-buddhist,แรม 8 ค่ำ เดือน 9,9,23,waning,8,
2001-08-18,2001,2544,星期六,wan_phra,泰國佛日,วันพระ,Wan Phra,thai-buddhist,แรม 14 ค่ำ เดือน 9,9,29,waning,14,
2001-08-26,2001,2544,星期日,wan_phra,泰國佛日,วันพระ,Wan Phra,thai-buddhist,ขึ้น 8 ค่ำ เดือน 10,10,8,waxing,8,
2001-09-02,2001,2544,星期日,wan_phra,泰國佛日,วันพระ,Wan Phra,thai-buddhist,ขึ้น 15 ค่ำ เดือน 10,10,15,waxing,15,
2001-09-10,2001,2544,星期一,wan_phra,泰國佛日,วันพระ,Wan Phra,thai-buddhist,แรม 8 ค่ำ เดือน 10,10,23,waning,8,
2001-09-17,2001,2544,星期一,wan_phra,泰國佛日,วันพระ,Wan Phra,thai-buddhist,แรม 15 ค่ำ เดือน 10,10,30,waning,15,
2001-09-25,2001,2544,星期二,wan_phra,泰國佛日,วันพระ,Wan Phra,thai-buddhist,ขึ้น 8 ค่ำ เดือน 11,11,8,waxing,8,
2001-10-02,2001,2544,星期二,ok_phansa,出雨安居,ออกพรรษา,Ok Phansa,thai-buddhist-major,ขึ้น 15 ค่ำ เดือน 11,11,15,waxing,15,
2001-10-02,2001,2544,星期二,wan_phra,泰國佛日,วันพระ,Wan Phra,thai-buddhist,ขึ้น 15 ค่ำ เดือน 11,11,15,waxing,15,
2001-10-10,2001,2544,星期三,wan_phra,泰國佛日,วันพระ,Wan Phra,thai-buddhist,แรม 8 ค่ำ เดือน 11,11,23,waning,8,
2001-10-16,2001,2544,星期二,wan_phra,泰國佛日,วันพระ,Wan Phra,thai-buddhist,แรม 14 ค่ำ เดือน 11,11,29,waning,14,
2001-10-24,2001,2544,星期三,wan_phra,泰國佛日,วันพระ,Wan Phra,thai-buddhist,ขึ้น 8 ค่ำ เดือน 12,12,8,waxing,8,
2001-10-31,2001,2544,星期三,wan_phra,泰國佛日,วันพระ,Wan Phra,thai-buddhist,ขึ้น 15 ค่ำ เดือน 12,12,15,waxing,15,
2001-11-08,2001,2544,星期四,wan_phra,泰國佛日,วันพระ,Wan Phra,thai-buddhist,แรม 8 ค่ำ เดือน 12,12,23,waning,8,
2001-11-15,2001,2544,星期四,wan_phra,泰國佛日,วันพระ,Wan Phra,thai-buddhist,แรม 15 ค่ำ เดือน 12,12,30,waning,15,
2001-11-23,2001,2544,星期五,wan_phra,泰國佛日,วันพระ,Wan Phra,thai-buddhist,ขึ้น 8 ค่ำ เดือน 1,1,8,waxing,8,
2001-11-30,2001,2544,星期五,wan_phra,泰國佛日,วันพระ,Wan Phra,thai-buddhist,ขึ้น 15 ค่ำ เดือน 1,1,15,waxing,15,
2001-12-08,2001,2544,星期六,wan_phra,泰國佛日,วันพระ,Wan Phra,thai-buddhist,แรม 8 ค่ำ เดือน 1,1,23,waning,8,
2001-12-14,2001,2544,星期五,wan_phra,泰國佛日,วันพระ,Wan Phra,thai-buddhist,แรม 14 ค่ำ เดือน 1,1,29,waning,14,
2001-12-22,2001,2544,星期六,wan_phra,泰國佛日,วันพระ,Wan Phra,thai-buddhist,ขึ้น 8 ค่ำ เดือน 2,2,8,waxing,8,
2001-12-29,2001,2544,星期六,wan_phra,泰國佛日,วันพระ,Wan Phra,thai-buddhist,ขึ้น 15 ค่ำ เดือน 2,2,15,waxing,15,
2002-01-06,2002,2545,星期日,wan_phra,泰國佛日,วันพระ,Wan Phra,thai-buddhist,แรม 8 ค่ำ เดือน 2,2,23,waning,8,
2002-01-13,2002,2545,星期日,wan_phra,泰國佛日,วันพระ,Wan Phra,thai-buddhist,แรม 15 ค่ำ เดือน 2,2,30,waning,15,
2002-01-21,2002,2545,星期一,wan_phra,泰國佛日,วันพระ,Wan Phra,thai-buddhist,ขึ้น 8 ค่ำ เดือน 3,3,8,waxing,8,
2002-01-28,2002,2545,星期一,wan_phra,泰國佛日,วันพระ,Wan Phra,thai-buddhist,ขึ้น 15 ค่ำ เดือน 3,3,15,waxing,15,
2002-02-05,2002,2545,星期二,wan_phra,泰國佛日,วันพระ,Wan Phra,thai-buddhist,แรม 8 ค่ำ เดือน 3,3,23,waning,8,
2002-02-11,2002,2545,星期一,wan_phra,泰國佛日,วันพระ,Wan Phra,thai-buddhist,แรม 14 ค่ำ เดือน 3,3,29,waning,14,
2002-02-19,2002,2545,星期二,wan_phra,泰國佛日,วันพระ,Wan Phra,thai-buddhist,ขึ้น 8 ค่ำ เดือน 4,4,8,waxing,8,
2002-02-26,2002,2545,星期二,makha_bucha,萬佛節,มาฆบูชา,Makha Bucha,thai-buddhist-major,ขึ้น 15 ค่ำ เดือน 4,4,15,waxing,15,
2002-02-26,2002,2545,星期二,wan_phra,泰國佛日,วันพระ,Wan Phra,thai-buddhist,ขึ้น 15 ค่ำ เดือน 4,4,15,waxing,15,
2002-03-06,2002,2545,星期三,wan_phra,泰國佛日,วันพระ,Wan Phra,thai-buddhist,แรม 8 ค่ำ เดือน 4,4,23,waning,8,
2002-03-13,2002,2545,星期三,wan_phra,泰國佛日,วันพระ,Wan Phra,thai-buddhist,แรม 15 ค่ำ เดือน 4,4,30,waning,15,
2002-03-21,2002,2545,星期四,wan_phra,泰國佛日,วันพระ,Wan Phra,thai-buddhist,ขึ้น 8 ค่ำ เดือน 5,5,8,waxing,8,
2002-03-28,2002,2545,星期四,wan_phra,泰國佛日,วันพระ,Wan Phra,thai-buddhist,ขึ้น 15 ค่ำ เดือน 5,5,15,waxing,15,
2002-04-05,2002,2545,星期五,wan_phra,泰國佛日,วันพระ,Wan Phra,thai-buddhist,แรม 8 ค่ำ เดือน 5,5,23,waning,8,
2002-04-11,2002,2545,星期四,wan_phra,泰國佛日,วันพระ,Wan Phra,thai-buddhist,แรม 14 ค่ำ เดือน 5,5,29,waning,14,
2002-04-19,2002,2545,星期五,wan_phra,泰國佛日,วันพระ,Wan Phra,thai-buddhist,ขึ้น 8 ค่ำ เดือน 6,6,8,waxing,8,
2002-04-26,2002,2545,星期五,wan_phra,泰國佛日,วันพระ,Wan Phra,thai-buddhist,ขึ้น 15 ค่ำ เดือน 6,6,15,waxing,15,
2002-05-04,2002,2545,星期六,wan_phra,泰國佛日,วันพระ,Wan Phra,thai-buddhist,แรม 8 ค่ำ เดือน 6,6,23,waning,8,
2002-05-11,2002,2545,星期六,wan_phra,泰國佛日,วันพระ,Wan Phra,thai-buddhist,แรม 15 ค่ำ เดือน 6,6,30,waning,15,
2002-05-19,2002,2545,星期日,wan_phra,泰國佛日,วันพระ,Wan Phra,thai-buddhist,ขึ้น 8 ค่ำ เดือน 7,7,8,waxing,8,
2002-05-26,2002,2545,星期日,visakha_bucha,衛塞節,วิสาขบูชา,Visakha Bucha,thai-buddhist-major,ขึ้น 15 ค่ำ เดือน 7,7,15,waxing,15,
2002-05-26,2002,2545,星期日,wan_phra,泰國佛日,วันพระ,Wan Phra,thai-buddhist,ขึ้น 15 ค่ำ เดือน 7,7,15,waxing,15,
2002-06-03,2002,2545,星期一,wan_phra,泰國佛日,วันพระ,Wan Phra,thai-buddhist,แรม 8 ค่ำ เดือน 7,7,23,waning,8,
2002-06-09,2002,2545,星期日,wan_phra,泰國佛日,วันพระ,Wan Phra,thai-buddhist,แรม 14 ค่ำ เดือน 7,7,29,waning,14,
2002-06-17,2002,2545,星期一,wan_phra,泰國佛日,วันพระ,Wan Phra,thai-buddhist,ขึ้น 8 ค่ำ เดือน 8,8,8,waxing,8,
2002-06-24,2002,2545,星期一,wan_phra,泰國佛日,วันพระ,Wan Phra,thai-buddhist,ขึ้น 15 ค่ำ เดือน 8,8,15,waxing,15,
2002-07-02,2002,2545,星期二,wan_phra,泰國佛日,วันพระ,Wan Phra,thai-buddhist,แรม 8 ค่ำ เดือน 8,8,23,waning,8,
2002-07-09,2002,2545,星期二,wan_phra,泰國佛日,วันพระ,Wan Phra,thai-buddhist,แรม 15 ค่ำ เดือน 8,8,30,waning,15,
2002-07-17,2002,2545,星期三,wan_phra,泰國佛日,วันพระ,Wan Phra,thai-buddhist,ขึ้น 8 ค่ำ เดือน 88,88,8,waxing,8,
2002-07-24,2002,2545,星期三,wan_phra,泰國佛日,วันพระ,Wan Phra,thai-buddhist,ขึ้น 15 ค่ำ เดือน 88,88,15,waxing,15,
2002-07-25,2002,2545,星期四,khao_phansa,入雨安居,เข้าพรรษา,Khao Phansa,thai-buddhist-major,แรม 1 ค่ำ เดือน 88,88,16,waning,1,
2002-08-01,2002,2545,星期四,wan_phra,泰國佛日,วันพระ,Wan Phra,thai-buddhist,แรม 8 ค่ำ เดือน 88,88,23,waning,8,
2002-08-08,2002,2545,星期四,wan_phra,泰國佛日,วันพระ,Wan Phra,thai-buddhist,แรม 15 ค่ำ เดือน 88,88,30,waning,15,
2002-08-16,2002,2545,星期五,wan_phra,泰國佛日,วันพระ,Wan Phra,thai-buddhist,ขึ้น 8 ค่ำ เดือน 9,9,8,waxing,8,
2002-08-23,2002,2545,星期五,wan_phra,泰國佛日,วันพระ,Wan Phra,thai-buddhist,ขึ้น 15 ค่ำ เดือน 9,9,15,waxing,15,
2002-08-31,2002,2545,星期六,wan_phra,泰國佛日,วันพระ,Wan Phra,thai-buddhist,แรม 8 ค่ำ เดือน 9,9,23,waning,8,
2002-09-06,2002,2545,星期五,wan_phra,泰國佛日,วันพระ,Wan Phra,thai-buddhist,แรม 14 ค่ำ เดือน 9,9,29,waning,14,
2002-09-14,2002,2545,星期六,wan_phra,泰國佛日,วันพระ,Wan Phra,thai-buddhist,ขึ้น 8 ค่ำ เดือน 10,10,8,waxing,8,
2002-09-21,2002,2545,星期六,wan_phra,泰國佛日,วันพระ,Wan Phra,thai-buddhist,ขึ้น 15 ค่ำ เดือน 10,10,15,waxing,15,
2002-09-29,2002,2545,星期日,wan_phra,泰國佛日,วันพระ,Wan Phra,thai-buddhist,แรม 8 ค่ำ เดือน 10,10,23,waning,8,
2002-10-06,2002,2545,星期日,wan_phra,泰國佛日,วันพระ,Wan Phra,thai-buddhist,แรม 15 ค่ำ เดือน 10,10,30,waning,15,
2002-10-14,2002,2545,星期一,wan_phra,泰國佛日,วันพระ,Wan Phra,thai-buddhist,ขึ้น 8 ค่ำ เดือน 11,11,8,waxing,8,
2002-10-21,2002,2545,星期一,ok_phansa,出雨安居,ออกพรรษา,Ok Phansa,thai-buddhist-major,ขึ้น 15 ค่ำ เดือน 11,11,15,waxing,15,
2002-10-21,2002,2545,星期一,wan_phra,泰國佛日,วันพระ,Wan Phra,thai-buddhist,ขึ้น 15 ค่ำ เดือน 11,11,15,waxing,15,
2002-10-29,2002,2545,星期二,wan_phra,泰國佛日,วันพระ,Wan Phra,thai-buddhist,แรม 8 ค่ำ เดือน 11,11,23,waning,8,
2002-11-04,2002,2545,星期一,wan_phra,泰國佛日,วันพระ,Wan Phra,thai-buddhist,แรม 14 ค่ำ เดือน 11,11,29,waning,14,
2002-11-12,2002,2545,星期二,wan_phra,泰國佛日,วันพระ,Wan Phra,thai-buddhist,ขึ้น 8 ค่ำ เดือน 12,12,8,waxing,8,
2002-11-19,2002,2545,星期二,wan_phra,泰國佛日,วันพระ,Wan Phra,thai-buddhist,ขึ้น 15 ค่ำ เดือน 12,12,15,waxing,15,
2002-11-27,2002,2545,星期三,wan_phra,泰國佛日,วันพระ,Wan Phra,thai-buddhist,แรม 8 ค่ำ เดือน 12,12,23,waning,8,
2002-12-04,2002,2545,星期三,wan_phra,泰國佛日,วันพระ,Wan Phra,thai-buddhist,แรม 15 ค่ำ เดือน 12,12,30,waning,15,
2002-12-12,2002,2545,星期四,wan_phra,泰國佛日,วันพระ,Wan Phra,thai-buddhist,ขึ้น 8 ค่ำ เดือน 1,1,8,waxing,8,
2002-12-19,2002,2545,星期四,wan_phra,泰國佛日,วันพระ,Wan Phra,thai-buddhist,ขึ้น 15 ค่ำ เดือน 1,1,15,waxing,15,
2002-12-27,2002,2545,星期五,wan_phra,泰國佛日,วันพระ,Wan Phra,thai-buddhist,แรม 8 ค่ำ เดือน 1,1,23,waning,8,
2003-01-02,2003,2546,星期四,wan_phra,泰國佛日,วันพระ,Wan Phra,thai-buddhist,แรม 14 ค่ำ เดือน 1,1,29,waning,14,
2003-01-10,2003,2546,星期五,wan_phra,泰國佛日,วันพระ,Wan Phra,thai-buddhist,ขึ้น 8 ค่ำ เดือน 2,2,8,waxing,8,
2003-01-17,2003,2546,星期五,wan_phra,泰國佛日,วันพระ,Wan Phra,thai-buddhist,ขึ้น 15 ค่ำ เดือน 2,2,15,waxing,15,
2003-01-25,2003,2546,星期六,wan_phra,泰國佛日,วันพระ,Wan Phra,thai-buddhist,แรม 8 ค่ำ เดือน 2,2,23,waning,8,
2003-02-01,2003,2546,星期六,wan_phra,泰國佛日,วันพระ,Wan Phra,thai-buddhist,แรม 15 ค่ำ เดือน 2,2,30,waning,15,
2003-02-09,2003,2546,星期日,wan_phra,泰國佛日,วันพระ,Wan Phra,thai-buddhist,ขึ้น 8 ค่ำ เดือน 3,3,8,waxing,8,
2003-02-16,2003,2546,星期日,makha_bucha,萬佛節,มาฆบูชา,Makha Bucha,thai-buddhist-major,ขึ้น 15 ค่ำ เดือน 3,3,15,waxing,15,
2003-02-16,2003,2546,星期日,wan_phra,泰國佛日,วันพระ,Wan Phra,thai-buddhist,ขึ้น 15 ค่ำ เดือน 3,3,15,waxing,15,
2003-02-24,2003,2546,星期一,wan_phra,泰國佛日,วันพระ,Wan Phra,thai-buddhist,แรม 8 ค่ำ เดือน 3,3,23,waning,8,
2003-03-02,2003,2546,星期日,wan_phra,泰國佛日,วันพระ,Wan Phra,thai-buddhist,แรม 14 ค่ำ เดือน 3,3,29,waning,14,
2003-03-10,2003,2546,星期一,wan_phra,泰國佛日,วันพระ,Wan Phra,thai-buddhist,ขึ้น 8 ค่ำ เดือน 4,4,8,waxing,8,
2003-03-17,2003,2546,星期一,wan_phra,泰國佛日,วันพระ,Wan Phra,thai-buddhist,ขึ้น 15 ค่ำ เดือน 4,4,15,waxing,15,
2003-03-25,2003,2546,星期二,wan_phra,泰國佛日,วันพระ,Wan Phra,thai-buddhist,แรม 8 ค่ำ เดือน 4,4,23,waning,8,
2003-04-01,2003,2546,星期二,wan_phra,泰國佛日,วันพระ,Wan Phra,thai-buddhist,แรม 15 ค่ำ เดือน 4,4,30,waning,15,
2003-04-09,2003,2546,星期三,wan_phra,泰國佛日,วันพระ,Wan Phra,thai-buddhist,ขึ้น 8 ค่ำ เดือน 5,5,8,waxing,8,
2003-04-16,2003,2546,星期三,wan_phra,泰國佛日,วันพระ,Wan Phra,thai-buddhist,ขึ้น 15 ค่ำ เดือน 5,5,15,waxing,15,
2003-04-24,2003,2546,星期四,wan_phra,泰國佛日,วันพระ,Wan Phra,thai-buddhist,แรม 8 ค่ำ เดือน 5,5,23,waning,8,
2003-04-30,2003,2546,星期三,wan_phra,泰國佛日,วันพระ,Wan Phra,thai-buddhist,แรม 14 ค่ำ เดือน 5,5,29,waning,14,
2003-05-08,2003,2546,星期四,wan_phra,泰國佛日,วันพระ,Wan Phra,thai-buddhist,ขึ้น 8 ค่ำ เดือน 6,6,8,waxing,8,
2003-05-15,2003,2546,星期四,visakha_bucha,衛塞節,วิสาขบูชา,Visakha Bucha,thai-buddhist-major,ขึ้น 15 ค่ำ เดือน 6,6,15,waxing,15,
2003-05-15,2003,2546,星期四,wan_phra,泰國佛日,วันพระ,Wan Phra,thai-buddhist,ขึ้น 15 ค่ำ เดือน 6,6,15,waxing,15,
2003-05-23,2003,2546,星期五,wan_phra,泰國佛日,วันพระ,Wan Phra,thai-buddhist,แรม 8 ค่ำ เดือน 6,6,23,waning,8,
2003-05-30,2003,2546,星期五,wan_phra,泰國佛日,วันพระ,Wan Phra,thai-buddhist,แรม 15 ค่ำ เดือน 6,6,30,waning,15,
2003-06-07,2003,2546,星期六,wan_phra,泰國佛日,วันพระ,Wan Phra,thai-buddhist,ขึ้น 8 ค่ำ เดือน 7,7,8,waxing,8,
2003-06-14,2003,2546,星期六,wan_phra,泰國佛日,วันพระ,Wan Phra,thai-buddhist,ขึ้น 15 ค่ำ เดือน 7,7,15,waxing,15,
2003-06-22,2003,2546,星期日,wan_phra,泰國佛日,วันพระ,Wan Phra,thai-buddhist,แรม 8 ค่ำ เดือน 7,7,23,waning,8,
2003-06-28,2003,2546,星期六,wan_phra,泰國佛日,วันพระ,Wan Phra,thai-buddhist,แรม 14 ค่ำ เดือน 7,7,29,waning,14,
2003-07-06,2003,2546,星期日,wan_phra,泰國佛日,วันพระ,Wan Phra,thai-buddhist,ขึ้น 8 ค่ำ เดือน 8,8,8,waxing,8,
2003-07-13,2003,2546,星期日,wan_phra,泰國佛日,วันพระ,Wan Phra,thai-buddhist,ขึ้น 15 ค่ำ เดือน 8,8,15,waxing,15,
2003-07-14,2003,2546,星期一,khao_phansa,入雨安居,เข้าพรรษา,Khao Phansa,thai-buddhist-major,แรม 1 ค่ำ เดือน 8,8,16,waning,1,
2003-07-21,2003,2546,星期一,wan_phra,泰國佛日,วันพระ,Wan Phra,thai-buddhist,แรม 8 ค่ำ เดือน 8,8,23,waning,8,
2003-07-28,2003,2546,星期一,wan_phra,泰國佛日,วันพระ,Wan Phra,thai-buddhist,แรม 15 ค่ำ เดือน 8,8,30,waning,15,
2003-08-05,2003,2546,星期二,wan_phra,泰國佛日,วันพระ,Wan Phra,thai-buddhist,ขึ้น 8 ค่ำ เดือน 9,9,8,waxing,8,
2003-08-12,2003,2546,星期二,wan_phra,泰國佛日,วันพระ,Wan Phra,thai-buddhist,ขึ้น 15 ค่ำ เดือน 9,9,15,waxing,15,
2003-08-20,2003,2546,星期三,wan_phra,泰國佛日,วันพระ,Wan Phra,thai-buddhist,แรม 8 ค่ำ เดือน 9,9,23,waning,8,
2003-08-26,2003,2546,星期二,wan_phra,泰國佛日,วันพระ,Wan Phra,thai-buddhist,แรม 14 ค่ำ เดือน 9,9,29,waning,14,
2003-09-03,2003,2546,星期三,wan_phra,泰國佛日,วันพระ,Wan Phra,thai-buddhist,ขึ้น 8 ค่ำ เดือน 10,10,8,waxing,8,
2003-09-10,2003,2546,星期三,wan_phra,泰國佛日,วันพระ,Wan Phra,thai-buddhist,ขึ้น 15 ค่ำ เดือน 10,10,15,waxing,15,
2003-09-18,2003,2546,星期四,wan_phra,泰國佛日,วันพระ,Wan Phra,thai-buddhist,แรม 8 ค่ำ เดือน 10,10,23,waning,8,
2003-09-25,2003,2546,星期四,wan_phra,泰國佛日,วันพระ,Wan Phra,thai-buddhist,แรม 15 ค่ำ เดือน 10,10,30,waning,15,
2003-10-03,2003,2546,星期五,wan_phra,泰國佛日,วันพระ,Wan Phra,thai-buddhist,ขึ้น 8 ค่ำ เดือน 11,11,8,waxing,8,
2003-10-10,2003,2546,星期五,ok_phansa,出雨安居,ออกพรรษา,Ok Phansa,thai-buddhist-major,ขึ้น 15 ค่ำ เดือน 11,11,15,waxing,15,
2003-10-10,2003,2546,星期五,wan_phra,泰國佛日,วันพระ,Wan Phra,thai-buddhist,ขึ้น 15 ค่ำ เดือน 11,11,15,waxing,15,
2003-10-18,2003,2546,星期六,wan_phra,泰國佛日,วันพระ,Wan Phra,thai-buddhist,แรม 8 ค่ำ เดือน 11,11,23,waning,8,
2003-10-24,2003,2546,星期五,wan_phra,泰國佛日,วันพระ,Wan Phra,thai-buddhist,แรม 14 ค่ำ เดือน 11,11,29,waning,14,
2003-11-01,2003,2546,星期六,wan_phra,泰國佛日,วันพระ,Wan Phra,thai-buddhist,ขึ้น 8 ค่ำ เดือน 12,12,8,waxing,8,
2003-11-08,2003,2546,星期六,wan_phra,泰國佛日,วันพระ,Wan Phra,thai-buddhist,ขึ้น 15 ค่ำ เดือน 12,12,15,waxing,15,
2003-11-16,2003,2546,星期日,wan_phra,泰國佛日,วันพระ,Wan Phra,thai-buddhist,แรม 8 ค่ำ เดือน 12,12,23,waning,8,
2003-11-23,2003,2546,星期日,wan_phra,泰國佛日,วันพระ,Wan Phra,thai-buddhist,แรม 15 ค่ำ เดือน 12,12,30,waning,15,
2003-12-01,2003,2546,星期一,wan_phra,泰國佛日,วันพระ,Wan Phra,thai-buddhist,ขึ้น 8 ค่ำ เดือน 1,1,8,waxing,8,
2003-12-08,2003,2546,星期一,wan_phra,泰國佛日,วันพระ,Wan Phra,thai-buddhist,ขึ้น 15 ค่ำ เดือน 1,1,15,waxing,15,
2003-12-16,2003,2546,星期二,wan_phra,泰國佛日,วันพระ,Wan Phra,thai-buddhist,แรม 8 ค่ำ เดือน 1,1,23,waning,8,
2003-12-22,2003,2546,星期一,wan_phra,泰國佛日,วันพระ,Wan Phra,thai-buddhist,แรม 14 ค่ำ เดือน 1,1,29,waning,14,
2003-12-30,2003,2546,星期二,wan_phra,泰國佛日,วันพระ,Wan Phra,thai-buddhist,ขึ้น 8 ค่ำ เดือน 2,2,8,waxing,8,
2004-01-06,2004,2547,星期二,wan_phra,泰國佛日,วันพระ,Wan Phra,thai-buddhist,ขึ้น 15 ค่ำ เดือน 2,2,15,waxing,15,
2004-01-14,2004,2547,星期三,wan_phra,泰國佛日,วันพระ,Wan Phra,thai-buddhist,แรม 8 ค่ำ เดือน 2,2,23,waning,8,
2004-01-21,2004,2547,星期三,wan_phra,泰國佛日,วันพระ,Wan Phra,thai-buddhist,แรม 15 ค่ำ เดือน 2,2,30,waning,15,
2004-01-29,2004,2547,星期四,wan_phra,泰國佛日,วันพระ,Wan Phra,thai-buddhist,ขึ้น 8 ค่ำ เดือน 3,3,8,waxing,8,
2004-02-05,2004,2547,星期四,wan_phra,泰國佛日,วันพระ,Wan Phra,thai-buddhist,ขึ้น 15 ค่ำ เดือน 3,3,15,waxing,15,
2004-02-13,2004,2547,星期五,wan_phra,泰國佛日,วันพระ,Wan Phra,thai-buddhist,แรม 8 ค่ำ เดือน 3,3,23,waning,8,
2004-02-19,2004,2547,星期四,wan_phra,泰國佛日,วันพระ,Wan Phra,thai-buddhist,แรม 14 ค่ำ เดือน 3,3,29,waning,14,
2004-02-27,2004,2547,星期五,wan_phra,泰國佛日,วันพระ,Wan Phra,thai-buddhist,ขึ้น 8 ค่ำ เดือน 4,4,8,waxing,8,
2004-03-05,2004,2547,星期五,makha_bucha,萬佛節,มาฆบูชา,Makha Bucha,thai-buddhist-major,ขึ้น 15 ค่ำ เดือน 4,4,15,waxing,15,
2004-03-05,2004,2547,星期五,wan_phra,泰國佛日,วันพระ,Wan Phra,thai-buddhist,ขึ้น 15 ค่ำ เดือน 4,4,15,waxing,15,
2004-03-13,2004,2547,星期六,wan_phra,泰國佛日,วันพระ,Wan Phra,thai-buddhist,แรม 8 ค่ำ เดือน 4,4,23,waning,8,
2004-03-20,2004,2547,星期六,wan_phra,泰國佛日,วันพระ,Wan Phra,thai-buddhist,แรม 15 ค่ำ เดือน 4,4,30,waning,15,
2004-03-28,2004,2547,星期日,wan_phra,泰國佛日,วันพระ,Wan Phra,thai-buddhist,ขึ้น 8 ค่ำ เดือน 5,5,8,waxing,8,
2004-04-04,2004,2547,星期日,wan_phra,泰國佛日,วันพระ,Wan Phra,thai-buddhist,ขึ้น 15 ค่ำ เดือน 5,5,15,waxing,15,
2004-04-12,2004,2547,星期一,wan_phra,泰國佛日,วันพระ,Wan Phra,thai-buddhist,แรม 8 ค่ำ เดือน 5,5,23,waning,8,
2004-04-18,2004,2547,星期日,wan_phra,泰國佛日,วันพระ,Wan Phra,thai-buddhist,แรม 14 ค่ำ เดือน 5,5,29,waning,14,
2004-04-26,2004,2547,星期一,wan_phra,泰國佛日,วันพระ,Wan Phra,thai-buddhist,ขึ้น 8 ค่ำ เดือน 6,6,8,waxing,8,
2004-05-03,2004,2547,星期一,wan_phra,泰國佛日,วันพระ,Wan Phra,thai-buddhist,ขึ้น 15 ค่ำ เดือน 6,6,15,waxing,15,
2004-05-11,2004,2547,星期二,wan_phra,泰國佛日,วันพระ,Wan Phra,thai-buddhist,แรม 8 ค่ำ เดือน 6,6,23,waning,8,
2004-05-18,2004,2547,星期二,wan_phra,泰國佛日,วันพระ,Wan Phra,thai-buddhist,แรม 15 ค่ำ เดือน 6,6,30,waning,15,
2004-05-26,2004,2547,星期三,wan_phra,泰國佛日,วันพระ,Wan Phra,thai-buddhist,ขึ้น 8 ค่ำ เดือน 7,7,8,waxing,8,
2004-06-02,2004,2547,星期三,visakha_bucha,衛塞節,วิสาขบูชา,Visakha Bucha,thai-buddhist-major,ขึ้น 15 ค่ำ เดือน 7,7,15,waxing,15,
2004-06-02,2004,2547,星期三,wan_phra,泰國佛日,วันพระ,Wan Phra,thai-buddhist,ขึ้น 15 ค่ำ เดือน 7,7,15,waxing,15,
2004-06-10,2004,2547,星期四,wan_phra,泰國佛日,วันพระ,Wan Phra,thai-buddhist,แรม 8 ค่ำ เดือน 7,7,23,waning,8,
2004-06-16,2004,2547,星期三,wan_phra,泰國佛日,วันพระ,Wan Phra,thai-buddhist,แรม 14 ค่ำ เดือน 7,7,29,waning,14,
2004-06-24,2004,2547,星期四,wan_phra,泰國佛日,วันพระ,Wan Phra,thai-buddhist,ขึ้น 8 ค่ำ เดือน 8,8,8,waxing,8,
2004-07-01,2004,2547,星期四,wan_phra,泰國佛日,วันพระ,Wan Phra,thai-buddhist,ขึ้น 15 ค่ำ เดือน 8,8,15,waxing,15,
2004-07-09,2004,2547,星期五,wan_phra,泰國佛日,วันพระ,Wan Phra,thai-buddhist,แรม 8 ค่ำ เดือน 8,8,23,waning,8,
2004-07-16,2004,2547,星期五,wan_phra,泰國佛日,วันพระ,Wan Phra,thai-buddhist,แรม 15 ค่ำ เดือน 8,8,30,waning,15,
2004-07-24,2004,2547,星期六,wan_phra,泰國佛日,วันพระ,Wan Phra,thai-buddhist,ขึ้น 8 ค่ำ เดือน 88,88,8,waxing,8,
2004-07-31,2004,2547,星期六,wan_phra,泰國佛日,วันพระ,Wan Phra,thai-buddhist,ขึ้น 15 ค่ำ เดือน 88,88,15,waxing,15,
2004-08-01,2004,2547,星期日,khao_phansa,入雨安居,เข้าพรรษา,Khao Phansa,thai-buddhist-major,แรม 1 ค่ำ เดือน 88,88,16,waning,1,
2004-08-08,2004,2547,星期日,wan_phra,泰國佛日,วันพระ,Wan Phra,thai-buddhist,แรม 8 ค่ำ เดือน 88,88,23,waning,8,
2004-08-15,2004,2547,星期日,wan_phra,泰國佛日,วันพระ,Wan Phra,thai-buddhist,แรม 15 ค่ำ เดือน 88,88,30,waning,15,
2004-08-23,2004,2547,星期一,wan_phra,泰國佛日,วันพระ,Wan Phra,thai-buddhist,ขึ้น 8 ค่ำ เดือน 9,9,8,waxing,8,
2004-08-30,2004,2547,星期一,wan_phra,泰國佛日,วันพระ,Wan Phra,thai-buddhist,ขึ้น 15 ค่ำ เดือน 9,9,15,waxing,15,
2004-09-07,2004,2547,星期二,wan_phra,泰國佛日,วันพระ,Wan Phra,thai-buddhist,แรม 8 ค่ำ เดือน 9,9,23,waning,8,
2004-09-13,2004,2547,星期一,wan_phra,泰國佛日,วันพระ,Wan Phra,thai-buddhist,แรม 14 ค่ำ เดือน 9,9,29,waning,14,
2004-09-21,2004,2547,星期二,wan_phra,泰國佛日,วันพระ,Wan Phra,thai-buddhist,ขึ้น 8 ค่ำ เดือน 10,10,8,waxing,8,
2004-09-28,2004,2547,星期二,wan_phra,泰國佛日,วันพระ,Wan Phra,thai-buddhist,ขึ้น 15 ค่ำ เดือน 10,10,15,waxing,15,
2004-10-06,2004,2547,星期三,wan_phra,泰國佛日,วันพระ,Wan Phra,thai-buddhist,แรม 8 ค่ำ เดือน 10,10,23,waning,8,
2004-10-13,2004,2547,星期三,wan_phra,泰國佛日,วันพระ,Wan Phra,thai-buddhist,แรม 15 ค่ำ เดือน 10,10,30,waning,15,
2004-10-21,2004,2547,星期四,wan_phra,泰國佛日,วันพระ,Wan Phra,thai-buddhist,ขึ้น 8 ค่ำ เดือน 11,11,8,waxing,8,
2004-10-28,2004,2547,星期四,ok_phansa,出雨安居,ออกพรรษา,Ok Phansa,thai-buddhist-major,ขึ้น 15 ค่ำ เดือน 11,11,15,waxing,15,
2004-10-28,2004,2547,星期四,wan_phra,泰國佛日,วันพระ,Wan Phra,thai-buddhist,ขึ้น 15 ค่ำ เดือน 11,11,15,waxing,15,
2004-11-05,2004,2547,星期五,wan_phra,泰國佛日,วันพระ,Wan Phra,thai-buddhist,แรม 8 ค่ำ เดือน 11,11,23,waning,8,
2004-11-11,2004,2547,星期四,wan_phra,泰國佛日,วันพระ,Wan Phra,thai-buddhist,แรม 14 ค่ำ เดือน 11,11,29,waning,14,
2004-11-19,2004,2547,星期五,wan_phra,泰國佛日,วันพระ,Wan Phra,thai-buddhist,ขึ้น 8 ค่ำ เดือน 12,12,8,waxing,8,
2004-11-26,2004,2547,星期五,wan_phra,泰國佛日,วันพระ,Wan Phra,thai-buddhist,ขึ้น 15 ค่ำ เดือน 12,12,15,waxing,15,
2004-12-04,2004,2547,星期六,wan_phra,泰國佛日,วันพระ,Wan Phra,thai-buddhist,แรม 8 ค่ำ เดือน 12,12,23,waning,8,
2004-12-11,2004,2547,星期六,wan_phra,泰國佛日,วันพระ,Wan Phra,thai-buddhist,แรม 15 ค่ำ เดือน 12,12,30,waning,15,
2004-12-19,2004,2547,星期日,wan_phra,泰國佛日,วันพระ,Wan Phra,thai-buddhist,ขึ้น 8 ค่ำ เดือน 1,1,8,waxing,8,
2004-12-26,2004,2547,星期日,wan_phra,泰國佛日,วันพระ,Wan Phra,thai-buddhist,ขึ้น 15 ค่ำ เดือน 1,1,15,waxing,15,
2005-01-03,2005,2548,星期一,wan_phra,泰國佛日,วันพระ,Wan Phra,thai-buddhist,แรม 8 ค่ำ เดือน 1,1,23,waning,8,
2005-01-09,2005,2548,星期日,wan_phra,泰國佛日,วันพระ,Wan Phra,thai-buddhist,แรม 14 ค่ำ เดือน 1,1,29,waning,14,
2005-01-17,2005,2548,星期一,wan_phra,泰國佛日,วันพระ,Wan Phra,thai-buddhist,ขึ้น 8 ค่ำ เดือน 2,2,8,waxing,8,
2005-01-24,2005,2548,星期一,wan_phra,泰國佛日,วันพระ,Wan Phra,thai-buddhist,ขึ้น 15 ค่ำ เดือน 2,2,15,waxing,15,
2005-02-01,2005,2548,星期二,wan_phra,泰國佛日,วันพระ,Wan Phra,thai-buddhist,แรม 8 ค่ำ เดือน 2,2,23,waning,8,
2005-02-08,2005,2548,星期二,wan_phra,泰國佛日,วันพระ,Wan Phra,thai-buddhist,แรม 15 ค่ำ เดือน 2,2,30,waning,15,
2005-02-16,2005,2548,星期三,wan_phra,泰國佛日,วันพระ,Wan Phra,thai-buddhist,ขึ้น 8 ค่ำ เดือน 3,3,8,waxing,8,
2005-02-23,2005,2548,星期三,makha_bucha,萬佛節,มาฆบูชา,Makha Bucha,thai-buddhist-major,ขึ้น 15 ค่ำ เดือน 3,3,15,waxing,15,
2005-02-23,2005,2548,星期三,wan_phra,泰國佛日,วันพระ,Wan Phra,thai-buddhist,ขึ้น 15 ค่ำ เดือน 3,3,15,waxing,15,
2005-03-03,2005,2548,星期四,wan_phra,泰國佛日,วันพระ,Wan Phra,thai-buddhist,แรม 8 ค่ำ เดือน 3,3,23,waning,8,
2005-03-09,2005,2548,星期三,wan_phra,泰國佛日,วันพระ,Wan Phra,thai-buddhist,แรม 14 ค่ำ เดือน 3,3,29,waning,14,
2005-03-17,2005,2548,星期四,wan_phra,泰國佛日,วันพระ,Wan Phra,thai-buddhist,ขึ้น 8 ค่ำ เดือน 4,4,8,waxing,8,
2005-03-24,2005,2548,星期四,wan_phra,泰國佛日,วันพระ,Wan Phra,thai-buddhist,ขึ้น 15 ค่ำ เดือน 4,4,15,waxing,15,
2005-04-01,2005,2548,星期五,wan_phra,泰國佛日,วันพระ,Wan Phra,thai-buddhist,แรม 8 ค่ำ เดือน 4,4,23,waning,8,
2005-04-08,2005,2548,星期五,wan_phra,泰國佛日,วันพระ,Wan Phra,thai-buddhist,แรม 15 ค่ำ เดือน 4,4,30,waning,15,
2005-04-16,2005,2548,星期六,wan_phra,泰國佛日,วันพระ,Wan Phra,thai-buddhist,ขึ้น 8 ค่ำ เดือน 5,5,8,waxing,8,
2005-04-23,2005,2548,星期六,wan_phra,泰國佛日,วันพระ,Wan Phra,thai-buddhist,ขึ้น 15 ค่ำ เดือน 5,5,15,waxing,15,
2005-05-01,2005,2548,星期日,wan_phra,泰國佛日,วันพระ,Wan Phra,thai-buddhist,แรม 8 ค่ำ เดือน 5,5,23,waning,8,
2005-05-07,2005,2548,星期六,wan_phra,泰國佛日,วันพระ,Wan Phra,thai-buddhist,แรม 14 ค่ำ เดือน 5,5,29,waning,14,
2005-05-15,2005,2548,星期日,wan_phra,泰國佛日,วันพระ,Wan Phra,thai-buddhist,ขึ้น 8 ค่ำ เดือน 6,6,8,waxing,8,
2005-05-22,2005,2548,星期日,visakha_bucha,衛塞節,วิสาขบูชา,Visakha Bucha,thai-buddhist-major,ขึ้น 15 ค่ำ เดือน 6,6,15,waxing,15,
2005-05-22,2005,2548,星期日,wan_phra,泰國佛日,วันพระ,Wan Phra,thai-buddhist,ขึ้น 15 ค่ำ เดือน 6,6,15,waxing,15,
2005-05-30,2005,2548,星期一,wan_phra,泰國佛日,วันพระ,Wan Phra,thai-buddhist,แรม 8 ค่ำ เดือน 6,6,23,waning,8,
2005-06-06,2005,2548,星期一,wan_phra,泰國佛日,วันพระ,Wan Phra,thai-buddhist,แรม 15 ค่ำ เดือน 6,6,30,waning,15,
2005-06-14,2005,2548,星期二,wan_phra,泰國佛日,วันพระ,Wan Phra,thai-buddhist,ขึ้น 8 ค่ำ เดือน 7,7,8,waxing,8,
2005-06-21,2005,2548,星期二,wan_phra,泰國佛日,วันพระ,Wan Phra,thai-buddhist,ขึ้น 15 ค่ำ เดือน 7,7,15,waxing,15,
2005-06-29,2005,2548,星期三,wan_phra,泰國佛日,วันพระ,Wan Phra,thai-buddhist,แรม 8 ค่ำ เดือน 7,7,23,waning,8,
2005-07-06,2005,2548,星期三,wan_phra,泰國佛日,วันพระ,Wan Phra,thai-buddhist,แรม 15 ค่ำ เดือน 7,7,30,waning,15,
2005-07-14,2005,2548,星期四,wan_phra,泰國佛日,วันพระ,Wan Phra,thai-buddhist,ขึ้น 8 ค่ำ เดือน 8,8,8,waxing,8,
2005-07-21,2005,2548,星期四,wan_phra,泰國佛日,วันพระ,Wan Phra,thai-buddhist,ขึ้น 15 ค่ำ เดือน 8,8,15,waxing,15,
2005-07-22,2005,2548,星期五,khao_phansa,入雨安居,เข้าพรรษา,Khao Phansa,thai-buddhist-major,แรม 1 ค่ำ เดือน 8,8,16,waning,1,
2005-07-29,2005,2548,星期五,wan_phra,泰國佛日,วันพระ,Wan Phra,thai-buddhist,แรม 8 ค่ำ เดือน 8,8,23,waning,8,
2005-08-05,2005,2548,星期五,wan_phra,泰國佛日,วันพระ,Wan Phra,thai-buddhist,แรม 15 ค่ำ เดือน 8,8,30,waning,15,
2005-08-13,2005,2548,星期六,wan_phra,泰國佛日,วันพระ,Wan Phra,thai-buddhist,ขึ้น 8 ค่ำ เดือน 9,9,8,waxing,8,
2005-08-20,2005,2548,星期六,wan_phra,泰國佛日,วันพระ,Wan Phra,thai-buddhist,ขึ้น 15 ค่ำ เดือน 9,9,15,waxing,15,
2005-08-28,2005,2548,星期日,wan_phra,泰國佛日,วันพระ,Wan Phra,thai-buddhist,แรม 8 ค่ำ เดือน 9,9,23,waning,8,
2005-09-03,2005,2548,星期六,wan_phra,泰國佛日,วันพระ,Wan Phra,thai-buddhist,แรม 14 ค่ำ เดือน 9,9,29,waning,14,
2005-09-11,2005,2548,星期日,wan_phra,泰國佛日,วันพระ,Wan Phra,thai-buddhist,ขึ้น 8 ค่ำ เดือน 10,10,8,waxing,8,
2005-09-18,2005,2548,星期日,wan_phra,泰國佛日,วันพระ,Wan Phra,thai-buddhist,ขึ้น 15 ค่ำ เดือน 10,10,15,waxing,15,
2005-09-26,2005,2548,星期一,wan_phra,泰國佛日,วันพระ,Wan Phra,thai-buddhist,แรม 8 ค่ำ เดือน 10,10,23,waning,8,
2005-10-03,2005,2548,星期一,wan_phra,泰國佛日,วันพระ,Wan Phra,thai-buddhist,แรม 15 ค่ำ เดือน 10,10,30,waning,15,
2005-10-11,2005,2548,星期二,wan_phra,泰國佛日,วันพระ,Wan Phra,thai-buddhist,ขึ้น 8 ค่ำ เดือน 11,11,8,waxing,8,
2005-10-18,2005,2548,星期二,ok_phansa,出雨安居,ออกพรรษา,Ok Phansa,thai-buddhist-major,ขึ้น 15 ค่ำ เดือน 11,11,15,waxing,15,
2005-10-18,2005,2548,星期二,wan_phra,泰國佛日,วันพระ,Wan Phra,thai-buddhist,ขึ้น 15 ค่ำ เดือน 11,11,15,waxing,15,
2005-10-26,2005,2548,星期三,wan_phra,泰國佛日,วันพระ,Wan Phra,thai-buddhist,แรม 8 ค่ำ เดือน 11,11,23,waning,8,
2005-11-01,2005,2548,星期二,wan_phra,泰國佛日,วันพระ,Wan Phra,thai-buddhist,แรม 14 ค่ำ เดือน 11,11,29,waning,14,
2005-11-09,2005,2548,星期三,wan_phra,泰國佛日,วันพระ,Wan Phra,thai-buddhist,ขึ้น 8 ค่ำ เดือน 12,12,8,waxing,8,
2005-11-16,2005,2548,星期三,wan_phra,泰國佛日,วันพระ,Wan Phra,thai-buddhist,ขึ้น 15 ค่ำ เดือน 12,12,15,waxing,15,
2005-11-24,2005,2548,星期四,wan_phra,泰國佛日,วันพระ,Wan Phra,thai-buddhist,แรม 8 ค่ำ เดือน 12,12,23,waning,8,
2005-12-01,2005,2548,星期四,wan_phra,泰國佛日,วันพระ,Wan Phra,thai-buddhist,แรม 15 ค่ำ เดือน 12,12,30,waning,15,
2005-12-09,2005,2548,星期五,wan_phra,泰國佛日,วันพระ,Wan Phra,thai-buddhist,ขึ้น 8 ค่ำ เดือน 1,1,8,waxing,8,
2005-12-16,2005,2548,星期五,wan_phra,泰國佛日,วันพระ,Wan Phra,thai-buddhist,ขึ้น 15 ค่ำ เดือน 1,1,15,waxing,15,
2005-12-24,2005,2548,星期六,wan_phra,泰國佛日,วันพระ,Wan Phra,thai-buddhist,แรม 8 ค่ำ เดือน 1,1,23,waning,8,
2005-12-30,2005,2548,星期五,wan_phra,泰國佛日,วันพระ,Wan Phra,thai-buddhist,แรม 14 ค่ำ เดือน 1,1,29,waning,14,
2006-01-07,2006,2549,星期六,wan_phra,泰國佛日,วันพระ,Wan Phra,thai-buddhist,ขึ้น 8 ค่ำ เดือน 2,2,8,waxing,8,
2006-01-14,2006,2549,星期六,wan_phra,泰國佛日,วันพระ,Wan Phra,thai-buddhist,ขึ้น 15 ค่ำ เดือน 2,2,15,waxing,15,
2006-01-22,2006,2549,星期日,wan_phra,泰國佛日,วันพระ,Wan Phra,thai-buddhist,แรม 8 ค่ำ เดือน 2,2,23,waning,8,
2006-01-29,2006,2549,星期日,wan_phra,泰國佛日,วันพระ,Wan Phra,thai-buddhist,แรม 15 ค่ำ เดือน 2,2,30,waning,15,
2006-02-06,2006,2549,星期一,wan_phra,泰國佛日,วันพระ,Wan Phra,thai-buddhist,ขึ้น 8 ค่ำ เดือน 3,3,8,waxing,8,
2006-02-13,2006,2549,星期一,makha_bucha,萬佛節,มาฆบูชา,Makha Bucha,thai-buddhist-major,ขึ้น 15 ค่ำ เดือน 3,3,15,waxing,15,
2006-02-13,2006,2549,星期一,wan_phra,泰國佛日,วันพระ,Wan Phra,thai-buddhist,ขึ้น 15 ค่ำ เดือน 3,3,15,waxing,15,
2006-02-21,2006,2549,星期二,wan_phra,泰國佛日,วันพระ,Wan Phra,thai-buddhist,แรม 8 ค่ำ เดือน 3,3,23,waning,8,
2006-02-27,2006,2549,星期一,wan_phra,泰國佛日,วันพระ,Wan Phra,thai-buddhist,แรม 14 ค่ำ เดือน 3,3,29,waning,14,
2006-03-07,2006,2549,星期二,wan_phra,泰國佛日,วันพระ,Wan Phra,thai-buddhist,ขึ้น 8 ค่ำ เดือน 4,4,8,waxing,8,
2006-03-14,2006,2549,星期二,wan_phra,泰國佛日,วันพระ,Wan Phra,thai-buddhist,ขึ้น 15 ค่ำ เดือน 4,4,15,waxing,15,
2006-03-22,2006,2549,星期三,wan_phra,泰國佛日,วันพระ,Wan Phra,thai-buddhist,แรม 8 ค่ำ เดือน 4,4,23,waning,8,
2006-03-29,2006,2549,星期三,wan_phra,泰國佛日,วันพระ,Wan Phra,thai-buddhist,แรม 15 ค่ำ เดือน 4,4,30,waning,15,
2006-04-06,2006,2549,星期四,wan_phra,泰國佛日,วันพระ,Wan Phra,thai-buddhist,ขึ้น 8 ค่ำ เดือน 5,5,8,waxing,8,
2006-04-13,2006,2549,星期四,wan_phra,泰國佛日,วันพระ,Wan Phra,thai-buddhist,ขึ้น 15 ค่ำ เดือน 5,5,15,waxing,15,
2006-04-21,2006,2549,星期五,wan_phra,泰國佛日,วันพระ,Wan Phra,thai-buddhist,แรม 8 ค่ำ เดือน 5,5,23,waning,8,
2006-04-27,2006,2549,星期四,wan_phra,泰國佛日,วันพระ,Wan Phra,thai-buddhist,แรม 14 ค่ำ เดือน 5,5,29,waning,14,
2006-05-05,2006,2549,星期五,wan_phra,泰國佛日,วันพระ,Wan Phra,thai-buddhist,ขึ้น 8 ค่ำ เดือน 6,6,8,waxing,8,
2006-05-12,2006,2549,星期五,visakha_bucha,衛塞節,วิสาขบูชา,Visakha Bucha,thai-buddhist-major,ขึ้น 15 ค่ำ เดือน 6,6,15,waxing,15,
2006-05-12,2006,2549,星期五,wan_phra,泰國佛日,วันพระ,Wan Phra,thai-buddhist,ขึ้น 15 ค่ำ เดือน 6,6,15,waxing,15,
2006-05-20,2006,2549,星期六,wan_phra,泰國佛日,วันพระ,Wan Phra,thai-buddhist,แรม 8 ค่ำ เดือน 6,6,23,waning,8,
2006-05-27,2006,2549,星期六,wan_phra,泰國佛日,วันพระ,Wan Phra,thai-buddhist,แรม 15 ค่ำ เดือน 6,6,30,waning,15,
2006-06-04,2006,2549,星期日,wan_phra,泰國佛日,วันพระ,Wan Phra,thai-buddhist,ขึ้น 8 ค่ำ เดือน 7,7,8,waxing,8,
2006-06-11,2006,2549,星期日,wan_phra,泰國佛日,วันพระ,Wan Phra,thai-buddhist,ขึ้น 15 ค่ำ เดือน 7,7,15,waxing,15,
2006-06-19,2006,2549,星期一,wan_phra,泰國佛日,วันพระ,Wan Phra,thai-buddhist,แรม 8 ค่ำ เดือน 7,7,23,waning,8,
2006-06-25,2006,2549,星期日,wan_phra,泰國佛日,วันพระ,Wan Phra,thai-buddhist,แรม 14 ค่ำ เดือน 7,7,29,waning,14,
2006-07-03,2006,2549,星期一,wan_phra,泰國佛日,วันพระ,Wan Phra,thai-buddhist,ขึ้น 8 ค่ำ เดือน 8,8,8,waxing,8,
2006-07-10,2006,2549,星期一,wan_phra,泰國佛日,วันพระ,Wan Phra,thai-buddhist,ขึ้น 15 ค่ำ เดือน 8,8,15,waxing,15,
2006-07-11,2006,2549,星期二,khao_phansa,入雨安居,เข้าพรรษา,Khao Phansa,thai-buddhist-major,แรม 1 ค่ำ เดือน 8,8,16,waning,1,
2006-07-18,2006,2549,星期二,wan_phra,泰國佛日,วันพระ,Wan Phra,thai-buddhist,แรม 8 ค่ำ เดือน 8,8,23,waning,8,
2006-07-25,2006,2549,星期二,wan_phra,泰國佛日,วันพระ,Wan Phra,thai-buddhist,แรม 15 ค่ำ เดือน 8,8,30,waning,15,
2006-08-02,2006,2549,星期三,wan_phra,泰國佛日,วันพระ,Wan Phra,thai-buddhist,ขึ้น 8 ค่ำ เดือน 9,9,8,waxing,8,
2006-08-09,2006,2549,星期三,wan_phra,泰國佛日,วันพระ,Wan Phra,thai-buddhist,ขึ้น 15 ค่ำ เดือน 9,9,15,waxing,15,
2006-08-17,2006,2549,星期四,wan_phra,泰國佛日,วันพระ,Wan Phra,thai-buddhist,แรม 8 ค่ำ เดือน 9,9,23,waning,8,
2006-08-23,2006,2549,星期三,wan_phra,泰國佛日,วันพระ,Wan Phra,thai-buddhist,แรม 14 ค่ำ เดือน 9,9,29,waning,14,
2006-08-31,2006,2549,星期四,wan_phra,泰國佛日,วันพระ,Wan Phra,thai-buddhist,ขึ้น 8 ค่ำ เดือน 10,10,8,waxing,8,
2006-09-07,2006,2549,星期四,wan_phra,泰國佛日,วันพระ,Wan Phra,thai-buddhist,ขึ้น 15 ค่ำ เดือน 10,10,15,waxing,15,
2006-09-15,2006,2549,星期五,wan_phra,泰國佛日,วันพระ,Wan Phra,thai-buddhist,แรม 8 ค่ำ เดือน 10,10,23,waning,8,
2006-09-22,2006,2549,星期五,wan_phra,泰國佛日,วันพระ,Wan Phra,thai-buddhist,แรม 15 ค่ำ เดือน 10,10,30,waning,15,
2006-09-30,2006,2549,星期六,wan_phra,泰國佛日,วันพระ,Wan Phra,thai-buddhist,ขึ้น 8 ค่ำ เดือน 11,11,8,waxing,8,
2006-10-07,2006,2549,星期六,ok_phansa,出雨安居,ออกพรรษา,Ok Phansa,thai-buddhist-major,ขึ้น 15 ค่ำ เดือน 11,11,15,waxing,15,
2006-10-07,2006,2549,星期六,wan_phra,泰國佛日,วันพระ,Wan Phra,thai-buddhist,ขึ้น 15 ค่ำ เดือน 11,11,15,waxing,15,
2006-10-15,2006,2549,星期日,wan_phra,泰國佛日,วันพระ,Wan Phra,thai-buddhist,แรม 8 ค่ำ เดือน 11,11,23,waning,8,
2006-10-21,2006,2549,星期六,wan_phra,泰國佛日,วันพระ,Wan Phra,thai-buddhist,แรม 14 ค่ำ เดือน 11,11,29,waning,14,
2006-10-29,2006,2549,星期日,wan_phra,泰國佛日,วันพระ,Wan Phra,thai-buddhist,ขึ้น 8 ค่ำ เดือน 12,12,8,waxing,8,
2006-11-05,2006,2549,星期日,wan_phra,泰國佛日,วันพระ,Wan Phra,thai-buddhist,ขึ้น 15 ค่ำ เดือน 12,12,15,waxing,15,
2006-11-13,2006,2549,星期一,wan_phra,泰國佛日,วันพระ,Wan Phra,thai-buddhist,แรม 8 ค่ำ เดือน 12,12,23,waning,8,
2006-11-20,2006,2549,星期一,wan_phra,泰國佛日,วันพระ,Wan Phra,thai-buddhist,แรม 15 ค่ำ เดือน 12,12,30,waning,15,
2006-11-28,2006,2549,星期二,wan_phra,泰國佛日,วันพระ,Wan Phra,thai-buddhist,ขึ้น 8 ค่ำ เดือน 1,1,8,waxing,8,
2006-12-05,2006,2549,星期二,wan_phra,泰國佛日,วันพระ,Wan Phra,thai-buddhist,ขึ้น 15 ค่ำ เดือน 1,1,15,waxing,15,
2006-12-13,2006,2549,星期三,wan_phra,泰國佛日,วันพระ,Wan Phra,thai-buddhist,แรม 8 ค่ำ เดือน 1,1,23,waning,8,
2006-12-19,2006,2549,星期二,wan_phra,泰國佛日,วันพระ,Wan Phra,thai-buddhist,แรม 14 ค่ำ เดือน 1,1,29,waning,14,
2006-12-27,2006,2549,星期三,wan_phra,泰國佛日,วันพระ,Wan Phra,thai-buddhist,ขึ้น 8 ค่ำ เดือน 2,2,8,waxing,8,
2007-01-03,2007,2550,星期三,wan_phra,泰國佛日,วันพระ,Wan Phra,thai-buddhist,ขึ้น 15 ค่ำ เดือน 2,2,15,waxing,15,
2007-01-11,2007,2550,星期四,wan_phra,泰國佛日,วันพระ,Wan Phra,thai-buddhist,แรม 8 ค่ำ เดือน 2,2,23,waning,8,
2007-01-18,2007,2550,星期四,wan_phra,泰國佛日,วันพระ,Wan Phra,thai-buddhist,แรม 15 ค่ำ เดือน 2,2,30,waning,15,
2007-01-26,2007,2550,星期五,wan_phra,泰國佛日,วันพระ,Wan Phra,thai-buddhist,ขึ้น 8 ค่ำ เดือน 3,3,8,waxing,8,
2007-02-02,2007,2550,星期五,wan_phra,泰國佛日,วันพระ,Wan Phra,thai-buddhist,ขึ้น 15 ค่ำ เดือน 3,3,15,waxing,15,
2007-02-10,2007,2550,星期六,wan_phra,泰國佛日,วันพระ,Wan Phra,thai-buddhist,แรม 8 ค่ำ เดือน 3,3,23,waning,8,
2007-02-16,2007,2550,星期五,wan_phra,泰國佛日,วันพระ,Wan Phra,thai-buddhist,แรม 14 ค่ำ เดือน 3,3,29,waning,14,
2007-02-24,2007,2550,星期六,wan_phra,泰國佛日,วันพระ,Wan Phra,thai-buddhist,ขึ้น 8 ค่ำ เดือน 4,4,8,waxing,8,
2007-03-03,2007,2550,星期六,makha_bucha,萬佛節,มาฆบูชา,Makha Bucha,thai-buddhist-major,ขึ้น 15 ค่ำ เดือน 4,4,15,waxing,15,
2007-03-03,2007,2550,星期六,wan_phra,泰國佛日,วันพระ,Wan Phra,thai-buddhist,ขึ้น 15 ค่ำ เดือน 4,4,15,waxing,15,
2007-03-11,2007,2550,星期日,wan_phra,泰國佛日,วันพระ,Wan Phra,thai-buddhist,แรม 8 ค่ำ เดือน 4,4,23,waning,8,
2007-03-18,2007,2550,星期日,wan_phra,泰國佛日,วันพระ,Wan Phra,thai-buddhist,แรม 15 ค่ำ เดือน 4,4,30,waning,15,
2007-03-26,2007,2550,星期一,wan_phra,泰國佛日,วันพระ,Wan Phra,thai-buddhist,ขึ้น 8 ค่ำ เดือน 5,5,8,waxing,8,
2007-04-02,2007,2550,星期一,wan_phra,泰國佛日,วันพระ,Wan Phra,thai-buddhist,ขึ้น 15 ค่ำ เดือน 5,5,15,waxing,15,
2007-04-07,2007,2550,星期六,sao_ha_candidate,騷哈日候選 / 稍哈日候選,เสาร์ 5,Sao Ha candidate,thai-amulet-auspicious-day,แรม 5 ค่ำ เดือน 5,5,20,waning,5,按規則產生：星期六 + 泰國陰曆 5 月 + ขึ้น 5 ค่ำ 或 แรม 5 ค่ำ。未做人工作法會或高僧認定。
2007-04-10,2007,2550,星期二,wan_phra,泰國佛日,วันพระ,Wan Phra,thai-buddhist,แรม 8 ค่ำ เดือน 5,5,23,waning,8,
2007-04-16,2007,2550,星期一,wan_phra,泰國佛日,วันพระ,Wan Phra,thai-buddhist,แรม 14 ค่ำ เดือน 5,5,29,waning,14,
2007-04-24,2007,2550,星期二,wan_phra,泰國佛日,วันพระ,Wan Phra,thai-buddhist,ขึ้น 8 ค่ำ เดือน 6,6,8,waxing,8,
2007-05-01,2007,2550,星期二,wan_phra,泰國佛日,วันพระ,Wan Phra,thai-buddhist,ขึ้น 15 ค่ำ เดือน 6,6,15,waxing,15,
2007-05-09,2007,2550,星期三,wan_phra,泰國佛日,วันพระ,Wan Phra,thai-buddhist,แรม 8 ค่ำ เดือน 6,6,23,waning,8,
2007-05-16,2007,2550,星期三,wan_phra,泰國佛日,วันพระ,Wan Phra,thai-buddhist,แรม 15 ค่ำ เดือน 6,6,30,waning,15,
2007-05-24,2007,2550,星期四,wan_phra,泰國佛日,วันพระ,Wan Phra,thai-buddhist,ขึ้น 8 ค่ำ เดือน 7,7,8,waxing,8,
2007-05-31,2007,2550,星期四,visakha_bucha,衛塞節,วิสาขบูชา,Visakha Bucha,thai-buddhist-major,ขึ้น 15 ค่ำ เดือน 7,7,15,waxing,15,
2007-05-31,2007,2550,星期四,wan_phra,泰國佛日,วันพระ,Wan Phra,thai-buddhist,ขึ้น 15 ค่ำ เดือน 7,7,15,waxing,15,
2007-06-08,2007,2550,星期五,wan_phra,泰國佛日,วันพระ,Wan Phra,thai-buddhist,แรม 8 ค่ำ เดือน 7,7,23,waning,8,
2007-06-14,2007,2550,星期四,wan_phra,泰國佛日,วันพระ,Wan Phra,thai-buddhist,แรม 14 ค่ำ เดือน 7,7,29,waning,14,
2007-06-22,2007,2550,星期五,wan_phra,泰國佛日,วันพระ,Wan Phra,thai-buddhist,ขึ้น 8 ค่ำ เดือน 8,8,8,waxing,8,
2007-06-29,2007,2550,星期五,wan_phra,泰國佛日,วันพระ,Wan Phra,thai-buddhist,ขึ้น 15 ค่ำ เดือน 8,8,15,waxing,15,
2007-07-07,2007,2550,星期六,wan_phra,泰國佛日,วันพระ,Wan Phra,thai-buddhist,แรม 8 ค่ำ เดือน 8,8,23,waning,8,
2007-07-14,2007,2550,星期六,wan_phra,泰國佛日,วันพระ,Wan Phra,thai-buddhist,แรม 15 ค่ำ เดือน 8,8,30,waning,15,
2007-07-22,2007,2550,星期日,wan_phra,泰國佛日,วันพระ,Wan Phra,thai-buddhist,ขึ้น 8 ค่ำ เดือน 88,88,8,waxing,8,
2007-07-29,2007,2550,星期日,wan_phra,泰國佛日,วันพระ,Wan Phra,thai-buddhist,ขึ้น 15 ค่ำ เดือน 88,88,15,waxing,15,
2007-07-30,2007,2550,星期一,khao_phansa,入雨安居,เข้าพรรษา,Khao Phansa,thai-buddhist-major,แรม 1 ค่ำ เดือน 88,88,16,waning,1,
2007-08-06,2007,2550,星期一,wan_phra,泰國佛日,วันพระ,Wan Phra,thai-buddhist,แรม 8 ค่ำ เดือน 88,88,23,waning,8,
2007-08-13,2007,2550,星期一,wan_phra,泰國佛日,วันพระ,Wan Phra,thai-buddhist,แรม 15 ค่ำ เดือน 88,88,30,waning,15,
2007-08-21,2007,2550,星期二,wan_phra,泰國佛日,วันพระ,Wan Phra,thai-buddhist,ขึ้น 8 ค่ำ เดือน 9,9,8,waxing,8,
2007-08-28,2007,2550,星期二,wan_phra,泰國佛日,วันพระ,Wan Phra,thai-buddhist,ขึ้น 15 ค่ำ เดือน 9,9,15,waxing,15,
2007-09-05,2007,2550,星期三,wan_phra,泰國佛日,วันพระ,Wan Phra,thai-buddhist,แรม 8 ค่ำ เดือน 9,9,23,waning,8,
2007-09-11,2007,2550,星期二,wan_phra,泰國佛日,วันพระ,Wan Phra,thai-buddhist,แรม 14 ค่ำ เดือน 9,9,29,waning,14,
2007-09-19,2007,2550,星期三,wan_phra,泰國佛日,วันพระ,Wan Phra,thai-buddhist,ขึ้น 8 ค่ำ เดือน 10,10,8,waxing,8,
2007-09-26,2007,2550,星期三,wan_phra,泰國佛日,วันพระ,Wan Phra,thai-buddhist,ขึ้น 15 ค่ำ เดือน 10,10,15,waxing,15,
2007-10-04,2007,2550,星期四,wan_phra,泰國佛日,วันพระ,Wan Phra,thai-buddhist,แรม 8 ค่ำ เดือน 10,10,23,waning,8,
2007-10-11,2007,2550,星期四,wan_phra,泰國佛日,วันพระ,Wan Phra,thai-buddhist,แรม 15 ค่ำ เดือน 10,10,30,waning,15,
2007-10-19,2007,2550,星期五,wan_phra,泰國佛日,วันพระ,Wan Phra,thai-buddhist,ขึ้น 8 ค่ำ เดือน 11,11,8,waxing,8,
2007-10-26,2007,2550,星期五,ok_phansa,出雨安居,ออกพรรษา,Ok Phansa,thai-buddhist-major,ขึ้น 15 ค่ำ เดือน 11,11,15,waxing,15,
2007-10-26,2007,2550,星期五,wan_phra,泰國佛日,วันพระ,Wan Phra,thai-buddhist,ขึ้น 15 ค่ำ เดือน 11,11,15,waxing,15,
2007-11-03,2007,2550,星期六,wan_phra,泰國佛日,วันพระ,Wan Phra,thai-buddhist,แรม 8 ค่ำ เดือน 11,11,23,waning,8,
2007-11-09,2007,2550,星期五,wan_phra,泰國佛日,วันพระ,Wan Phra,thai-buddhist,แรม 14 ค่ำ เดือน 11,11,29,waning,14,
2007-11-17,2007,2550,星期六,wan_phra,泰國佛日,วันพระ,Wan Phra,thai-buddhist,ขึ้น 8 ค่ำ เดือน 12,12,8,waxing,8,
2007-11-24,2007,2550,星期六,wan_phra,泰國佛日,วันพระ,Wan Phra,thai-buddhist,ขึ้น 15 ค่ำ เดือน 12,12,15,waxing,15,
2007-12-02,2007,2550,星期日,wan_phra,泰國佛日,วันพระ,Wan Phra,thai-buddhist,แรม 8 ค่ำ เดือน 12,12,23,waning,8,
2007-12-09,2007,2550,星期日,wan_phra,泰國佛日,วันพระ,Wan Phra,thai-buddhist,แรม 15 ค่ำ เดือน 12,12,30,waning,15,
2007-12-17,2007,2550,星期一,wan_phra,泰國佛日,วันพระ,Wan Phra,thai-buddhist,ขึ้น 8 ค่ำ เดือน 1,1,8,waxing,8,
2007-12-24,2007,2550,星期一,wan_phra,泰國佛日,วันพระ,Wan Phra,thai-buddhist,ขึ้น 15 ค่ำ เดือน 1,1,15,waxing,15,
2008-01-01,2008,2551,星期二,wan_phra,泰國佛日,วันพระ,Wan Phra,thai-buddhist,แรม 8 ค่ำ เดือน 1,1,23,waning,8,
2008-01-07,2008,2551,星期一,wan_phra,泰國佛日,วันพระ,Wan Phra,thai-buddhist,แรม 14 ค่ำ เดือน 1,1,29,waning,14,
2008-01-15,2008,2551,星期二,wan_phra,泰國佛日,วันพระ,Wan Phra,thai-buddhist,ขึ้น 8 ค่ำ เดือน 2,2,8,waxing,8,
2008-01-22,2008,2551,星期二,wan_phra,泰國佛日,วันพระ,Wan Phra,thai-buddhist,ขึ้น 15 ค่ำ เดือน 2,2,15,waxing,15,
2008-01-30,2008,2551,星期三,wan_phra,泰國佛日,วันพระ,Wan Phra,thai-buddhist,แรม 8 ค่ำ เดือน 2,2,23,waning,8,
2008-02-06,2008,2551,星期三,wan_phra,泰國佛日,วันพระ,Wan Phra,thai-buddhist,แรม 15 ค่ำ เดือน 2,2,30,waning,15,
2008-02-14,2008,2551,星期四,wan_phra,泰國佛日,วันพระ,Wan Phra,thai-buddhist,ขึ้น 8 ค่ำ เดือน 3,3,8,waxing,8,
2008-02-21,2008,2551,星期四,makha_bucha,萬佛節,มาฆบูชา,Makha Bucha,thai-buddhist-major,ขึ้น 15 ค่ำ เดือน 3,3,15,waxing,15,
2008-02-21,2008,2551,星期四,wan_phra,泰國佛日,วันพระ,Wan Phra,thai-buddhist,ขึ้น 15 ค่ำ เดือน 3,3,15,waxing,15,
2008-02-29,2008,2551,星期五,wan_phra,泰國佛日,วันพระ,Wan Phra,thai-buddhist,แรม 8 ค่ำ เดือน 3,3,23,waning,8,
2008-03-06,2008,2551,星期四,wan_phra,泰國佛日,วันพระ,Wan Phra,thai-buddhist,แรม 14 ค่ำ เดือน 3,3,29,waning,14,
2008-03-14,2008,2551,星期五,wan_phra,泰國佛日,วันพระ,Wan Phra,thai-buddhist,ขึ้น 8 ค่ำ เดือน 4,4,8,waxing,8,
2008-03-21,2008,2551,星期五,wan_phra,泰國佛日,วันพระ,Wan Phra,thai-buddhist,ขึ้น 15 ค่ำ เดือน 4,4,15,waxing,15,
2008-03-29,2008,2551,星期六,wan_phra,泰國佛日,วันพระ,Wan Phra,thai-buddhist,แรม 8 ค่ำ เดือน 4,4,23,waning,8,
2008-04-05,2008,2551,星期六,wan_phra,泰國佛日,วันพระ,Wan Phra,thai-buddhist,แรม 15 ค่ำ เดือน 4,4,30,waning,15,
2008-04-13,2008,2551,星期日,wan_phra,泰國佛日,วันพระ,Wan Phra,thai-buddhist,ขึ้น 8 ค่ำ เดือน 5,5,8,waxing,8,
2008-04-20,2008,2551,星期日,wan_phra,泰國佛日,วันพระ,Wan Phra,thai-buddhist,ขึ้น 15 ค่ำ เดือน 5,5,15,waxing,15,
2008-04-28,2008,2551,星期一,wan_phra,泰國佛日,วันพระ,Wan Phra,thai-buddhist,แรม 8 ค่ำ เดือน 5,5,23,waning,8,
2008-05-04,2008,2551,星期日,wan_phra,泰國佛日,วันพระ,Wan Phra,thai-buddhist,แรม 14 ค่ำ เดือน 5,5,29,waning,14,
2008-05-12,2008,2551,星期一,wan_phra,泰國佛日,วันพระ,Wan Phra,thai-buddhist,ขึ้น 8 ค่ำ เดือน 6,6,8,waxing,8,
2008-05-19,2008,2551,星期一,visakha_bucha,衛塞節,วิสาขบูชา,Visakha Bucha,thai-buddhist-major,ขึ้น 15 ค่ำ เดือน 6,6,15,waxing,15,
2008-05-19,2008,2551,星期一,wan_phra,泰國佛日,วันพระ,Wan Phra,thai-buddhist,ขึ้น 15 ค่ำ เดือน 6,6,15,waxing,15,
2008-05-27,2008,2551,星期二,wan_phra,泰國佛日,วันพระ,Wan Phra,thai-buddhist,แรม 8 ค่ำ เดือน 6,6,23,waning,8,
2008-06-03,2008,2551,星期二,wan_phra,泰國佛日,วันพระ,Wan Phra,thai-buddhist,แรม 15 ค่ำ เดือน 6,6,30,waning,15,
2008-06-11,2008,2551,星期三,wan_phra,泰國佛日,วันพระ,Wan Phra,thai-buddhist,ขึ้น 8 ค่ำ เดือน 7,7,8,waxing,8,
2008-06-18,2008,2551,星期三,wan_phra,泰國佛日,วันพระ,Wan Phra,thai-buddhist,ขึ้น 15 ค่ำ เดือน 7,7,15,waxing,15,
2008-06-26,2008,2551,星期四,wan_phra,泰國佛日,วันพระ,Wan Phra,thai-buddhist,แรม 8 ค่ำ เดือน 7,7,23,waning,8,
2008-07-02,2008,2551,星期三,wan_phra,泰國佛日,วันพระ,Wan Phra,thai-buddhist,แรม 14 ค่ำ เดือน 7,7,29,waning,14,
2008-07-10,2008,2551,星期四,wan_phra,泰國佛日,วันพระ,Wan Phra,thai-buddhist,ขึ้น 8 ค่ำ เดือน 8,8,8,waxing,8,
2008-07-17,2008,2551,星期四,wan_phra,泰國佛日,วันพระ,Wan Phra,thai-buddhist,ขึ้น 15 ค่ำ เดือน 8,8,15,waxing,15,
2008-07-18,2008,2551,星期五,khao_phansa,入雨安居,เข้าพรรษา,Khao Phansa,thai-buddhist-major,แรม 1 ค่ำ เดือน 8,8,16,waning,1,
2008-07-25,2008,2551,星期五,wan_phra,泰國佛日,วันพระ,Wan Phra,thai-buddhist,แรม 8 ค่ำ เดือน 8,8,23,waning,8,
2008-08-01,2008,2551,星期五,wan_phra,泰國佛日,วันพระ,Wan Phra,thai-buddhist,แรม 15 ค่ำ เดือน 8,8,30,waning,15,
2008-08-09,2008,2551,星期六,wan_phra,泰國佛日,วันพระ,Wan Phra,thai-buddhist,ขึ้น 8 ค่ำ เดือน 9,9,8,waxing,8,
2008-08-16,2008,2551,星期六,wan_phra,泰國佛日,วันพระ,Wan Phra,thai-buddhist,ขึ้น 15 ค่ำ เดือน 9,9,15,waxing,15,
2008-08-24,2008,2551,星期日,wan_phra,泰國佛日,วันพระ,Wan Phra,thai-buddhist,แรม 8 ค่ำ เดือน 9,9,23,waning,8,
2008-08-30,2008,2551,星期六,wan_phra,泰國佛日,วันพระ,Wan Phra,thai-buddhist,แรม 14 ค่ำ เดือน 9,9,29,waning,14,
2008-09-07,2008,2551,星期日,wan_phra,泰國佛日,วันพระ,Wan Phra,thai-buddhist,ขึ้น 8 ค่ำ เดือน 10,10,8,waxing,8,
2008-09-14,2008,2551,星期日,wan_phra,泰國佛日,วันพระ,Wan Phra,thai-buddhist,ขึ้น 15 ค่ำ เดือน 10,10,15,waxing,15,
2008-09-22,2008,2551,星期一,wan_phra,泰國佛日,วันพระ,Wan Phra,thai-buddhist,แรม 8 ค่ำ เดือน 10,10,23,waning,8,
2008-09-29,2008,2551,星期一,wan_phra,泰國佛日,วันพระ,Wan Phra,thai-buddhist,แรม 15 ค่ำ เดือน 10,10,30,waning,15,
2008-10-07,2008,2551,星期二,wan_phra,泰國佛日,วันพระ,Wan Phra,thai-buddhist,ขึ้น 8 ค่ำ เดือน 11,11,8,waxing,8,
2008-10-14,2008,2551,星期二,ok_phansa,出雨安居,ออกพรรษา,Ok Phansa,thai-buddhist-major,ขึ้น 15 ค่ำ เดือน 11,11,15,waxing,15,
2008-10-14,2008,2551,星期二,wan_phra,泰國佛日,วันพระ,Wan Phra,thai-buddhist,ขึ้น 15 ค่ำ เดือน 11,11,15,waxing,15,
2008-10-22,2008,2551,星期三,wan_phra,泰國佛日,วันพระ,Wan Phra,thai-buddhist,แรม 8 ค่ำ เดือน 11,11,23,waning,8,
2008-10-28,2008,2551,星期二,wan_phra,泰國佛日,วันพระ,Wan Phra,thai-buddhist,แรม 14 ค่ำ เดือน 11,11,29,waning,14,
2008-11-05,2008,2551,星期三,wan_phra,泰國佛日,วันพระ,Wan Phra,thai-buddhist,ขึ้น 8 ค่ำ เดือน 12,12,8,waxing,8,
2008-11-12,2008,2551,星期三,wan_phra,泰國佛日,วันพระ,Wan Phra,thai-buddhist,ขึ้น 15 ค่ำ เดือน 12,12,15,waxing,15,
2008-11-20,2008,2551,星期四,wan_phra,泰國佛日,วันพระ,Wan Phra,thai-buddhist,แรม 8 ค่ำ เดือน 12,12,23,waning,8,
2008-11-27,2008,2551,星期四,wan_phra,泰國佛日,วันพระ,Wan Phra,thai-buddhist,แรม 15 ค่ำ เดือน 12,12,30,waning,15,
2008-12-05,2008,2551,星期五,wan_phra,泰國佛日,วันพระ,Wan Phra,thai-buddhist,ขึ้น 8 ค่ำ เดือน 1,1,8,waxing,8,
2008-12-12,2008,2551,星期五,wan_phra,泰國佛日,วันพระ,Wan Phra,thai-buddhist,ขึ้น 15 ค่ำ เดือน 1,1,15,waxing,15,
2008-12-20,2008,2551,星期六,wan_phra,泰國佛日,วันพระ,Wan Phra,thai-buddhist,แรม 8 ค่ำ เดือน 1,1,23,waning,8,
2008-12-26,2008,2551,星期五,wan_phra,泰國佛日,วันพระ,Wan Phra,thai-buddhist,แรม 14 ค่ำ เดือน 1,1,29,waning,14,
2009-01-03,2009,2552,星期六,wan_phra,泰國佛日,วันพระ,Wan Phra,thai-buddhist,ขึ้น 8 ค่ำ เดือน 2,2,8,waxing,8,
2009-01-10,2009,2552,星期六,wan_phra,泰國佛日,วันพระ,Wan Phra,thai-buddhist,ขึ้น 15 ค่ำ เดือน 2,2,15,waxing,15,
2009-01-18,2009,2552,星期日,wan_phra,泰國佛日,วันพระ,Wan Phra,thai-buddhist,แรม 8 ค่ำ เดือน 2,2,23,waning,8,
2009-01-25,2009,2552,星期日,wan_phra,泰國佛日,วันพระ,Wan Phra,thai-buddhist,แรม 15 ค่ำ เดือน 2,2,30,waning,15,
2009-02-02,2009,2552,星期一,wan_phra,泰國佛日,วันพระ,Wan Phra,thai-buddhist,ขึ้น 8 ค่ำ เดือน 3,3,8,waxing,8,
2009-02-09,2009,2552,星期一,makha_bucha,萬佛節,มาฆบูชา,Makha Bucha,thai-buddhist-major,ขึ้น 15 ค่ำ เดือน 3,3,15,waxing,15,
2009-02-09,2009,2552,星期一,wan_phra,泰國佛日,วันพระ,Wan Phra,thai-buddhist,ขึ้น 15 ค่ำ เดือน 3,3,15,waxing,15,
2009-02-17,2009,2552,星期二,wan_phra,泰國佛日,วันพระ,Wan Phra,thai-buddhist,แรม 8 ค่ำ เดือน 3,3,23,waning,8,
2009-02-23,2009,2552,星期一,wan_phra,泰國佛日,วันพระ,Wan Phra,thai-buddhist,แรม 14 ค่ำ เดือน 3,3,29,waning,14,
2009-03-03,2009,2552,星期二,wan_phra,泰國佛日,วันพระ,Wan Phra,thai-buddhist,ขึ้น 8 ค่ำ เดือน 4,4,8,waxing,8,
2009-03-10,2009,2552,星期二,wan_phra,泰國佛日,วันพระ,Wan Phra,thai-buddhist,ขึ้น 15 ค่ำ เดือน 4,4,15,waxing,15,
2009-03-18,2009,2552,星期三,wan_phra,泰國佛日,วันพระ,Wan Phra,thai-buddhist,แรม 8 ค่ำ เดือน 4,4,23,waning,8,
2009-03-25,2009,2552,星期三,wan_phra,泰國佛日,วันพระ,Wan Phra,thai-buddhist,แรม 15 ค่ำ เดือน 4,4,30,waning,15,
2009-04-02,2009,2552,星期四,wan_phra,泰國佛日,วันพระ,Wan Phra,thai-buddhist,ขึ้น 8 ค่ำ เดือน 5,5,8,waxing,8,
2009-04-09,2009,2552,星期四,wan_phra,泰國佛日,วันพระ,Wan Phra,thai-buddhist,ขึ้น 15 ค่ำ เดือน 5,5,15,waxing,15,
2009-04-17,2009,2552,星期五,wan_phra,泰國佛日,วันพระ,Wan Phra,thai-buddhist,แรม 8 ค่ำ เดือน 5,5,23,waning,8,
2009-04-23,2009,2552,星期四,wan_phra,泰國佛日,วันพระ,Wan Phra,thai-buddhist,แรม 14 ค่ำ เดือน 5,5,29,waning,14,
2009-05-01,2009,2552,星期五,wan_phra,泰國佛日,วันพระ,Wan Phra,thai-buddhist,ขึ้น 8 ค่ำ เดือน 6,6,8,waxing,8,
2009-05-08,2009,2552,星期五,visakha_bucha,衛塞節,วิสาขบูชา,Visakha Bucha,thai-buddhist-major,ขึ้น 15 ค่ำ เดือน 6,6,15,waxing,15,
2009-05-08,2009,2552,星期五,wan_phra,泰國佛日,วันพระ,Wan Phra,thai-buddhist,ขึ้น 15 ค่ำ เดือน 6,6,15,waxing,15,
2009-05-16,2009,2552,星期六,wan_phra,泰國佛日,วันพระ,Wan Phra,thai-buddhist,แรม 8 ค่ำ เดือน 6,6,23,waning,8,
2009-05-23,2009,2552,星期六,wan_phra,泰國佛日,วันพระ,Wan Phra,thai-buddhist,แรม 15 ค่ำ เดือน 6,6,30,waning,15,
2009-05-31,2009,2552,星期日,wan_phra,泰國佛日,วันพระ,Wan Phra,thai-buddhist,ขึ้น 8 ค่ำ เดือน 7,7,8,waxing,8,
2009-06-07,2009,2552,星期日,wan_phra,泰國佛日,วันพระ,Wan Phra,thai-buddhist,ขึ้น 15 ค่ำ เดือน 7,7,15,waxing,15,
2009-06-15,2009,2552,星期一,wan_phra,泰國佛日,วันพระ,Wan Phra,thai-buddhist,แรม 8 ค่ำ เดือน 7,7,23,waning,8,
2009-06-22,2009,2552,星期一,wan_phra,泰國佛日,วันพระ,Wan Phra,thai-buddhist,แรม 15 ค่ำ เดือน 7,7,30,waning,15,
2009-06-30,2009,2552,星期二,wan_phra,泰國佛日,วันพระ,Wan Phra,thai-buddhist,ขึ้น 8 ค่ำ เดือน 8,8,8,waxing,8,
2009-07-07,2009,2552,星期二,wan_phra,泰國佛日,วันพระ,Wan Phra,thai-buddhist,ขึ้น 15 ค่ำ เดือน 8,8,15,waxing,15,
2009-07-08,2009,2552,星期三,khao_phansa,入雨安居,เข้าพรรษา,Khao Phansa,thai-buddhist-major,แรม 1 ค่ำ เดือน 8,8,16,waning,1,
2009-07-15,2009,2552,星期三,wan_phra,泰國佛日,วันพระ,Wan Phra,thai-buddhist,แรม 8 ค่ำ เดือน 8,8,23,waning,8,
2009-07-22,2009,2552,星期三,wan_phra,泰國佛日,วันพระ,Wan Phra,thai-buddhist,แรม 15 ค่ำ เดือน 8,8,30,waning,15,
2009-07-30,2009,2552,星期四,wan_phra,泰國佛日,วันพระ,Wan Phra,thai-buddhist,ขึ้น 8 ค่ำ เดือน 9,9,8,waxing,8,
2009-08-06,2009,2552,星期四,wan_phra,泰國佛日,วันพระ,Wan Phra,thai-buddhist,ขึ้น 15 ค่ำ เดือน 9,9,15,waxing,15,
2009-08-14,2009,2552,星期五,wan_phra,泰國佛日,วันพระ,Wan Phra,thai-buddhist,แรม 8 ค่ำ เดือน 9,9,23,waning,8,
2009-08-20,2009,2552,星期四,wan_phra,泰國佛日,วันพระ,Wan Phra,thai-buddhist,แรม 14 ค่ำ เดือน 9,9,29,waning,14,
2009-08-28,2009,2552,星期五,wan_phra,泰國佛日,วันพระ,Wan Phra,thai-buddhist,ขึ้น 8 ค่ำ เดือน 10,10,8,waxing,8,
2009-09-04,2009,2552,星期五,wan_phra,泰國佛日,วันพระ,Wan Phra,thai-buddhist,ขึ้น 15 ค่ำ เดือน 10,10,15,waxing,15,
2009-09-12,2009,2552,星期六,wan_phra,泰國佛日,วันพระ,Wan Phra,thai-buddhist,แรม 8 ค่ำ เดือน 10,10,23,waning,8,
2009-09-19,2009,2552,星期六,wan_phra,泰國佛日,วันพระ,Wan Phra,thai-buddhist,แรม 15 ค่ำ เดือน 10,10,30,waning,15,
2009-09-27,2009,2552,星期日,wan_phra,泰國佛日,วันพระ,Wan Phra,thai-buddhist,ขึ้น 8 ค่ำ เดือน 11,11,8,waxing,8,
2009-10-04,2009,2552,星期日,ok_phansa,出雨安居,ออกพรรษา,Ok Phansa,thai-buddhist-major,ขึ้น 15 ค่ำ เดือน 11,11,15,waxing,15,
2009-10-04,2009,2552,星期日,wan_phra,泰國佛日,วันพระ,Wan Phra,thai-buddhist,ขึ้น 15 ค่ำ เดือน 11,11,15,waxing,15,
2009-10-12,2009,2552,星期一,wan_phra,泰國佛日,วันพระ,Wan Phra,thai-buddhist,แรม 8 ค่ำ เดือน 11,11,23,waning,8,
2009-10-18,2009,2552,星期日,wan_phra,泰國佛日,วันพระ,Wan Phra,thai-buddhist,แรม 14 ค่ำ เดือน 11,11,29,waning,14,
2009-10-26,2009,2552,星期一,wan_phra,泰國佛日,วันพระ,Wan Phra,thai-buddhist,ขึ้น 8 ค่ำ เดือน 12,12,8,waxing,8,
2009-11-02,2009,2552,星期一,wan_phra,泰國佛日,วันพระ,Wan Phra,thai-buddhist,ขึ้น 15 ค่ำ เดือน 12,12,15,waxing,15,
2009-11-10,2009,2552,星期二,wan_phra,泰國佛日,วันพระ,Wan Phra,thai-buddhist,แรม 8 ค่ำ เดือน 12,12,23,waning,8,
2009-11-17,2009,2552,星期二,wan_phra,泰國佛日,วันพระ,Wan Phra,thai-buddhist,แรม 15 ค่ำ เดือน 12,12,30,waning,15,
2009-11-25,2009,2552,星期三,wan_phra,泰國佛日,วันพระ,Wan Phra,thai-buddhist,ขึ้น 8 ค่ำ เดือน 1,1,8,waxing,8,
2009-12-02,2009,2552,星期三,wan_phra,泰國佛日,วันพระ,Wan Phra,thai-buddhist,ขึ้น 15 ค่ำ เดือน 1,1,15,waxing,15,
2009-12-10,2009,2552,星期四,wan_phra,泰國佛日,วันพระ,Wan Phra,thai-buddhist,แรม 8 ค่ำ เดือน 1,1,23,waning,8,
2009-12-16,2009,2552,星期三,wan_phra,泰國佛日,วันพระ,Wan Phra,thai-buddhist,แรม 14 ค่ำ เดือน 1,1,29,waning,14,
2009-12-24,2009,2552,星期四,wan_phra,泰國佛日,วันพระ,Wan Phra,thai-buddhist,ขึ้น 8 ค่ำ เดือน 2,2,8,waxing,8,
2009-12-31,2009,2552,星期四,wan_phra,泰國佛日,วันพระ,Wan Phra,thai-buddhist,ขึ้น 15 ค่ำ เดือน 2,2,15,waxing,15,
2010-01-08,2010,2553,星期五,wan_phra,泰國佛日,วันพระ,Wan Phra,thai-buddhist,แรม 8 ค่ำ เดือน 2,2,23,waning,8,
2010-01-15,2010,2553,星期五,wan_phra,泰國佛日,วันพระ,Wan Phra,thai-buddhist,แรม 15 ค่ำ เดือน 2,2,30,waning,15,
2010-01-23,2010,2553,星期六,wan_phra,泰國佛日,วันพระ,Wan Phra,thai-buddhist,ขึ้น 8 ค่ำ เดือน 3,3,8,waxing,8,
2010-01-30,2010,2553,星期六,wan_phra,泰國佛日,วันพระ,Wan Phra,thai-buddhist,ขึ้น 15 ค่ำ เดือน 3,3,15,waxing,15,
2010-02-07,2010,2553,星期日,wan_phra,泰國佛日,วันพระ,Wan Phra,thai-buddhist,แรม 8 ค่ำ เดือน 3,3,23,waning,8,
2010-02-13,2010,2553,星期六,wan_phra,泰國佛日,วันพระ,Wan Phra,thai-buddhist,แรม 14 ค่ำ เดือน 3,3,29,waning,14,
2010-02-21,2010,2553,星期日,wan_phra,泰國佛日,วันพระ,Wan Phra,thai-buddhist,ขึ้น 8 ค่ำ เดือน 4,4,8,waxing,8,
2010-02-28,2010,2553,星期日,makha_bucha,萬佛節,มาฆบูชา,Makha Bucha,thai-buddhist-major,ขึ้น 15 ค่ำ เดือน 4,4,15,waxing,15,
2010-02-28,2010,2553,星期日,wan_phra,泰國佛日,วันพระ,Wan Phra,thai-buddhist,ขึ้น 15 ค่ำ เดือน 4,4,15,waxing,15,
2010-03-08,2010,2553,星期一,wan_phra,泰國佛日,วันพระ,Wan Phra,thai-buddhist,แรม 8 ค่ำ เดือน 4,4,23,waning,8,
2010-03-15,2010,2553,星期一,wan_phra,泰國佛日,วันพระ,Wan Phra,thai-buddhist,แรม 15 ค่ำ เดือน 4,4,30,waning,15,
2010-03-20,2010,2553,星期六,sao_ha_candidate,騷哈日候選 / 稍哈日候選,เสาร์ 5,Sao Ha candidate,thai-amulet-auspicious-day,ขึ้น 5 ค่ำ เดือน 5,5,5,waxing,5,按規則產生：星期六 + 泰國陰曆 5 月 + ขึ้น 5 ค่ำ 或 แรม 5 ค่ำ。未做人工作法會或高僧認定。
2010-03-23,2010,2553,星期二,wan_phra,泰國佛日,วันพระ,Wan Phra,thai-buddhist,ขึ้น 8 ค่ำ เดือน 5,5,8,waxing,8,
2010-03-30,2010,2553,星期二,wan_phra,泰國佛日,วันพระ,Wan Phra,thai-buddhist,ขึ้น 15 ค่ำ เดือน 5,5,15,waxing,15,
2010-04-07,2010,2553,星期三,wan_phra,泰國佛日,วันพระ,Wan Phra,thai-buddhist,แรม 8 ค่ำ เดือน 5,5,23,waning,8,
2010-04-13,2010,2553,星期二,wan_phra,泰國佛日,วันพระ,Wan Phra,thai-buddhist,แรม 14 ค่ำ เดือน 5,5,29,waning,14,
2010-04-21,2010,2553,星期三,wan_phra,泰國佛日,วันพระ,Wan Phra,thai-buddhist,ขึ้น 8 ค่ำ เดือน 6,6,8,waxing,8,
2010-04-28,2010,2553,星期三,wan_phra,泰國佛日,วันพระ,Wan Phra,thai-buddhist,ขึ้น 15 ค่ำ เดือน 6,6,15,waxing,15,
2010-05-06,2010,2553,星期四,wan_phra,泰國佛日,วันพระ,Wan Phra,thai-buddhist,แรม 8 ค่ำ เดือน 6,6,23,waning,8,
2010-05-13,2010,2553,星期四,wan_phra,泰國佛日,วันพระ,Wan Phra,thai-buddhist,แรม 15 ค่ำ เดือน 6,6,30,waning,15,
2010-05-21,2010,2553,星期五,wan_phra,泰國佛日,วันพระ,Wan Phra,thai-buddhist,ขึ้น 8 ค่ำ เดือน 7,7,8,waxing,8,
2010-05-28,2010,2553,星期五,visakha_bucha,衛塞節,วิสาขบูชา,Visakha Bucha,thai-buddhist-major,ขึ้น 15 ค่ำ เดือน 7,7,15,waxing,15,
2010-05-28,2010,2553,星期五,wan_phra,泰國佛日,วันพระ,Wan Phra,thai-buddhist,ขึ้น 15 ค่ำ เดือน 7,7,15,waxing,15,
2010-06-05,2010,2553,星期六,wan_phra,泰國佛日,วันพระ,Wan Phra,thai-buddhist,แรม 8 ค่ำ เดือน 7,7,23,waning,8,
2010-06-11,2010,2553,星期五,wan_phra,泰國佛日,วันพระ,Wan Phra,thai-buddhist,แรม 14 ค่ำ เดือน 7,7,29,waning,14,
2010-06-19,2010,2553,星期六,wan_phra,泰國佛日,วันพระ,Wan Phra,thai-buddhist,ขึ้น 8 ค่ำ เดือน 8,8,8,waxing,8,
2010-06-26,2010,2553,星期六,wan_phra,泰國佛日,วันพระ,Wan Phra,thai-buddhist,ขึ้น 15 ค่ำ เดือน 8,8,15,waxing,15,
2010-07-04,2010,2553,星期日,wan_phra,泰國佛日,วันพระ,Wan Phra,thai-buddhist,แรม 8 ค่ำ เดือน 8,8,23,waning,8,
2010-07-11,2010,2553,星期日,wan_phra,泰國佛日,วันพระ,Wan Phra,thai-buddhist,แรม 15 ค่ำ เดือน 8,8,30,waning,15,
2010-07-19,2010,2553,星期一,wan_phra,泰國佛日,วันพระ,Wan Phra,thai-buddhist,ขึ้น 8 ค่ำ เดือน 88,88,8,waxing,8,
2010-07-26,2010,2553,星期一,wan_phra,泰國佛日,วันพระ,Wan Phra,thai-buddhist,ขึ้น 15 ค่ำ เดือน 88,88,15,waxing,15,
2010-07-27,2010,2553,星期二,khao_phansa,入雨安居,เข้าพรรษา,Khao Phansa,thai-buddhist-major,แรม 1 ค่ำ เดือน 88,88,16,waning,1,
2010-08-03,2010,2553,星期二,wan_phra,泰國佛日,วันพระ,Wan Phra,thai-buddhist,แรม 8 ค่ำ เดือน 88,88,23,waning,8,
2010-08-10,2010,2553,星期二,wan_phra,泰國佛日,วันพระ,Wan Phra,thai-buddhist,แรม 15 ค่ำ เดือน 88,88,30,waning,15,
2010-08-18,2010,2553,星期三,wan_phra,泰國佛日,วันพระ,Wan Phra,thai-buddhist,ขึ้น 8 ค่ำ เดือน 9,9,8,waxing,8,
2010-08-25,2010,2553,星期三,wan_phra,泰國佛日,วันพระ,Wan Phra,thai-buddhist,ขึ้น 15 ค่ำ เดือน 9,9,15,waxing,15,
2010-09-02,2010,2553,星期四,wan_phra,泰國佛日,วันพระ,Wan Phra,thai-buddhist,แรม 8 ค่ำ เดือน 9,9,23,waning,8,
2010-09-08,2010,2553,星期三,wan_phra,泰國佛日,วันพระ,Wan Phra,thai-buddhist,แรม 14 ค่ำ เดือน 9,9,29,waning,14,
2010-09-16,2010,2553,星期四,wan_phra,泰國佛日,วันพระ,Wan Phra,thai-buddhist,ขึ้น 8 ค่ำ เดือน 10,10,8,waxing,8,
2010-09-23,2010,2553,星期四,wan_phra,泰國佛日,วันพระ,Wan Phra,thai-buddhist,ขึ้น 15 ค่ำ เดือน 10,10,15,waxing,15,
2010-10-01,2010,2553,星期五,wan_phra,泰國佛日,วันพระ,Wan Phra,thai-buddhist,แรม 8 ค่ำ เดือน 10,10,23,waning,8,
2010-10-08,2010,2553,星期五,wan_phra,泰國佛日,วันพระ,Wan Phra,thai-buddhist,แรม 15 ค่ำ เดือน 10,10,30,waning,15,
2010-10-16,2010,2553,星期六,wan_phra,泰國佛日,วันพระ,Wan Phra,thai-buddhist,ขึ้น 8 ค่ำ เดือน 11,11,8,waxing,8,
2010-10-23,2010,2553,星期六,ok_phansa,出雨安居,ออกพรรษา,Ok Phansa,thai-buddhist-major,ขึ้น 15 ค่ำ เดือน 11,11,15,waxing,15,
2010-10-23,2010,2553,星期六,wan_phra,泰國佛日,วันพระ,Wan Phra,thai-buddhist,ขึ้น 15 ค่ำ เดือน 11,11,15,waxing,15,
2010-10-31,2010,2553,星期日,wan_phra,泰國佛日,วันพระ,Wan Phra,thai-buddhist,แรม 8 ค่ำ เดือน 11,11,23,waning,8,
2010-11-06,2010,2553,星期六,wan_phra,泰國佛日,วันพระ,Wan Phra,thai-buddhist,แรม 14 ค่ำ เดือน 11,11,29,waning,14,
2010-11-14,2010,2553,星期日,wan_phra,泰國佛日,วันพระ,Wan Phra,thai-buddhist,ขึ้น 8 ค่ำ เดือน 12,12,8,waxing,8,
2010-11-21,2010,2553,星期日,wan_phra,泰國佛日,วันพระ,Wan Phra,thai-buddhist,ขึ้น 15 ค่ำ เดือน 12,12,15,waxing,15,
2010-11-29,2010,2553,星期一,wan_phra,泰國佛日,วันพระ,Wan Phra,thai-buddhist,แรม 8 ค่ำ เดือน 12,12,23,waning,8,
2010-12-06,2010,2553,星期一,wan_phra,泰國佛日,วันพระ,Wan Phra,thai-buddhist,แรม 15 ค่ำ เดือน 12,12,30,waning,15,
2010-12-14,2010,2553,星期二,wan_phra,泰國佛日,วันพระ,Wan Phra,thai-buddhist,ขึ้น 8 ค่ำ เดือน 1,1,8,waxing,8,
2010-12-21,2010,2553,星期二,wan_phra,泰國佛日,วันพระ,Wan Phra,thai-buddhist,ขึ้น 15 ค่ำ เดือน 1,1,15,waxing,15,
2010-12-29,2010,2553,星期三,wan_phra,泰國佛日,วันพระ,Wan Phra,thai-buddhist,แรม 8 ค่ำ เดือน 1,1,23,waning,8,
2011-01-04,2011,2554,星期二,wan_phra,泰國佛日,วันพระ,Wan Phra,thai-buddhist,แรม 14 ค่ำ เดือน 1,1,29,waning,14,
2011-01-12,2011,2554,星期三,wan_phra,泰國佛日,วันพระ,Wan Phra,thai-buddhist,ขึ้น 8 ค่ำ เดือน 2,2,8,waxing,8,
2011-01-19,2011,2554,星期三,wan_phra,泰國佛日,วันพระ,Wan Phra,thai-buddhist,ขึ้น 15 ค่ำ เดือน 2,2,15,waxing,15,
2011-01-27,2011,2554,星期四,wan_phra,泰國佛日,วันพระ,Wan Phra,thai-buddhist,แรม 8 ค่ำ เดือน 2,2,23,waning,8,
2011-02-03,2011,2554,星期四,wan_phra,泰國佛日,วันพระ,Wan Phra,thai-buddhist,แรม 15 ค่ำ เดือน 2,2,30,waning,15,
2011-02-11,2011,2554,星期五,wan_phra,泰國佛日,วันพระ,Wan Phra,thai-buddhist,ขึ้น 8 ค่ำ เดือน 3,3,8,waxing,8,
2011-02-18,2011,2554,星期五,makha_bucha,萬佛節,มาฆบูชา,Makha Bucha,thai-buddhist-major,ขึ้น 15 ค่ำ เดือน 3,3,15,waxing,15,
2011-02-18,2011,2554,星期五,wan_phra,泰國佛日,วันพระ,Wan Phra,thai-buddhist,ขึ้น 15 ค่ำ เดือน 3,3,15,waxing,15,
2011-02-26,2011,2554,星期六,wan_phra,泰國佛日,วันพระ,Wan Phra,thai-buddhist,แรม 8 ค่ำ เดือน 3,3,23,waning,8,
2011-03-04,2011,2554,星期五,wan_phra,泰國佛日,วันพระ,Wan Phra,thai-buddhist,แรม 14 ค่ำ เดือน 3,3,29,waning,14,
2011-03-12,2011,2554,星期六,wan_phra,泰國佛日,วันพระ,Wan Phra,thai-buddhist,ขึ้น 8 ค่ำ เดือน 4,4,8,waxing,8,
2011-03-19,2011,2554,星期六,wan_phra,泰國佛日,วันพระ,Wan Phra,thai-buddhist,ขึ้น 15 ค่ำ เดือน 4,4,15,waxing,15,
2011-03-27,2011,2554,星期日,wan_phra,泰國佛日,วันพระ,Wan Phra,thai-buddhist,แรม 8 ค่ำ เดือน 4,4,23,waning,8,
2011-04-03,2011,2554,星期日,wan_phra,泰國佛日,วันพระ,Wan Phra,thai-buddhist,แรม 15 ค่ำ เดือน 4,4,30,waning,15,
2011-04-11,2011,2554,星期一,wan_phra,泰國佛日,วันพระ,Wan Phra,thai-buddhist,ขึ้น 8 ค่ำ เดือน 5,5,8,waxing,8,
2011-04-18,2011,2554,星期一,wan_phra,泰國佛日,วันพระ,Wan Phra,thai-buddhist,ขึ้น 15 ค่ำ เดือน 5,5,15,waxing,15,
2011-04-23,2011,2554,星期六,sao_ha_candidate,騷哈日候選 / 稍哈日候選,เสาร์ 5,Sao Ha candidate,thai-amulet-auspicious-day,แรม 5 ค่ำ เดือน 5,5,20,waning,5,按規則產生：星期六 + 泰國陰曆 5 月 + ขึ้น 5 ค่ำ 或 แรม 5 ค่ำ。未做人工作法會或高僧認定。
2011-04-26,2011,2554,星期二,wan_phra,泰國佛日,วันพระ,Wan Phra,thai-buddhist,แรม 8 ค่ำ เดือน 5,5,23,waning,8,
2011-05-02,2011,2554,星期一,wan_phra,泰國佛日,วันพระ,Wan Phra,thai-buddhist,แรม 14 ค่ำ เดือน 5,5,29,waning,14,
2011-05-10,2011,2554,星期二,wan_phra,泰國佛日,วันพระ,Wan Phra,thai-buddhist,ขึ้น 8 ค่ำ เดือน 6,6,8,waxing,8,
2011-05-17,2011,2554,星期二,visakha_bucha,衛塞節,วิสาขบูชา,Visakha Bucha,thai-buddhist-major,ขึ้น 15 ค่ำ เดือน 6,6,15,waxing,15,
2011-05-17,2011,2554,星期二,wan_phra,泰國佛日,วันพระ,Wan Phra,thai-buddhist,ขึ้น 15 ค่ำ เดือน 6,6,15,waxing,15,
2011-05-25,2011,2554,星期三,wan_phra,泰國佛日,วันพระ,Wan Phra,thai-buddhist,แรม 8 ค่ำ เดือน 6,6,23,waning,8,
2011-06-01,2011,2554,星期三,wan_phra,泰國佛日,วันพระ,Wan Phra,thai-buddhist,แรม 15 ค่ำ เดือน 6,6,30,waning,15,
2011-06-09,2011,2554,星期四,wan_phra,泰國佛日,วันพระ,Wan Phra,thai-buddhist,ขึ้น 8 ค่ำ เดือน 7,7,8,waxing,8,
2011-06-16,2011,2554,星期四,wan_phra,泰國佛日,วันพระ,Wan Phra,thai-buddhist,ขึ้น 15 ค่ำ เดือน 7,7,15,waxing,15,
2011-06-24,2011,2554,星期五,wan_phra,泰國佛日,วันพระ,Wan Phra,thai-buddhist,แรม 8 ค่ำ เดือน 7,7,23,waning,8,
2011-06-30,2011,2554,星期四,wan_phra,泰國佛日,วันพระ,Wan Phra,thai-buddhist,แรม 14 ค่ำ เดือน 7,7,29,waning,14,
2011-07-08,2011,2554,星期五,wan_phra,泰國佛日,วันพระ,Wan Phra,thai-buddhist,ขึ้น 8 ค่ำ เดือน 8,8,8,waxing,8,
2011-07-15,2011,2554,星期五,wan_phra,泰國佛日,วันพระ,Wan Phra,thai-buddhist,ขึ้น 15 ค่ำ เดือน 8,8,15,waxing,15,
2011-07-16,2011,2554,星期六,khao_phansa,入雨安居,เข้าพรรษา,Khao Phansa,thai-buddhist-major,แรม 1 ค่ำ เดือน 8,8,16,waning,1,
2011-07-23,2011,2554,星期六,wan_phra,泰國佛日,วันพระ,Wan Phra,thai-buddhist,แรม 8 ค่ำ เดือน 8,8,23,waning,8,
2011-07-30,2011,2554,星期六,wan_phra,泰國佛日,วันพระ,Wan Phra,thai-buddhist,แรม 15 ค่ำ เดือน 8,8,30,waning,15,
2011-08-07,2011,2554,星期日,wan_phra,泰國佛日,วันพระ,Wan Phra,thai-buddhist,ขึ้น 8 ค่ำ เดือน 9,9,8,waxing,8,
2011-08-14,2011,2554,星期日,wan_phra,泰國佛日,วันพระ,Wan Phra,thai-buddhist,ขึ้น 15 ค่ำ เดือน 9,9,15,waxing,15,
2011-08-22,2011,2554,星期一,wan_phra,泰國佛日,วันพระ,Wan Phra,thai-buddhist,แรม 8 ค่ำ เดือน 9,9,23,waning,8,
2011-08-28,2011,2554,星期日,wan_phra,泰國佛日,วันพระ,Wan Phra,thai-buddhist,แรม 14 ค่ำ เดือน 9,9,29,waning,14,
2011-09-05,2011,2554,星期一,wan_phra,泰國佛日,วันพระ,Wan Phra,thai-buddhist,ขึ้น 8 ค่ำ เดือน 10,10,8,waxing,8,
2011-09-12,2011,2554,星期一,wan_phra,泰國佛日,วันพระ,Wan Phra,thai-buddhist,ขึ้น 15 ค่ำ เดือน 10,10,15,waxing,15,
2011-09-20,2011,2554,星期二,wan_phra,泰國佛日,วันพระ,Wan Phra,thai-buddhist,แรม 8 ค่ำ เดือน 10,10,23,waning,8,
2011-09-27,2011,2554,星期二,wan_phra,泰國佛日,วันพระ,Wan Phra,thai-buddhist,แรม 15 ค่ำ เดือน 10,10,30,waning,15,
2011-10-05,2011,2554,星期三,wan_phra,泰國佛日,วันพระ,Wan Phra,thai-buddhist,ขึ้น 8 ค่ำ เดือน 11,11,8,waxing,8,
2011-10-12,2011,2554,星期三,ok_phansa,出雨安居,ออกพรรษา,Ok Phansa,thai-buddhist-major,ขึ้น 15 ค่ำ เดือน 11,11,15,waxing,15,
2011-10-12,2011,2554,星期三,wan_phra,泰國佛日,วันพระ,Wan Phra,thai-buddhist,ขึ้น 15 ค่ำ เดือน 11,11,15,waxing,15,
2011-10-20,2011,2554,星期四,wan_phra,泰國佛日,วันพระ,Wan Phra,thai-buddhist,แรม 8 ค่ำ เดือน 11,11,23,waning,8,
2011-10-26,2011,2554,星期三,wan_phra,泰國佛日,วันพระ,Wan Phra,thai-buddhist,แรม 14 ค่ำ เดือน 11,11,29,waning,14,
2011-11-03,2011,2554,星期四,wan_phra,泰國佛日,วันพระ,Wan Phra,thai-buddhist,ขึ้น 8 ค่ำ เดือน 12,12,8,waxing,8,
2011-11-10,2011,2554,星期四,wan_phra,泰國佛日,วันพระ,Wan Phra,thai-buddhist,ขึ้น 15 ค่ำ เดือน 12,12,15,waxing,15,
2011-11-18,2011,2554,星期五,wan_phra,泰國佛日,วันพระ,Wan Phra,thai-buddhist,แรม 8 ค่ำ เดือน 12,12,23,waning,8,
2011-11-25,2011,2554,星期五,wan_phra,泰國佛日,วันพระ,Wan Phra,thai-buddhist,แรม 15 ค่ำ เดือน 12,12,30,waning,15,
2011-12-03,2011,2554,星期六,wan_phra,泰國佛日,วันพระ,Wan Phra,thai-buddhist,ขึ้น 8 ค่ำ เดือน 1,1,8,waxing,8,
2011-12-10,2011,2554,星期六,wan_phra,泰國佛日,วันพระ,Wan Phra,thai-buddhist,ขึ้น 15 ค่ำ เดือน 1,1,15,waxing,15,
2011-12-18,2011,2554,星期日,wan_phra,泰國佛日,วันพระ,Wan Phra,thai-buddhist,แรม 8 ค่ำ เดือน 1,1,23,waning,8,
2011-12-24,2011,2554,星期六,wan_phra,泰國佛日,วันพระ,Wan Phra,thai-buddhist,แรม 14 ค่ำ เดือน 1,1,29,waning,14,
2012-01-01,2012,2555,星期日,wan_phra,泰國佛日,วันพระ,Wan Phra,thai-buddhist,ขึ้น 8 ค่ำ เดือน 2,2,8,waxing,8,
2012-01-08,2012,2555,星期日,wan_phra,泰國佛日,วันพระ,Wan Phra,thai-buddhist,ขึ้น 15 ค่ำ เดือน 2,2,15,waxing,15,
2012-01-16,2012,2555,星期一,wan_phra,泰國佛日,วันพระ,Wan Phra,thai-buddhist,แรม 8 ค่ำ เดือน 2,2,23,waning,8,
2012-01-23,2012,2555,星期一,wan_phra,泰國佛日,วันพระ,Wan Phra,thai-buddhist,แรม 15 ค่ำ เดือน 2,2,30,waning,15,
2012-01-31,2012,2555,星期二,wan_phra,泰國佛日,วันพระ,Wan Phra,thai-buddhist,ขึ้น 8 ค่ำ เดือน 3,3,8,waxing,8,
2012-02-07,2012,2555,星期二,wan_phra,泰國佛日,วันพระ,Wan Phra,thai-buddhist,ขึ้น 15 ค่ำ เดือน 3,3,15,waxing,15,
2012-02-15,2012,2555,星期三,wan_phra,泰國佛日,วันพระ,Wan Phra,thai-buddhist,แรม 8 ค่ำ เดือน 3,3,23,waning,8,
2012-02-21,2012,2555,星期二,wan_phra,泰國佛日,วันพระ,Wan Phra,thai-buddhist,แรม 14 ค่ำ เดือน 3,3,29,waning,14,
2012-02-29,2012,2555,星期三,wan_phra,泰國佛日,วันพระ,Wan Phra,thai-buddhist,ขึ้น 8 ค่ำ เดือน 4,4,8,waxing,8,
2012-03-07,2012,2555,星期三,makha_bucha,萬佛節,มาฆบูชา,Makha Bucha,thai-buddhist-major,ขึ้น 15 ค่ำ เดือน 4,4,15,waxing,15,
2012-03-07,2012,2555,星期三,wan_phra,泰國佛日,วันพระ,Wan Phra,thai-buddhist,ขึ้น 15 ค่ำ เดือน 4,4,15,waxing,15,
2012-03-15,2012,2555,星期四,wan_phra,泰國佛日,วันพระ,Wan Phra,thai-buddhist,แรม 8 ค่ำ เดือน 4,4,23,waning,8,
2012-03-22,2012,2555,星期四,wan_phra,泰國佛日,วันพระ,Wan Phra,thai-buddhist,แรม 15 ค่ำ เดือน 4,4,30,waning,15,
2012-03-30,2012,2555,星期五,wan_phra,泰國佛日,วันพระ,Wan Phra,thai-buddhist,ขึ้น 8 ค่ำ เดือน 5,5,8,waxing,8,
2012-04-06,2012,2555,星期五,wan_phra,泰國佛日,วันพระ,Wan Phra,thai-buddhist,ขึ้น 15 ค่ำ เดือน 5,5,15,waxing,15,
2012-04-14,2012,2555,星期六,wan_phra,泰國佛日,วันพระ,Wan Phra,thai-buddhist,แรม 8 ค่ำ เดือน 5,5,23,waning,8,
2012-04-20,2012,2555,星期五,wan_phra,泰國佛日,วันพระ,Wan Phra,thai-buddhist,แรม 14 ค่ำ เดือน 5,5,29,waning,14,
2012-04-28,2012,2555,星期六,wan_phra,泰國佛日,วันพระ,Wan Phra,thai-buddhist,ขึ้น 8 ค่ำ เดือน 6,6,8,waxing,8,
2012-05-05,2012,2555,星期六,wan_phra,泰國佛日,วันพระ,Wan Phra,thai-buddhist,ขึ้น 15 ค่ำ เดือน 6,6,15,waxing,15,
2012-05-13,2012,2555,星期日,wan_phra,泰國佛日,วันพระ,Wan Phra,thai-buddhist,แรม 8 ค่ำ เดือน 6,6,23,waning,8,
2012-05-20,2012,2555,星期日,wan_phra,泰國佛日,วันพระ,Wan Phra,thai-buddhist,แรม 15 ค่ำ เดือน 6,6,30,waning,15,
2012-05-28,2012,2555,星期一,wan_phra,泰國佛日,วันพระ,Wan Phra,thai-buddhist,ขึ้น 8 ค่ำ เดือน 7,7,8,waxing,8,
2012-06-04,2012,2555,星期一,visakha_bucha,衛塞節,วิสาขบูชา,Visakha Bucha,thai-buddhist-major,ขึ้น 15 ค่ำ เดือน 7,7,15,waxing,15,
2012-06-04,2012,2555,星期一,wan_phra,泰國佛日,วันพระ,Wan Phra,thai-buddhist,ขึ้น 15 ค่ำ เดือน 7,7,15,waxing,15,
2012-06-12,2012,2555,星期二,wan_phra,泰國佛日,วันพระ,Wan Phra,thai-buddhist,แรม 8 ค่ำ เดือน 7,7,23,waning,8,
2012-06-18,2012,2555,星期一,wan_phra,泰國佛日,วันพระ,Wan Phra,thai-buddhist,แรม 14 ค่ำ เดือน 7,7,29,waning,14,
2012-06-26,2012,2555,星期二,wan_phra,泰國佛日,วันพระ,Wan Phra,thai-buddhist,ขึ้น 8 ค่ำ เดือน 8,8,8,waxing,8,
2012-07-03,2012,2555,星期二,wan_phra,泰國佛日,วันพระ,Wan Phra,thai-buddhist,ขึ้น 15 ค่ำ เดือน 8,8,15,waxing,15,
2012-07-11,2012,2555,星期三,wan_phra,泰國佛日,วันพระ,Wan Phra,thai-buddhist,แรม 8 ค่ำ เดือน 8,8,23,waning,8,
2012-07-18,2012,2555,星期三,wan_phra,泰國佛日,วันพระ,Wan Phra,thai-buddhist,แรม 15 ค่ำ เดือน 8,8,30,waning,15,
2012-07-26,2012,2555,星期四,wan_phra,泰國佛日,วันพระ,Wan Phra,thai-buddhist,ขึ้น 8 ค่ำ เดือน 88,88,8,waxing,8,
2012-08-02,2012,2555,星期四,wan_phra,泰國佛日,วันพระ,Wan Phra,thai-buddhist,ขึ้น 15 ค่ำ เดือน 88,88,15,waxing,15,
2012-08-03,2012,2555,星期五,khao_phansa,入雨安居,เข้าพรรษา,Khao Phansa,thai-buddhist-major,แรม 1 ค่ำ เดือน 88,88,16,waning,1,
2012-08-10,2012,2555,星期五,wan_phra,泰國佛日,วันพระ,Wan Phra,thai-buddhist,แรม 8 ค่ำ เดือน 88,88,23,waning,8,
2012-08-17,2012,2555,星期五,wan_phra,泰國佛日,วันพระ,Wan Phra,thai-buddhist,แรม 15 ค่ำ เดือน 88,88,30,waning,15,
2012-08-25,2012,2555,星期六,wan_phra,泰國佛日,วันพระ,Wan Phra,thai-buddhist,ขึ้น 8 ค่ำ เดือน 9,9,8,waxing,8,
2012-09-01,2012,2555,星期六,wan_phra,泰國佛日,วันพระ,Wan Phra,thai-buddhist,ขึ้น 15 ค่ำ เดือน 9,9,15,waxing,15,
2012-09-09,2012,2555,星期日,wan_phra,泰國佛日,วันพระ,Wan Phra,thai-buddhist,แรม 8 ค่ำ เดือน 9,9,23,waning,8,
2012-09-15,2012,2555,星期六,wan_phra,泰國佛日,วันพระ,Wan Phra,thai-buddhist,แรม 14 ค่ำ เดือน 9,9,29,waning,14,
2012-09-23,2012,2555,星期日,wan_phra,泰國佛日,วันพระ,Wan Phra,thai-buddhist,ขึ้น 8 ค่ำ เดือน 10,10,8,waxing,8,
2012-09-30,2012,2555,星期日,wan_phra,泰國佛日,วันพระ,Wan Phra,thai-buddhist,ขึ้น 15 ค่ำ เดือน 10,10,15,waxing,15,
2012-10-08,2012,2555,星期一,wan_phra,泰國佛日,วันพระ,Wan Phra,thai-buddhist,แรม 8 ค่ำ เดือน 10,10,23,waning,8,
2012-10-15,2012,2555,星期一,wan_phra,泰國佛日,วันพระ,Wan Phra,thai-buddhist,แรม 15 ค่ำ เดือน 10,10,30,waning,15,
2012-10-23,2012,2555,星期二,wan_phra,泰國佛日,วันพระ,Wan Phra,thai-buddhist,ขึ้น 8 ค่ำ เดือน 11,11,8,waxing,8,
2012-10-30,2012,2555,星期二,ok_phansa,出雨安居,ออกพรรษา,Ok Phansa,thai-buddhist-major,ขึ้น 15 ค่ำ เดือน 11,11,15,waxing,15,
2012-10-30,2012,2555,星期二,wan_phra,泰國佛日,วันพระ,Wan Phra,thai-buddhist,ขึ้น 15 ค่ำ เดือน 11,11,15,waxing,15,
2012-11-07,2012,2555,星期三,wan_phra,泰國佛日,วันพระ,Wan Phra,thai-buddhist,แรม 8 ค่ำ เดือน 11,11,23,waning,8,
2012-11-13,2012,2555,星期二,wan_phra,泰國佛日,วันพระ,Wan Phra,thai-buddhist,แรม 14 ค่ำ เดือน 11,11,29,waning,14,
2012-11-21,2012,2555,星期三,wan_phra,泰國佛日,วันพระ,Wan Phra,thai-buddhist,ขึ้น 8 ค่ำ เดือน 12,12,8,waxing,8,
2012-11-28,2012,2555,星期三,wan_phra,泰國佛日,วันพระ,Wan Phra,thai-buddhist,ขึ้น 15 ค่ำ เดือน 12,12,15,waxing,15,
2012-12-06,2012,2555,星期四,wan_phra,泰國佛日,วันพระ,Wan Phra,thai-buddhist,แรม 8 ค่ำ เดือน 12,12,23,waning,8,
2012-12-13,2012,2555,星期四,wan_phra,泰國佛日,วันพระ,Wan Phra,thai-buddhist,แรม 15 ค่ำ เดือน 12,12,30,waning,15,
2012-12-21,2012,2555,星期五,wan_phra,泰國佛日,วันพระ,Wan Phra,thai-buddhist,ขึ้น 8 ค่ำ เดือน 1,1,8,waxing,8,
2012-12-28,2012,2555,星期五,wan_phra,泰國佛日,วันพระ,Wan Phra,thai-buddhist,ขึ้น 15 ค่ำ เดือน 1,1,15,waxing,15,
2013-01-05,2013,2556,星期六,wan_phra,泰國佛日,วันพระ,Wan Phra,thai-buddhist,แรม 8 ค่ำ เดือน 1,1,23,waning,8,
2013-01-11,2013,2556,星期五,wan_phra,泰國佛日,วันพระ,Wan Phra,thai-buddhist,แรม 14 ค่ำ เดือน 1,1,29,waning,14,
2013-01-19,2013,2556,星期六,wan_phra,泰國佛日,วันพระ,Wan Phra,thai-buddhist,ขึ้น 8 ค่ำ เดือน 2,2,8,waxing,8,
2013-01-26,2013,2556,星期六,wan_phra,泰國佛日,วันพระ,Wan Phra,thai-buddhist,ขึ้น 15 ค่ำ เดือน 2,2,15,waxing,15,
2013-02-03,2013,2556,星期日,wan_phra,泰國佛日,วันพระ,Wan Phra,thai-buddhist,แรม 8 ค่ำ เดือน 2,2,23,waning,8,
2013-02-10,2013,2556,星期日,wan_phra,泰國佛日,วันพระ,Wan Phra,thai-buddhist,แรม 15 ค่ำ เดือน 2,2,30,waning,15,
2013-02-18,2013,2556,星期一,wan_phra,泰國佛日,วันพระ,Wan Phra,thai-buddhist,ขึ้น 8 ค่ำ เดือน 3,3,8,waxing,8,
2013-02-25,2013,2556,星期一,makha_bucha,萬佛節,มาฆบูชา,Makha Bucha,thai-buddhist-major,ขึ้น 15 ค่ำ เดือน 3,3,15,waxing,15,
2013-02-25,2013,2556,星期一,wan_phra,泰國佛日,วันพระ,Wan Phra,thai-buddhist,ขึ้น 15 ค่ำ เดือน 3,3,15,waxing,15,
2013-03-05,2013,2556,星期二,wan_phra,泰國佛日,วันพระ,Wan Phra,thai-buddhist,แรม 8 ค่ำ เดือน 3,3,23,waning,8,
2013-03-11,2013,2556,星期一,wan_phra,泰國佛日,วันพระ,Wan Phra,thai-buddhist,แรม 14 ค่ำ เดือน 3,3,29,waning,14,
2013-03-19,2013,2556,星期二,wan_phra,泰國佛日,วันพระ,Wan Phra,thai-buddhist,ขึ้น 8 ค่ำ เดือน 4,4,8,waxing,8,
2013-03-26,2013,2556,星期二,wan_phra,泰國佛日,วันพระ,Wan Phra,thai-buddhist,ขึ้น 15 ค่ำ เดือน 4,4,15,waxing,15,
2013-04-03,2013,2556,星期三,wan_phra,泰國佛日,วันพระ,Wan Phra,thai-buddhist,แรม 8 ค่ำ เดือน 4,4,23,waning,8,
2013-04-10,2013,2556,星期三,wan_phra,泰國佛日,วันพระ,Wan Phra,thai-buddhist,แรม 15 ค่ำ เดือน 4,4,30,waning,15,
2013-04-18,2013,2556,星期四,wan_phra,泰國佛日,วันพระ,Wan Phra,thai-buddhist,ขึ้น 8 ค่ำ เดือน 5,5,8,waxing,8,
2013-04-25,2013,2556,星期四,wan_phra,泰國佛日,วันพระ,Wan Phra,thai-buddhist,ขึ้น 15 ค่ำ เดือน 5,5,15,waxing,15,
2013-05-03,2013,2556,星期五,wan_phra,泰國佛日,วันพระ,Wan Phra,thai-buddhist,แรม 8 ค่ำ เดือน 5,5,23,waning,8,
2013-05-09,2013,2556,星期四,wan_phra,泰國佛日,วันพระ,Wan Phra,thai-buddhist,แรม 14 ค่ำ เดือน 5,5,29,waning,14,
2013-05-17,2013,2556,星期五,wan_phra,泰國佛日,วันพระ,Wan Phra,thai-buddhist,ขึ้น 8 ค่ำ เดือน 6,6,8,waxing,8,
2013-05-24,2013,2556,星期五,visakha_bucha,衛塞節,วิสาขบูชา,Visakha Bucha,thai-buddhist-major,ขึ้น 15 ค่ำ เดือน 6,6,15,waxing,15,
2013-05-24,2013,2556,星期五,wan_phra,泰國佛日,วันพระ,Wan Phra,thai-buddhist,ขึ้น 15 ค่ำ เดือน 6,6,15,waxing,15,
2013-06-01,2013,2556,星期六,wan_phra,泰國佛日,วันพระ,Wan Phra,thai-buddhist,แรม 8 ค่ำ เดือน 6,6,23,waning,8,
2013-06-08,2013,2556,星期六,wan_phra,泰國佛日,วันพระ,Wan Phra,thai-buddhist,แรม 15 ค่ำ เดือน 6,6,30,waning,15,
2013-06-16,2013,2556,星期日,wan_phra,泰國佛日,วันพระ,Wan Phra,thai-buddhist,ขึ้น 8 ค่ำ เดือน 7,7,8,waxing,8,
2013-06-23,2013,2556,星期日,wan_phra,泰國佛日,วันพระ,Wan Phra,thai-buddhist,ขึ้น 15 ค่ำ เดือน 7,7,15,waxing,15,
2013-07-01,2013,2556,星期一,wan_phra,泰國佛日,วันพระ,Wan Phra,thai-buddhist,แรม 8 ค่ำ เดือน 7,7,23,waning,8,
2013-07-07,2013,2556,星期日,wan_phra,泰國佛日,วันพระ,Wan Phra,thai-buddhist,แรม 14 ค่ำ เดือน 7,7,29,waning,14,
2013-07-15,2013,2556,星期一,wan_phra,泰國佛日,วันพระ,Wan Phra,thai-buddhist,ขึ้น 8 ค่ำ เดือน 8,8,8,waxing,8,
2013-07-22,2013,2556,星期一,wan_phra,泰國佛日,วันพระ,Wan Phra,thai-buddhist,ขึ้น 15 ค่ำ เดือน 8,8,15,waxing,15,
2013-07-23,2013,2556,星期二,khao_phansa,入雨安居,เข้าพรรษา,Khao Phansa,thai-buddhist-major,แรม 1 ค่ำ เดือน 8,8,16,waning,1,
2013-07-30,2013,2556,星期二,wan_phra,泰國佛日,วันพระ,Wan Phra,thai-buddhist,แรม 8 ค่ำ เดือน 8,8,23,waning,8,
2013-08-06,2013,2556,星期二,wan_phra,泰國佛日,วันพระ,Wan Phra,thai-buddhist,แรม 15 ค่ำ เดือน 8,8,30,waning,15,
2013-08-14,2013,2556,星期三,wan_phra,泰國佛日,วันพระ,Wan Phra,thai-buddhist,ขึ้น 8 ค่ำ เดือน 9,9,8,waxing,8,
2013-08-21,2013,2556,星期三,wan_phra,泰國佛日,วันพระ,Wan Phra,thai-buddhist,ขึ้น 15 ค่ำ เดือน 9,9,15,waxing,15,
2013-08-29,2013,2556,星期四,wan_phra,泰國佛日,วันพระ,Wan Phra,thai-buddhist,แรม 8 ค่ำ เดือน 9,9,23,waning,8,
2013-09-04,2013,2556,星期三,wan_phra,泰國佛日,วันพระ,Wan Phra,thai-buddhist,แรม 14 ค่ำ เดือน 9,9,29,waning,14,
2013-09-12,2013,2556,星期四,wan_phra,泰國佛日,วันพระ,Wan Phra,thai-buddhist,ขึ้น 8 ค่ำ เดือน 10,10,8,waxing,8,
2013-09-19,2013,2556,星期四,wan_phra,泰國佛日,วันพระ,Wan Phra,thai-buddhist,ขึ้น 15 ค่ำ เดือน 10,10,15,waxing,15,
2013-09-27,2013,2556,星期五,wan_phra,泰國佛日,วันพระ,Wan Phra,thai-buddhist,แรม 8 ค่ำ เดือน 10,10,23,waning,8,
2013-10-04,2013,2556,星期五,wan_phra,泰國佛日,วันพระ,Wan Phra,thai-buddhist,แรม 15 ค่ำ เดือน 10,10,30,waning,15,
2013-10-12,2013,2556,星期六,wan_phra,泰國佛日,วันพระ,Wan Phra,thai-buddhist,ขึ้น 8 ค่ำ เดือน 11,11,8,waxing,8,
2013-10-19,2013,2556,星期六,ok_phansa,出雨安居,ออกพรรษา,Ok Phansa,thai-buddhist-major,ขึ้น 15 ค่ำ เดือน 11,11,15,waxing,15,
2013-10-19,2013,2556,星期六,wan_phra,泰國佛日,วันพระ,Wan Phra,thai-buddhist,ขึ้น 15 ค่ำ เดือน 11,11,15,waxing,15,
2013-10-27,2013,2556,星期日,wan_phra,泰國佛日,วันพระ,Wan Phra,thai-buddhist,แรม 8 ค่ำ เดือน 11,11,23,waning,8,
2013-11-02,2013,2556,星期六,wan_phra,泰國佛日,วันพระ,Wan Phra,thai-buddhist,แรม 14 ค่ำ เดือน 11,11,29,waning,14,
2013-11-10,2013,2556,星期日,wan_phra,泰國佛日,วันพระ,Wan Phra,thai-buddhist,ขึ้น 8 ค่ำ เดือน 12,12,8,waxing,8,
2013-11-17,2013,2556,星期日,wan_phra,泰國佛日,วันพระ,Wan Phra,thai-buddhist,ขึ้น 15 ค่ำ เดือน 12,12,15,waxing,15,
2013-11-25,2013,2556,星期一,wan_phra,泰國佛日,วันพระ,Wan Phra,thai-buddhist,แรม 8 ค่ำ เดือน 12,12,23,waning,8,
2013-12-02,2013,2556,星期一,wan_phra,泰國佛日,วันพระ,Wan Phra,thai-buddhist,แรม 15 ค่ำ เดือน 12,12,30,waning,15,
2013-12-10,2013,2556,星期二,wan_phra,泰國佛日,วันพระ,Wan Phra,thai-buddhist,ขึ้น 8 ค่ำ เดือน 1,1,8,waxing,8,
2013-12-17,2013,2556,星期二,wan_phra,泰國佛日,วันพระ,Wan Phra,thai-buddhist,ขึ้น 15 ค่ำ เดือน 1,1,15,waxing,15,
2013-12-25,2013,2556,星期三,wan_phra,泰國佛日,วันพระ,Wan Phra,thai-buddhist,แรม 8 ค่ำ เดือน 1,1,23,waning,8,
2013-12-31,2013,2556,星期二,wan_phra,泰國佛日,วันพระ,Wan Phra,thai-buddhist,แรม 14 ค่ำ เดือน 1,1,29,waning,14,
2014-01-08,2014,2557,星期三,wan_phra,泰國佛日,วันพระ,Wan Phra,thai-buddhist,ขึ้น 8 ค่ำ เดือน 2,2,8,waxing,8,
2014-01-15,2014,2557,星期三,wan_phra,泰國佛日,วันพระ,Wan Phra,thai-buddhist,ขึ้น 15 ค่ำ เดือน 2,2,15,waxing,15,
2014-01-23,2014,2557,星期四,wan_phra,泰國佛日,วันพระ,Wan Phra,thai-buddhist,แรม 8 ค่ำ เดือน 2,2,23,waning,8,
2014-01-30,2014,2557,星期四,wan_phra,泰國佛日,วันพระ,Wan Phra,thai-buddhist,แรม 15 ค่ำ เดือน 2,2,30,waning,15,
2014-02-07,2014,2557,星期五,wan_phra,泰國佛日,วันพระ,Wan Phra,thai-buddhist,ขึ้น 8 ค่ำ เดือน 3,3,8,waxing,8,
2014-02-14,2014,2557,星期五,makha_bucha,萬佛節,มาฆบูชา,Makha Bucha,thai-buddhist-major,ขึ้น 15 ค่ำ เดือน 3,3,15,waxing,15,
2014-02-14,2014,2557,星期五,wan_phra,泰國佛日,วันพระ,Wan Phra,thai-buddhist,ขึ้น 15 ค่ำ เดือน 3,3,15,waxing,15,
2014-02-22,2014,2557,星期六,wan_phra,泰國佛日,วันพระ,Wan Phra,thai-buddhist,แรม 8 ค่ำ เดือน 3,3,23,waning,8,
2014-02-28,2014,2557,星期五,wan_phra,泰國佛日,วันพระ,Wan Phra,thai-buddhist,แรม 14 ค่ำ เดือน 3,3,29,waning,14,
2014-03-08,2014,2557,星期六,wan_phra,泰國佛日,วันพระ,Wan Phra,thai-buddhist,ขึ้น 8 ค่ำ เดือน 4,4,8,waxing,8,
2014-03-15,2014,2557,星期六,wan_phra,泰國佛日,วันพระ,Wan Phra,thai-buddhist,ขึ้น 15 ค่ำ เดือน 4,4,15,waxing,15,
2014-03-23,2014,2557,星期日,wan_phra,泰國佛日,วันพระ,Wan Phra,thai-buddhist,แรม 8 ค่ำ เดือน 4,4,23,waning,8,
2014-03-30,2014,2557,星期日,wan_phra,泰國佛日,วันพระ,Wan Phra,thai-buddhist,แรม 15 ค่ำ เดือน 4,4,30,waning,15,
2014-04-07,2014,2557,星期一,wan_phra,泰國佛日,วันพระ,Wan Phra,thai-buddhist,ขึ้น 8 ค่ำ เดือน 5,5,8,waxing,8,
2014-04-14,2014,2557,星期一,wan_phra,泰國佛日,วันพระ,Wan Phra,thai-buddhist,ขึ้น 15 ค่ำ เดือน 5,5,15,waxing,15,
2014-04-19,2014,2557,星期六,sao_ha_candidate,騷哈日候選 / 稍哈日候選,เสาร์ 5,Sao Ha candidate,thai-amulet-auspicious-day,แรม 5 ค่ำ เดือน 5,5,20,waning,5,按規則產生：星期六 + 泰國陰曆 5 月 + ขึ้น 5 ค่ำ 或 แรม 5 ค่ำ。未做人工作法會或高僧認定。
2014-04-22,2014,2557,星期二,wan_phra,泰國佛日,วันพระ,Wan Phra,thai-buddhist,แรม 8 ค่ำ เดือน 5,5,23,waning,8,
2014-04-28,2014,2557,星期一,wan_phra,泰國佛日,วันพระ,Wan Phra,thai-buddhist,แรม 14 ค่ำ เดือน 5,5,29,waning,14,
2014-05-06,2014,2557,星期二,wan_phra,泰國佛日,วันพระ,Wan Phra,thai-buddhist,ขึ้น 8 ค่ำ เดือน 6,6,8,waxing,8,
2014-05-13,2014,2557,星期二,visakha_bucha,衛塞節,วิสาขบูชา,Visakha Bucha,thai-buddhist-major,ขึ้น 15 ค่ำ เดือน 6,6,15,waxing,15,
2014-05-13,2014,2557,星期二,wan_phra,泰國佛日,วันพระ,Wan Phra,thai-buddhist,ขึ้น 15 ค่ำ เดือน 6,6,15,waxing,15,
2014-05-21,2014,2557,星期三,wan_phra,泰國佛日,วันพระ,Wan Phra,thai-buddhist,แรม 8 ค่ำ เดือน 6,6,23,waning,8,
2014-05-28,2014,2557,星期三,wan_phra,泰國佛日,วันพระ,Wan Phra,thai-buddhist,แรม 15 ค่ำ เดือน 6,6,30,waning,15,
2014-06-05,2014,2557,星期四,wan_phra,泰國佛日,วันพระ,Wan Phra,thai-buddhist,ขึ้น 8 ค่ำ เดือน 7,7,8,waxing,8,
2014-06-12,2014,2557,星期四,wan_phra,泰國佛日,วันพระ,Wan Phra,thai-buddhist,ขึ้น 15 ค่ำ เดือน 7,7,15,waxing,15,
2014-06-20,2014,2557,星期五,wan_phra,泰國佛日,วันพระ,Wan Phra,thai-buddhist,แรม 8 ค่ำ เดือน 7,7,23,waning,8,
2014-06-27,2014,2557,星期五,wan_phra,泰國佛日,วันพระ,Wan Phra,thai-buddhist,แรม 15 ค่ำ เดือน 7,7,30,waning,15,
2014-07-05,2014,2557,星期六,wan_phra,泰國佛日,วันพระ,Wan Phra,thai-buddhist,ขึ้น 8 ค่ำ เดือน 8,8,8,waxing,8,
2014-07-12,2014,2557,星期六,wan_phra,泰國佛日,วันพระ,Wan Phra,thai-buddhist,ขึ้น 15 ค่ำ เดือน 8,8,15,waxing,15,
2014-07-13,2014,2557,星期日,khao_phansa,入雨安居,เข้าพรรษา,Khao Phansa,thai-buddhist-major,แรม 1 ค่ำ เดือน 8,8,16,waning,1,
2014-07-20,2014,2557,星期日,wan_phra,泰國佛日,วันพระ,Wan Phra,thai-buddhist,แรม 8 ค่ำ เดือน 8,8,23,waning,8,
2014-07-27,2014,2557,星期日,wan_phra,泰國佛日,วันพระ,Wan Phra,thai-buddhist,แรม 15 ค่ำ เดือน 8,8,30,waning,15,
2014-08-04,2014,2557,星期一,wan_phra,泰國佛日,วันพระ,Wan Phra,thai-buddhist,ขึ้น 8 ค่ำ เดือน 9,9,8,waxing,8,
2014-08-11,2014,2557,星期一,wan_phra,泰國佛日,วันพระ,Wan Phra,thai-buddhist,ขึ้น 15 ค่ำ เดือน 9,9,15,waxing,15,
2014-08-19,2014,2557,星期二,wan_phra,泰國佛日,วันพระ,Wan Phra,thai-buddhist,แรม 8 ค่ำ เดือน 9,9,23,waning,8,
2014-08-25,2014,2557,星期一,wan_phra,泰國佛日,วันพระ,Wan Phra,thai-buddhist,แรม 14 ค่ำ เดือน 9,9,29,waning,14,
2014-09-02,2014,2557,星期二,wan_phra,泰國佛日,วันพระ,Wan Phra,thai-buddhist,ขึ้น 8 ค่ำ เดือน 10,10,8,waxing,8,
2014-09-09,2014,2557,星期二,wan_phra,泰國佛日,วันพระ,Wan Phra,thai-buddhist,ขึ้น 15 ค่ำ เดือน 10,10,15,waxing,15,
2014-09-17,2014,2557,星期三,wan_phra,泰國佛日,วันพระ,Wan Phra,thai-buddhist,แรม 8 ค่ำ เดือน 10,10,23,waning,8,
2014-09-24,2014,2557,星期三,wan_phra,泰國佛日,วันพระ,Wan Phra,thai-buddhist,แรม 15 ค่ำ เดือน 10,10,30,waning,15,
2014-10-02,2014,2557,星期四,wan_phra,泰國佛日,วันพระ,Wan Phra,thai-buddhist,ขึ้น 8 ค่ำ เดือน 11,11,8,waxing,8,
2014-10-09,2014,2557,星期四,ok_phansa,出雨安居,ออกพรรษา,Ok Phansa,thai-buddhist-major,ขึ้น 15 ค่ำ เดือน 11,11,15,waxing,15,
2014-10-09,2014,2557,星期四,wan_phra,泰國佛日,วันพระ,Wan Phra,thai-buddhist,ขึ้น 15 ค่ำ เดือน 11,11,15,waxing,15,
2014-10-17,2014,2557,星期五,wan_phra,泰國佛日,วันพระ,Wan Phra,thai-buddhist,แรม 8 ค่ำ เดือน 11,11,23,waning,8,
2014-10-23,2014,2557,星期四,wan_phra,泰國佛日,วันพระ,Wan Phra,thai-buddhist,แรม 14 ค่ำ เดือน 11,11,29,waning,14,
2014-10-31,2014,2557,星期五,wan_phra,泰國佛日,วันพระ,Wan Phra,thai-buddhist,ขึ้น 8 ค่ำ เดือน 12,12,8,waxing,8,
2014-11-07,2014,2557,星期五,wan_phra,泰國佛日,วันพระ,Wan Phra,thai-buddhist,ขึ้น 15 ค่ำ เดือน 12,12,15,waxing,15,
2014-11-15,2014,2557,星期六,wan_phra,泰國佛日,วันพระ,Wan Phra,thai-buddhist,แรม 8 ค่ำ เดือน 12,12,23,waning,8,
2014-11-22,2014,2557,星期六,wan_phra,泰國佛日,วันพระ,Wan Phra,thai-buddhist,แรม 15 ค่ำ เดือน 12,12,30,waning,15,
2014-11-30,2014,2557,星期日,wan_phra,泰國佛日,วันพระ,Wan Phra,thai-buddhist,ขึ้น 8 ค่ำ เดือน 1,1,8,waxing,8,
2014-12-07,2014,2557,星期日,wan_phra,泰國佛日,วันพระ,Wan Phra,thai-buddhist,ขึ้น 15 ค่ำ เดือน 1,1,15,waxing,15,
2014-12-15,2014,2557,星期一,wan_phra,泰國佛日,วันพระ,Wan Phra,thai-buddhist,แรม 8 ค่ำ เดือน 1,1,23,waning,8,
2014-12-21,2014,2557,星期日,wan_phra,泰國佛日,วันพระ,Wan Phra,thai-buddhist,แรม 14 ค่ำ เดือน 1,1,29,waning,14,
2014-12-29,2014,2557,星期一,wan_phra,泰國佛日,วันพระ,Wan Phra,thai-buddhist,ขึ้น 8 ค่ำ เดือน 2,2,8,waxing,8,
2015-01-05,2015,2558,星期一,wan_phra,泰國佛日,วันพระ,Wan Phra,thai-buddhist,ขึ้น 15 ค่ำ เดือน 2,2,15,waxing,15,
2015-01-13,2015,2558,星期二,wan_phra,泰國佛日,วันพระ,Wan Phra,thai-buddhist,แรม 8 ค่ำ เดือน 2,2,23,waning,8,
2015-01-20,2015,2558,星期二,wan_phra,泰國佛日,วันพระ,Wan Phra,thai-buddhist,แรม 15 ค่ำ เดือน 2,2,30,waning,15,
2015-01-28,2015,2558,星期三,wan_phra,泰國佛日,วันพระ,Wan Phra,thai-buddhist,ขึ้น 8 ค่ำ เดือน 3,3,8,waxing,8,
2015-02-04,2015,2558,星期三,wan_phra,泰國佛日,วันพระ,Wan Phra,thai-buddhist,ขึ้น 15 ค่ำ เดือน 3,3,15,waxing,15,
2015-02-12,2015,2558,星期四,wan_phra,泰國佛日,วันพระ,Wan Phra,thai-buddhist,แรม 8 ค่ำ เดือน 3,3,23,waning,8,
2015-02-18,2015,2558,星期三,wan_phra,泰國佛日,วันพระ,Wan Phra,thai-buddhist,แรม 14 ค่ำ เดือน 3,3,29,waning,14,
2015-02-26,2015,2558,星期四,wan_phra,泰國佛日,วันพระ,Wan Phra,thai-buddhist,ขึ้น 8 ค่ำ เดือน 4,4,8,waxing,8,
2015-03-05,2015,2558,星期四,makha_bucha,萬佛節,มาฆบูชา,Makha Bucha,thai-buddhist-major,ขึ้น 15 ค่ำ เดือน 4,4,15,waxing,15,
2015-03-05,2015,2558,星期四,wan_phra,泰國佛日,วันพระ,Wan Phra,thai-buddhist,ขึ้น 15 ค่ำ เดือน 4,4,15,waxing,15,
2015-03-13,2015,2558,星期五,wan_phra,泰國佛日,วันพระ,Wan Phra,thai-buddhist,แรม 8 ค่ำ เดือน 4,4,23,waning,8,
2015-03-20,2015,2558,星期五,wan_phra,泰國佛日,วันพระ,Wan Phra,thai-buddhist,แรม 15 ค่ำ เดือน 4,4,30,waning,15,
2015-03-28,2015,2558,星期六,wan_phra,泰國佛日,วันพระ,Wan Phra,thai-buddhist,ขึ้น 8 ค่ำ เดือน 5,5,8,waxing,8,
2015-04-04,2015,2558,星期六,wan_phra,泰國佛日,วันพระ,Wan Phra,thai-buddhist,ขึ้น 15 ค่ำ เดือน 5,5,15,waxing,15,
2015-04-12,2015,2558,星期日,wan_phra,泰國佛日,วันพระ,Wan Phra,thai-buddhist,แรม 8 ค่ำ เดือน 5,5,23,waning,8,
2015-04-18,2015,2558,星期六,wan_phra,泰國佛日,วันพระ,Wan Phra,thai-buddhist,แรม 14 ค่ำ เดือน 5,5,29,waning,14,
2015-04-26,2015,2558,星期日,wan_phra,泰國佛日,วันพระ,Wan Phra,thai-buddhist,ขึ้น 8 ค่ำ เดือน 6,6,8,waxing,8,
2015-05-03,2015,2558,星期日,wan_phra,泰國佛日,วันพระ,Wan Phra,thai-buddhist,ขึ้น 15 ค่ำ เดือน 6,6,15,waxing,15,
2015-05-11,2015,2558,星期一,wan_phra,泰國佛日,วันพระ,Wan Phra,thai-buddhist,แรม 8 ค่ำ เดือน 6,6,23,waning,8,
2015-05-18,2015,2558,星期一,wan_phra,泰國佛日,วันพระ,Wan Phra,thai-buddhist,แรม 15 ค่ำ เดือน 6,6,30,waning,15,
2015-05-26,2015,2558,星期二,wan_phra,泰國佛日,วันพระ,Wan Phra,thai-buddhist,ขึ้น 8 ค่ำ เดือน 7,7,8,waxing,8,
2015-06-02,2015,2558,星期二,visakha_bucha,衛塞節,วิสาขบูชา,Visakha Bucha,thai-buddhist-major,ขึ้น 15 ค่ำ เดือน 7,7,15,waxing,15,
2015-06-02,2015,2558,星期二,wan_phra,泰國佛日,วันพระ,Wan Phra,thai-buddhist,ขึ้น 15 ค่ำ เดือน 7,7,15,waxing,15,
2015-06-10,2015,2558,星期三,wan_phra,泰國佛日,วันพระ,Wan Phra,thai-buddhist,แรม 8 ค่ำ เดือน 7,7,23,waning,8,
2015-06-16,2015,2558,星期二,wan_phra,泰國佛日,วันพระ,Wan Phra,thai-buddhist,แรม 14 ค่ำ เดือน 7,7,29,waning,14,
2015-06-24,2015,2558,星期三,wan_phra,泰國佛日,วันพระ,Wan Phra,thai-buddhist,ขึ้น 8 ค่ำ เดือน 8,8,8,waxing,8,
2015-07-01,2015,2558,星期三,wan_phra,泰國佛日,วันพระ,Wan Phra,thai-buddhist,ขึ้น 15 ค่ำ เดือน 8,8,15,waxing,15,
2015-07-09,2015,2558,星期四,wan_phra,泰國佛日,วันพระ,Wan Phra,thai-buddhist,แรม 8 ค่ำ เดือน 8,8,23,waning,8,
2015-07-16,2015,2558,星期四,wan_phra,泰國佛日,วันพระ,Wan Phra,thai-buddhist,แรม 15 ค่ำ เดือน 8,8,30,waning,15,
2015-07-24,2015,2558,星期五,wan_phra,泰國佛日,วันพระ,Wan Phra,thai-buddhist,ขึ้น 8 ค่ำ เดือน 88,88,8,waxing,8,
2015-07-31,2015,2558,星期五,wan_phra,泰國佛日,วันพระ,Wan Phra,thai-buddhist,ขึ้น 15 ค่ำ เดือน 88,88,15,waxing,15,
2015-08-01,2015,2558,星期六,khao_phansa,入雨安居,เข้าพรรษา,Khao Phansa,thai-buddhist-major,แรม 1 ค่ำ เดือน 88,88,16,waning,1,
2015-08-08,2015,2558,星期六,wan_phra,泰國佛日,วันพระ,Wan Phra,thai-buddhist,แรม 8 ค่ำ เดือน 88,88,23,waning,8,
2015-08-15,2015,2558,星期六,wan_phra,泰國佛日,วันพระ,Wan Phra,thai-buddhist,แรม 15 ค่ำ เดือน 88,88,30,waning,15,
2015-08-23,2015,2558,星期日,wan_phra,泰國佛日,วันพระ,Wan Phra,thai-buddhist,ขึ้น 8 ค่ำ เดือน 9,9,8,waxing,8,
2015-08-30,2015,2558,星期日,wan_phra,泰國佛日,วันพระ,Wan Phra,thai-buddhist,ขึ้น 15 ค่ำ เดือน 9,9,15,waxing,15,
2015-09-07,2015,2558,星期一,wan_phra,泰國佛日,วันพระ,Wan Phra,thai-buddhist,แรม 8 ค่ำ เดือน 9,9,23,waning,8,
2015-09-13,2015,2558,星期日,wan_phra,泰國佛日,วันพระ,Wan Phra,thai-buddhist,แรม 14 ค่ำ เดือน 9,9,29,waning,14,
2015-09-21,2015,2558,星期一,wan_phra,泰國佛日,วันพระ,Wan Phra,thai-buddhist,ขึ้น 8 ค่ำ เดือน 10,10,8,waxing,8,
2015-09-28,2015,2558,星期一,wan_phra,泰國佛日,วันพระ,Wan Phra,thai-buddhist,ขึ้น 15 ค่ำ เดือน 10,10,15,waxing,15,
2015-10-06,2015,2558,星期二,wan_phra,泰國佛日,วันพระ,Wan Phra,thai-buddhist,แรม 8 ค่ำ เดือน 10,10,23,waning,8,
2015-10-13,2015,2558,星期二,wan_phra,泰國佛日,วันพระ,Wan Phra,thai-buddhist,แรม 15 ค่ำ เดือน 10,10,30,waning,15,
2015-10-21,2015,2558,星期三,wan_phra,泰國佛日,วันพระ,Wan Phra,thai-buddhist,ขึ้น 8 ค่ำ เดือน 11,11,8,waxing,8,
2015-10-28,2015,2558,星期三,ok_phansa,出雨安居,ออกพรรษา,Ok Phansa,thai-buddhist-major,ขึ้น 15 ค่ำ เดือน 11,11,15,waxing,15,
2015-10-28,2015,2558,星期三,wan_phra,泰國佛日,วันพระ,Wan Phra,thai-buddhist,ขึ้น 15 ค่ำ เดือน 11,11,15,waxing,15,
2015-11-05,2015,2558,星期四,wan_phra,泰國佛日,วันพระ,Wan Phra,thai-buddhist,แรม 8 ค่ำ เดือน 11,11,23,waning,8,
2015-11-11,2015,2558,星期三,wan_phra,泰國佛日,วันพระ,Wan Phra,thai-buddhist,แรม 14 ค่ำ เดือน 11,11,29,waning,14,
2015-11-19,2015,2558,星期四,wan_phra,泰國佛日,วันพระ,Wan Phra,thai-buddhist,ขึ้น 8 ค่ำ เดือน 12,12,8,waxing,8,
2015-11-26,2015,2558,星期四,wan_phra,泰國佛日,วันพระ,Wan Phra,thai-buddhist,ขึ้น 15 ค่ำ เดือน 12,12,15,waxing,15,
2015-12-04,2015,2558,星期五,wan_phra,泰國佛日,วันพระ,Wan Phra,thai-buddhist,แรม 8 ค่ำ เดือน 12,12,23,waning,8,
2015-12-11,2015,2558,星期五,wan_phra,泰國佛日,วันพระ,Wan Phra,thai-buddhist,แรม 15 ค่ำ เดือน 12,12,30,waning,15,
2015-12-19,2015,2558,星期六,wan_phra,泰國佛日,วันพระ,Wan Phra,thai-buddhist,ขึ้น 8 ค่ำ เดือน 1,1,8,waxing,8,
2015-12-26,2015,2558,星期六,wan_phra,泰國佛日,วันพระ,Wan Phra,thai-buddhist,ขึ้น 15 ค่ำ เดือน 1,1,15,waxing,15,
2016-01-03,2016,2559,星期日,wan_phra,泰國佛日,วันพระ,Wan Phra,thai-buddhist,แรม 8 ค่ำ เดือน 1,1,23,waning,8,
2016-01-09,2016,2559,星期六,wan_phra,泰國佛日,วันพระ,Wan Phra,thai-buddhist,แรม 14 ค่ำ เดือน 1,1,29,waning,14,
2016-01-17,2016,2559,星期日,wan_phra,泰國佛日,วันพระ,Wan Phra,thai-buddhist,ขึ้น 8 ค่ำ เดือน 2,2,8,waxing,8,
2016-01-24,2016,2559,星期日,wan_phra,泰國佛日,วันพระ,Wan Phra,thai-buddhist,ขึ้น 15 ค่ำ เดือน 2,2,15,waxing,15,
2016-02-01,2016,2559,星期一,wan_phra,泰國佛日,วันพระ,Wan Phra,thai-buddhist,แรม 8 ค่ำ เดือน 2,2,23,waning,8,
2016-02-08,2016,2559,星期一,wan_phra,泰國佛日,วันพระ,Wan Phra,thai-buddhist,แรม 15 ค่ำ เดือน 2,2,30,waning,15,
2016-02-16,2016,2559,星期二,wan_phra,泰國佛日,วันพระ,Wan Phra,thai-buddhist,ขึ้น 8 ค่ำ เดือน 3,3,8,waxing,8,
2016-02-23,2016,2559,星期二,makha_bucha,萬佛節,มาฆบูชา,Makha Bucha,thai-buddhist-major,ขึ้น 15 ค่ำ เดือน 3,3,15,waxing,15,
2016-02-23,2016,2559,星期二,wan_phra,泰國佛日,วันพระ,Wan Phra,thai-buddhist,ขึ้น 15 ค่ำ เดือน 3,3,15,waxing,15,
2016-03-02,2016,2559,星期三,wan_phra,泰國佛日,วันพระ,Wan Phra,thai-buddhist,แรม 8 ค่ำ เดือน 3,3,23,waning,8,
2016-03-08,2016,2559,星期二,wan_phra,泰國佛日,วันพระ,Wan Phra,thai-buddhist,แรม 14 ค่ำ เดือน 3,3,29,waning,14,
2016-03-16,2016,2559,星期三,wan_phra,泰國佛日,วันพระ,Wan Phra,thai-buddhist,ขึ้น 8 ค่ำ เดือน 4,4,8,waxing,8,
2016-03-23,2016,2559,星期三,wan_phra,泰國佛日,วันพระ,Wan Phra,thai-buddhist,ขึ้น 15 ค่ำ เดือน 4,4,15,waxing,15,
2016-03-31,2016,2559,星期四,wan_phra,泰國佛日,วันพระ,Wan Phra,thai-buddhist,แรม 8 ค่ำ เดือน 4,4,23,waning,8,
2016-04-07,2016,2559,星期四,wan_phra,泰國佛日,วันพระ,Wan Phra,thai-buddhist,แรม 15 ค่ำ เดือน 4,4,30,waning,15,
2016-04-15,2016,2559,星期五,wan_phra,泰國佛日,วันพระ,Wan Phra,thai-buddhist,ขึ้น 8 ค่ำ เดือน 5,5,8,waxing,8,
2016-04-22,2016,2559,星期五,wan_phra,泰國佛日,วันพระ,Wan Phra,thai-buddhist,ขึ้น 15 ค่ำ เดือน 5,5,15,waxing,15,
2016-04-30,2016,2559,星期六,wan_phra,泰國佛日,วันพระ,Wan Phra,thai-buddhist,แรม 8 ค่ำ เดือน 5,5,23,waning,8,
2016-05-06,2016,2559,星期五,wan_phra,泰國佛日,วันพระ,Wan Phra,thai-buddhist,แรม 14 ค่ำ เดือน 5,5,29,waning,14,
2016-05-14,2016,2559,星期六,wan_phra,泰國佛日,วันพระ,Wan Phra,thai-buddhist,ขึ้น 8 ค่ำ เดือน 6,6,8,waxing,8,
2016-05-21,2016,2559,星期六,visakha_bucha,衛塞節,วิสาขบูชา,Visakha Bucha,thai-buddhist-major,ขึ้น 15 ค่ำ เดือน 6,6,15,waxing,15,
2016-05-21,2016,2559,星期六,wan_phra,泰國佛日,วันพระ,Wan Phra,thai-buddhist,ขึ้น 15 ค่ำ เดือน 6,6,15,waxing,15,
2016-05-29,2016,2559,星期日,wan_phra,泰國佛日,วันพระ,Wan Phra,thai-buddhist,แรม 8 ค่ำ เดือน 6,6,23,waning,8,
2016-06-05,2016,2559,星期日,wan_phra,泰國佛日,วันพระ,Wan Phra,thai-buddhist,แรม 15 ค่ำ เดือน 6,6,30,waning,15,
2016-06-13,2016,2559,星期一,wan_phra,泰國佛日,วันพระ,Wan Phra,thai-buddhist,ขึ้น 8 ค่ำ เดือน 7,7,8,waxing,8,
2016-06-20,2016,2559,星期一,wan_phra,泰國佛日,วันพระ,Wan Phra,thai-buddhist,ขึ้น 15 ค่ำ เดือน 7,7,15,waxing,15,
2016-06-28,2016,2559,星期二,wan_phra,泰國佛日,วันพระ,Wan Phra,thai-buddhist,แรม 8 ค่ำ เดือน 7,7,23,waning,8,
2016-07-04,2016,2559,星期一,wan_phra,泰國佛日,วันพระ,Wan Phra,thai-buddhist,แรม 14 ค่ำ เดือน 7,7,29,waning,14,
2016-07-12,2016,2559,星期二,wan_phra,泰國佛日,วันพระ,Wan Phra,thai-buddhist,ขึ้น 8 ค่ำ เดือน 8,8,8,waxing,8,
2016-07-19,2016,2559,星期二,wan_phra,泰國佛日,วันพระ,Wan Phra,thai-buddhist,ขึ้น 15 ค่ำ เดือน 8,8,15,waxing,15,
2016-07-20,2016,2559,星期三,khao_phansa,入雨安居,เข้าพรรษา,Khao Phansa,thai-buddhist-major,แรม 1 ค่ำ เดือน 8,8,16,waning,1,
2016-07-27,2016,2559,星期三,wan_phra,泰國佛日,วันพระ,Wan Phra,thai-buddhist,แรม 8 ค่ำ เดือน 8,8,23,waning,8,
2016-08-03,2016,2559,星期三,wan_phra,泰國佛日,วันพระ,Wan Phra,thai-buddhist,แรม 15 ค่ำ เดือน 8,8,30,waning,15,
2016-08-11,2016,2559,星期四,wan_phra,泰國佛日,วันพระ,Wan Phra,thai-buddhist,ขึ้น 8 ค่ำ เดือน 9,9,8,waxing,8,
2016-08-18,2016,2559,星期四,wan_phra,泰國佛日,วันพระ,Wan Phra,thai-buddhist,ขึ้น 15 ค่ำ เดือน 9,9,15,waxing,15,
2016-08-26,2016,2559,星期五,wan_phra,泰國佛日,วันพระ,Wan Phra,thai-buddhist,แรม 8 ค่ำ เดือน 9,9,23,waning,8,
2016-09-01,2016,2559,星期四,wan_phra,泰國佛日,วันพระ,Wan Phra,thai-buddhist,แรม 14 ค่ำ เดือน 9,9,29,waning,14,
2016-09-09,2016,2559,星期五,wan_phra,泰國佛日,วันพระ,Wan Phra,thai-buddhist,ขึ้น 8 ค่ำ เดือน 10,10,8,waxing,8,
2016-09-16,2016,2559,星期五,wan_phra,泰國佛日,วันพระ,Wan Phra,thai-buddhist,ขึ้น 15 ค่ำ เดือน 10,10,15,waxing,15,
2016-09-24,2016,2559,星期六,wan_phra,泰國佛日,วันพระ,Wan Phra,thai-buddhist,แรม 8 ค่ำ เดือน 10,10,23,waning,8,
2016-10-01,2016,2559,星期六,wan_phra,泰國佛日,วันพระ,Wan Phra,thai-buddhist,แรม 15 ค่ำ เดือน 10,10,30,waning,15,
2016-10-09,2016,2559,星期日,wan_phra,泰國佛日,วันพระ,Wan Phra,thai-buddhist,ขึ้น 8 ค่ำ เดือน 11,11,8,waxing,8,
2016-10-16,2016,2559,星期日,ok_phansa,出雨安居,ออกพรรษา,Ok Phansa,thai-buddhist-major,ขึ้น 15 ค่ำ เดือน 11,11,15,waxing,15,
2016-10-16,2016,2559,星期日,wan_phra,泰國佛日,วันพระ,Wan Phra,thai-buddhist,ขึ้น 15 ค่ำ เดือน 11,11,15,waxing,15,
2016-10-24,2016,2559,星期一,wan_phra,泰國佛日,วันพระ,Wan Phra,thai-buddhist,แรม 8 ค่ำ เดือน 11,11,23,waning,8,
2016-10-30,2016,2559,星期日,wan_phra,泰國佛日,วันพระ,Wan Phra,thai-buddhist,แรม 14 ค่ำ เดือน 11,11,29,waning,14,
2016-11-07,2016,2559,星期一,wan_phra,泰國佛日,วันพระ,Wan Phra,thai-buddhist,ขึ้น 8 ค่ำ เดือน 12,12,8,waxing,8,
2016-11-14,2016,2559,星期一,wan_phra,泰國佛日,วันพระ,Wan Phra,thai-buddhist,ขึ้น 15 ค่ำ เดือน 12,12,15,waxing,15,
2016-11-22,2016,2559,星期二,wan_phra,泰國佛日,วันพระ,Wan Phra,thai-buddhist,แรม 8 ค่ำ เดือน 12,12,23,waning,8,
2016-11-29,2016,2559,星期二,wan_phra,泰國佛日,วันพระ,Wan Phra,thai-buddhist,แรม 15 ค่ำ เดือน 12,12,30,waning,15,
2016-12-07,2016,2559,星期三,wan_phra,泰國佛日,วันพระ,Wan Phra,thai-buddhist,ขึ้น 8 ค่ำ เดือน 1,1,8,waxing,8,
2016-12-14,2016,2559,星期三,wan_phra,泰國佛日,วันพระ,Wan Phra,thai-buddhist,ขึ้น 15 ค่ำ เดือน 1,1,15,waxing,15,
2016-12-22,2016,2559,星期四,wan_phra,泰國佛日,วันพระ,Wan Phra,thai-buddhist,แรม 8 ค่ำ เดือน 1,1,23,waning,8,
2016-12-28,2016,2559,星期三,wan_phra,泰國佛日,วันพระ,Wan Phra,thai-buddhist,แรม 14 ค่ำ เดือน 1,1,29,waning,14,
2017-01-05,2017,2560,星期四,wan_phra,泰國佛日,วันพระ,Wan Phra,thai-buddhist,ขึ้น 8 ค่ำ เดือน 2,2,8,waxing,8,
2017-01-12,2017,2560,星期四,wan_phra,泰國佛日,วันพระ,Wan Phra,thai-buddhist,ขึ้น 15 ค่ำ เดือน 2,2,15,waxing,15,
2017-01-20,2017,2560,星期五,wan_phra,泰國佛日,วันพระ,Wan Phra,thai-buddhist,แรม 8 ค่ำ เดือน 2,2,23,waning,8,
2017-01-27,2017,2560,星期五,wan_phra,泰國佛日,วันพระ,Wan Phra,thai-buddhist,แรม 15 ค่ำ เดือน 2,2,30,waning,15,
2017-02-04,2017,2560,星期六,wan_phra,泰國佛日,วันพระ,Wan Phra,thai-buddhist,ขึ้น 8 ค่ำ เดือน 3,3,8,waxing,8,
2017-02-11,2017,2560,星期六,makha_bucha,萬佛節,มาฆบูชา,Makha Bucha,thai-buddhist-major,ขึ้น 15 ค่ำ เดือน 3,3,15,waxing,15,
2017-02-11,2017,2560,星期六,wan_phra,泰國佛日,วันพระ,Wan Phra,thai-buddhist,ขึ้น 15 ค่ำ เดือน 3,3,15,waxing,15,
2017-02-19,2017,2560,星期日,wan_phra,泰國佛日,วันพระ,Wan Phra,thai-buddhist,แรม 8 ค่ำ เดือน 3,3,23,waning,8,
2017-02-25,2017,2560,星期六,wan_phra,泰國佛日,วันพระ,Wan Phra,thai-buddhist,แรม 14 ค่ำ เดือน 3,3,29,waning,14,
2017-03-05,2017,2560,星期日,wan_phra,泰國佛日,วันพระ,Wan Phra,thai-buddhist,ขึ้น 8 ค่ำ เดือน 4,4,8,waxing,8,
2017-03-12,2017,2560,星期日,wan_phra,泰國佛日,วันพระ,Wan Phra,thai-buddhist,ขึ้น 15 ค่ำ เดือน 4,4,15,waxing,15,
2017-03-20,2017,2560,星期一,wan_phra,泰國佛日,วันพระ,Wan Phra,thai-buddhist,แรม 8 ค่ำ เดือน 4,4,23,waning,8,
2017-03-27,2017,2560,星期一,wan_phra,泰國佛日,วันพระ,Wan Phra,thai-buddhist,แรม 15 ค่ำ เดือน 4,4,30,waning,15,
2017-04-01,2017,2560,星期六,sao_ha_candidate,騷哈日候選 / 稍哈日候選,เสาร์ 5,Sao Ha candidate,thai-amulet-auspicious-day,ขึ้น 5 ค่ำ เดือน 5,5,5,waxing,5,按規則產生：星期六 + 泰國陰曆 5 月 + ขึ้น 5 ค่ำ 或 แรม 5 ค่ำ。未做人工作法會或高僧認定。
2017-04-04,2017,2560,星期二,wan_phra,泰國佛日,วันพระ,Wan Phra,thai-buddhist,ขึ้น 8 ค่ำ เดือน 5,5,8,waxing,8,
2017-04-11,2017,2560,星期二,wan_phra,泰國佛日,วันพระ,Wan Phra,thai-buddhist,ขึ้น 15 ค่ำ เดือน 5,5,15,waxing,15,
2017-04-19,2017,2560,星期三,wan_phra,泰國佛日,วันพระ,Wan Phra,thai-buddhist,แรม 8 ค่ำ เดือน 5,5,23,waning,8,
2017-04-25,2017,2560,星期二,wan_phra,泰國佛日,วันพระ,Wan Phra,thai-buddhist,แรม 14 ค่ำ เดือน 5,5,29,waning,14,
2017-05-03,2017,2560,星期三,wan_phra,泰國佛日,วันพระ,Wan Phra,thai-buddhist,ขึ้น 8 ค่ำ เดือน 6,6,8,waxing,8,
2017-05-10,2017,2560,星期三,visakha_bucha,衛塞節,วิสาขบูชา,Visakha Bucha,thai-buddhist-major,ขึ้น 15 ค่ำ เดือน 6,6,15,waxing,15,
2017-05-10,2017,2560,星期三,wan_phra,泰國佛日,วันพระ,Wan Phra,thai-buddhist,ขึ้น 15 ค่ำ เดือน 6,6,15,waxing,15,
2017-05-18,2017,2560,星期四,wan_phra,泰國佛日,วันพระ,Wan Phra,thai-buddhist,แรม 8 ค่ำ เดือน 6,6,23,waning,8,
2017-05-25,2017,2560,星期四,wan_phra,泰國佛日,วันพระ,Wan Phra,thai-buddhist,แรม 15 ค่ำ เดือน 6,6,30,waning,15,
2017-06-02,2017,2560,星期五,wan_phra,泰國佛日,วันพระ,Wan Phra,thai-buddhist,ขึ้น 8 ค่ำ เดือน 7,7,8,waxing,8,
2017-06-09,2017,2560,星期五,wan_phra,泰國佛日,วันพระ,Wan Phra,thai-buddhist,ขึ้น 15 ค่ำ เดือน 7,7,15,waxing,15,
2017-06-17,2017,2560,星期六,wan_phra,泰國佛日,วันพระ,Wan Phra,thai-buddhist,แรม 8 ค่ำ เดือน 7,7,23,waning,8,
2017-06-23,2017,2560,星期五,wan_phra,泰國佛日,วันพระ,Wan Phra,thai-buddhist,แรม 14 ค่ำ เดือน 7,7,29,waning,14,
2017-07-01,2017,2560,星期六,wan_phra,泰國佛日,วันพระ,Wan Phra,thai-buddhist,ขึ้น 8 ค่ำ เดือน 8,8,8,waxing,8,
2017-07-08,2017,2560,星期六,wan_phra,泰國佛日,วันพระ,Wan Phra,thai-buddhist,ขึ้น 15 ค่ำ เดือน 8,8,15,waxing,15,
2017-07-09,2017,2560,星期日,khao_phansa,入雨安居,เข้าพรรษา,Khao Phansa,thai-buddhist-major,แรม 1 ค่ำ เดือน 8,8,16,waning,1,
2017-07-16,2017,2560,星期日,wan_phra,泰國佛日,วันพระ,Wan Phra,thai-buddhist,แรม 8 ค่ำ เดือน 8,8,23,waning,8,
2017-07-23,2017,2560,星期日,wan_phra,泰國佛日,วันพระ,Wan Phra,thai-buddhist,แรม 15 ค่ำ เดือน 8,8,30,waning,15,
2017-07-31,2017,2560,星期一,wan_phra,泰國佛日,วันพระ,Wan Phra,thai-buddhist,ขึ้น 8 ค่ำ เดือน 9,9,8,waxing,8,
2017-08-07,2017,2560,星期一,wan_phra,泰國佛日,วันพระ,Wan Phra,thai-buddhist,ขึ้น 15 ค่ำ เดือน 9,9,15,waxing,15,
2017-08-15,2017,2560,星期二,wan_phra,泰國佛日,วันพระ,Wan Phra,thai-buddhist,แรม 8 ค่ำ เดือน 9,9,23,waning,8,
2017-08-21,2017,2560,星期一,wan_phra,泰國佛日,วันพระ,Wan Phra,thai-buddhist,แรม 14 ค่ำ เดือน 9,9,29,waning,14,
2017-08-29,2017,2560,星期二,wan_phra,泰國佛日,วันพระ,Wan Phra,thai-buddhist,ขึ้น 8 ค่ำ เดือน 10,10,8,waxing,8,
2017-09-05,2017,2560,星期二,wan_phra,泰國佛日,วันพระ,Wan Phra,thai-buddhist,ขึ้น 15 ค่ำ เดือน 10,10,15,waxing,15,
2017-09-13,2017,2560,星期三,wan_phra,泰國佛日,วันพระ,Wan Phra,thai-buddhist,แรม 8 ค่ำ เดือน 10,10,23,waning,8,
2017-09-20,2017,2560,星期三,wan_phra,泰國佛日,วันพระ,Wan Phra,thai-buddhist,แรม 15 ค่ำ เดือน 10,10,30,waning,15,
2017-09-28,2017,2560,星期四,wan_phra,泰國佛日,วันพระ,Wan Phra,thai-buddhist,ขึ้น 8 ค่ำ เดือน 11,11,8,waxing,8,
2017-10-05,2017,2560,星期四,ok_phansa,出雨安居,ออกพรรษา,Ok Phansa,thai-buddhist-major,ขึ้น 15 ค่ำ เดือน 11,11,15,waxing,15,
2017-10-05,2017,2560,星期四,wan_phra,泰國佛日,วันพระ,Wan Phra,thai-buddhist,ขึ้น 15 ค่ำ เดือน 11,11,15,waxing,15,
2017-10-13,2017,2560,星期五,wan_phra,泰國佛日,วันพระ,Wan Phra,thai-buddhist,แรม 8 ค่ำ เดือน 11,11,23,waning,8,
2017-10-19,2017,2560,星期四,wan_phra,泰國佛日,วันพระ,Wan Phra,thai-buddhist,แรม 14 ค่ำ เดือน 11,11,29,waning,14,
2017-10-27,2017,2560,星期五,wan_phra,泰國佛日,วันพระ,Wan Phra,thai-buddhist,ขึ้น 8 ค่ำ เดือน 12,12,8,waxing,8,
2017-11-03,2017,2560,星期五,wan_phra,泰國佛日,วันพระ,Wan Phra,thai-buddhist,ขึ้น 15 ค่ำ เดือน 12,12,15,waxing,15,
2017-11-11,2017,2560,星期六,wan_phra,泰國佛日,วันพระ,Wan Phra,thai-buddhist,แรม 8 ค่ำ เดือน 12,12,23,waning,8,
2017-11-18,2017,2560,星期六,wan_phra,泰國佛日,วันพระ,Wan Phra,thai-buddhist,แรม 15 ค่ำ เดือน 12,12,30,waning,15,
2017-11-26,2017,2560,星期日,wan_phra,泰國佛日,วันพระ,Wan Phra,thai-buddhist,ขึ้น 8 ค่ำ เดือน 1,1,8,waxing,8,
2017-12-03,2017,2560,星期日,wan_phra,泰國佛日,วันพระ,Wan Phra,thai-buddhist,ขึ้น 15 ค่ำ เดือน 1,1,15,waxing,15,
2017-12-11,2017,2560,星期一,wan_phra,泰國佛日,วันพระ,Wan Phra,thai-buddhist,แรม 8 ค่ำ เดือน 1,1,23,waning,8,
2017-12-17,2017,2560,星期日,wan_phra,泰國佛日,วันพระ,Wan Phra,thai-buddhist,แรม 14 ค่ำ เดือน 1,1,29,waning,14,
2017-12-25,2017,2560,星期一,wan_phra,泰國佛日,วันพระ,Wan Phra,thai-buddhist,ขึ้น 8 ค่ำ เดือน 2,2,8,waxing,8,
2018-01-01,2018,2561,星期一,wan_phra,泰國佛日,วันพระ,Wan Phra,thai-buddhist,ขึ้น 15 ค่ำ เดือน 2,2,15,waxing,15,
2018-01-09,2018,2561,星期二,wan_phra,泰國佛日,วันพระ,Wan Phra,thai-buddhist,แรม 8 ค่ำ เดือน 2,2,23,waning,8,
2018-01-16,2018,2561,星期二,wan_phra,泰國佛日,วันพระ,Wan Phra,thai-buddhist,แรม 15 ค่ำ เดือน 2,2,30,waning,15,
2018-01-24,2018,2561,星期三,wan_phra,泰國佛日,วันพระ,Wan Phra,thai-buddhist,ขึ้น 8 ค่ำ เดือน 3,3,8,waxing,8,
2018-01-31,2018,2561,星期三,wan_phra,泰國佛日,วันพระ,Wan Phra,thai-buddhist,ขึ้น 15 ค่ำ เดือน 3,3,15,waxing,15,
2018-02-08,2018,2561,星期四,wan_phra,泰國佛日,วันพระ,Wan Phra,thai-buddhist,แรม 8 ค่ำ เดือน 3,3,23,waning,8,
2018-02-14,2018,2561,星期三,wan_phra,泰國佛日,วันพระ,Wan Phra,thai-buddhist,แรม 14 ค่ำ เดือน 3,3,29,waning,14,
2018-02-22,2018,2561,星期四,wan_phra,泰國佛日,วันพระ,Wan Phra,thai-buddhist,ขึ้น 8 ค่ำ เดือน 4,4,8,waxing,8,
2018-03-01,2018,2561,星期四,makha_bucha,萬佛節,มาฆบูชา,Makha Bucha,thai-buddhist-major,ขึ้น 15 ค่ำ เดือน 4,4,15,waxing,15,
2018-03-01,2018,2561,星期四,wan_phra,泰國佛日,วันพระ,Wan Phra,thai-buddhist,ขึ้น 15 ค่ำ เดือน 4,4,15,waxing,15,
2018-03-09,2018,2561,星期五,wan_phra,泰國佛日,วันพระ,Wan Phra,thai-buddhist,แรม 8 ค่ำ เดือน 4,4,23,waning,8,
2018-03-16,2018,2561,星期五,wan_phra,泰國佛日,วันพระ,Wan Phra,thai-buddhist,แรม 15 ค่ำ เดือน 4,4,30,waning,15,
2018-03-24,2018,2561,星期六,wan_phra,泰國佛日,วันพระ,Wan Phra,thai-buddhist,ขึ้น 8 ค่ำ เดือน 5,5,8,waxing,8,
2018-03-31,2018,2561,星期六,wan_phra,泰國佛日,วันพระ,Wan Phra,thai-buddhist,ขึ้น 15 ค่ำ เดือน 5,5,15,waxing,15,
2018-04-08,2018,2561,星期日,wan_phra,泰國佛日,วันพระ,Wan Phra,thai-buddhist,แรม 8 ค่ำ เดือน 5,5,23,waning,8,
2018-04-14,2018,2561,星期六,wan_phra,泰國佛日,วันพระ,Wan Phra,thai-buddhist,แรม 14 ค่ำ เดือน 5,5,29,waning,14,
2018-04-22,2018,2561,星期日,wan_phra,泰國佛日,วันพระ,Wan Phra,thai-buddhist,ขึ้น 8 ค่ำ เดือน 6,6,8,waxing,8,
2018-04-29,2018,2561,星期日,wan_phra,泰國佛日,วันพระ,Wan Phra,thai-buddhist,ขึ้น 15 ค่ำ เดือน 6,6,15,waxing,15,
2018-05-07,2018,2561,星期一,wan_phra,泰國佛日,วันพระ,Wan Phra,thai-buddhist,แรม 8 ค่ำ เดือน 6,6,23,waning,8,
2018-05-14,2018,2561,星期一,wan_phra,泰國佛日,วันพระ,Wan Phra,thai-buddhist,แรม 15 ค่ำ เดือน 6,6,30,waning,15,
2018-05-22,2018,2561,星期二,wan_phra,泰國佛日,วันพระ,Wan Phra,thai-buddhist,ขึ้น 8 ค่ำ เดือน 7,7,8,waxing,8,
2018-05-29,2018,2561,星期二,visakha_bucha,衛塞節,วิสาขบูชา,Visakha Bucha,thai-buddhist-major,ขึ้น 15 ค่ำ เดือน 7,7,15,waxing,15,
2018-05-29,2018,2561,星期二,wan_phra,泰國佛日,วันพระ,Wan Phra,thai-buddhist,ขึ้น 15 ค่ำ เดือน 7,7,15,waxing,15,
2018-06-06,2018,2561,星期三,wan_phra,泰國佛日,วันพระ,Wan Phra,thai-buddhist,แรม 8 ค่ำ เดือน 7,7,23,waning,8,
2018-06-12,2018,2561,星期二,wan_phra,泰國佛日,วันพระ,Wan Phra,thai-buddhist,แรม 14 ค่ำ เดือน 7,7,29,waning,14,
2018-06-20,2018,2561,星期三,wan_phra,泰國佛日,วันพระ,Wan Phra,thai-buddhist,ขึ้น 8 ค่ำ เดือน 8,8,8,waxing,8,
2018-06-27,2018,2561,星期三,wan_phra,泰國佛日,วันพระ,Wan Phra,thai-buddhist,ขึ้น 15 ค่ำ เดือน 8,8,15,waxing,15,
2018-07-05,2018,2561,星期四,wan_phra,泰國佛日,วันพระ,Wan Phra,thai-buddhist,แรม 8 ค่ำ เดือน 8,8,23,waning,8,
2018-07-12,2018,2561,星期四,wan_phra,泰國佛日,วันพระ,Wan Phra,thai-buddhist,แรม 15 ค่ำ เดือน 8,8,30,waning,15,
2018-07-20,2018,2561,星期五,wan_phra,泰國佛日,วันพระ,Wan Phra,thai-buddhist,ขึ้น 8 ค่ำ เดือน 88,88,8,waxing,8,
2018-07-27,2018,2561,星期五,wan_phra,泰國佛日,วันพระ,Wan Phra,thai-buddhist,ขึ้น 15 ค่ำ เดือน 88,88,15,waxing,15,
2018-07-28,2018,2561,星期六,khao_phansa,入雨安居,เข้าพรรษา,Khao Phansa,thai-buddhist-major,แรม 1 ค่ำ เดือน 88,88,16,waning,1,
2018-08-04,2018,2561,星期六,wan_phra,泰國佛日,วันพระ,Wan Phra,thai-buddhist,แรม 8 ค่ำ เดือน 88,88,23,waning,8,
2018-08-11,2018,2561,星期六,wan_phra,泰國佛日,วันพระ,Wan Phra,thai-buddhist,แรม 15 ค่ำ เดือน 88,88,30,waning,15,
2018-08-19,2018,2561,星期日,wan_phra,泰國佛日,วันพระ,Wan Phra,thai-buddhist,ขึ้น 8 ค่ำ เดือน 9,9,8,waxing,8,
2018-08-26,2018,2561,星期日,wan_phra,泰國佛日,วันพระ,Wan Phra,thai-buddhist,ขึ้น 15 ค่ำ เดือน 9,9,15,waxing,15,
2018-09-03,2018,2561,星期一,wan_phra,泰國佛日,วันพระ,Wan Phra,thai-buddhist,แรม 8 ค่ำ เดือน 9,9,23,waning,8,
2018-09-09,2018,2561,星期日,wan_phra,泰國佛日,วันพระ,Wan Phra,thai-buddhist,แรม 14 ค่ำ เดือน 9,9,29,waning,14,
2018-09-17,2018,2561,星期一,wan_phra,泰國佛日,วันพระ,Wan Phra,thai-buddhist,ขึ้น 8 ค่ำ เดือน 10,10,8,waxing,8,
2018-09-24,2018,2561,星期一,wan_phra,泰國佛日,วันพระ,Wan Phra,thai-buddhist,ขึ้น 15 ค่ำ เดือน 10,10,15,waxing,15,
2018-10-02,2018,2561,星期二,wan_phra,泰國佛日,วันพระ,Wan Phra,thai-buddhist,แรม 8 ค่ำ เดือน 10,10,23,waning,8,
2018-10-09,2018,2561,星期二,wan_phra,泰國佛日,วันพระ,Wan Phra,thai-buddhist,แรม 15 ค่ำ เดือน 10,10,30,waning,15,
2018-10-17,2018,2561,星期三,wan_phra,泰國佛日,วันพระ,Wan Phra,thai-buddhist,ขึ้น 8 ค่ำ เดือน 11,11,8,waxing,8,
2018-10-24,2018,2561,星期三,ok_phansa,出雨安居,ออกพรรษา,Ok Phansa,thai-buddhist-major,ขึ้น 15 ค่ำ เดือน 11,11,15,waxing,15,
2018-10-24,2018,2561,星期三,wan_phra,泰國佛日,วันพระ,Wan Phra,thai-buddhist,ขึ้น 15 ค่ำ เดือน 11,11,15,waxing,15,
2018-11-01,2018,2561,星期四,wan_phra,泰國佛日,วันพระ,Wan Phra,thai-buddhist,แรม 8 ค่ำ เดือน 11,11,23,waning,8,
2018-11-07,2018,2561,星期三,wan_phra,泰國佛日,วันพระ,Wan Phra,thai-buddhist,แรม 14 ค่ำ เดือน 11,11,29,waning,14,
2018-11-15,2018,2561,星期四,wan_phra,泰國佛日,วันพระ,Wan Phra,thai-buddhist,ขึ้น 8 ค่ำ เดือน 12,12,8,waxing,8,
2018-11-22,2018,2561,星期四,wan_phra,泰國佛日,วันพระ,Wan Phra,thai-buddhist,ขึ้น 15 ค่ำ เดือน 12,12,15,waxing,15,
2018-11-30,2018,2561,星期五,wan_phra,泰國佛日,วันพระ,Wan Phra,thai-buddhist,แรม 8 ค่ำ เดือน 12,12,23,waning,8,
2018-12-07,2018,2561,星期五,wan_phra,泰國佛日,วันพระ,Wan Phra,thai-buddhist,แรม 15 ค่ำ เดือน 12,12,30,waning,15,
2018-12-15,2018,2561,星期六,wan_phra,泰國佛日,วันพระ,Wan Phra,thai-buddhist,ขึ้น 8 ค่ำ เดือน 1,1,8,waxing,8,
2018-12-22,2018,2561,星期六,wan_phra,泰國佛日,วันพระ,Wan Phra,thai-buddhist,ขึ้น 15 ค่ำ เดือน 1,1,15,waxing,15,
2018-12-30,2018,2561,星期日,wan_phra,泰國佛日,วันพระ,Wan Phra,thai-buddhist,แรม 8 ค่ำ เดือน 1,1,23,waning,8,
2019-01-05,2019,2562,星期六,wan_phra,泰國佛日,วันพระ,Wan Phra,thai-buddhist,แรม 14 ค่ำ เดือน 1,1,29,waning,14,
2019-01-13,2019,2562,星期日,wan_phra,泰國佛日,วันพระ,Wan Phra,thai-buddhist,ขึ้น 8 ค่ำ เดือน 2,2,8,waxing,8,
2019-01-20,2019,2562,星期日,wan_phra,泰國佛日,วันพระ,Wan Phra,thai-buddhist,ขึ้น 15 ค่ำ เดือน 2,2,15,waxing,15,
2019-01-28,2019,2562,星期一,wan_phra,泰國佛日,วันพระ,Wan Phra,thai-buddhist,แรม 8 ค่ำ เดือน 2,2,23,waning,8,
2019-02-04,2019,2562,星期一,wan_phra,泰國佛日,วันพระ,Wan Phra,thai-buddhist,แรม 15 ค่ำ เดือน 2,2,30,waning,15,
2019-02-12,2019,2562,星期二,wan_phra,泰國佛日,วันพระ,Wan Phra,thai-buddhist,ขึ้น 8 ค่ำ เดือน 3,3,8,waxing,8,
2019-02-19,2019,2562,星期二,makha_bucha,萬佛節,มาฆบูชา,Makha Bucha,thai-buddhist-major,ขึ้น 15 ค่ำ เดือน 3,3,15,waxing,15,
2019-02-19,2019,2562,星期二,wan_phra,泰國佛日,วันพระ,Wan Phra,thai-buddhist,ขึ้น 15 ค่ำ เดือน 3,3,15,waxing,15,
2019-02-27,2019,2562,星期三,wan_phra,泰國佛日,วันพระ,Wan Phra,thai-buddhist,แรม 8 ค่ำ เดือน 3,3,23,waning,8,
2019-03-05,2019,2562,星期二,wan_phra,泰國佛日,วันพระ,Wan Phra,thai-buddhist,แรม 14 ค่ำ เดือน 3,3,29,waning,14,
2019-03-13,2019,2562,星期三,wan_phra,泰國佛日,วันพระ,Wan Phra,thai-buddhist,ขึ้น 8 ค่ำ เดือน 4,4,8,waxing,8,
2019-03-20,2019,2562,星期三,wan_phra,泰國佛日,วันพระ,Wan Phra,thai-buddhist,ขึ้น 15 ค่ำ เดือน 4,4,15,waxing,15,
2019-03-28,2019,2562,星期四,wan_phra,泰國佛日,วันพระ,Wan Phra,thai-buddhist,แรม 8 ค่ำ เดือน 4,4,23,waning,8,
2019-04-04,2019,2562,星期四,wan_phra,泰國佛日,วันพระ,Wan Phra,thai-buddhist,แรม 15 ค่ำ เดือน 4,4,30,waning,15,
2019-04-12,2019,2562,星期五,wan_phra,泰國佛日,วันพระ,Wan Phra,thai-buddhist,ขึ้น 8 ค่ำ เดือน 5,5,8,waxing,8,
2019-04-19,2019,2562,星期五,wan_phra,泰國佛日,วันพระ,Wan Phra,thai-buddhist,ขึ้น 15 ค่ำ เดือน 5,5,15,waxing,15,
2019-04-27,2019,2562,星期六,wan_phra,泰國佛日,วันพระ,Wan Phra,thai-buddhist,แรม 8 ค่ำ เดือน 5,5,23,waning,8,
2019-05-03,2019,2562,星期五,wan_phra,泰國佛日,วันพระ,Wan Phra,thai-buddhist,แรม 14 ค่ำ เดือน 5,5,29,waning,14,
2019-05-11,2019,2562,星期六,wan_phra,泰國佛日,วันพระ,Wan Phra,thai-buddhist,ขึ้น 8 ค่ำ เดือน 6,6,8,waxing,8,
2019-05-18,2019,2562,星期六,visakha_bucha,衛塞節,วิสาขบูชา,Visakha Bucha,thai-buddhist-major,ขึ้น 15 ค่ำ เดือน 6,6,15,waxing,15,
2019-05-18,2019,2562,星期六,wan_phra,泰國佛日,วันพระ,Wan Phra,thai-buddhist,ขึ้น 15 ค่ำ เดือน 6,6,15,waxing,15,
2019-05-26,2019,2562,星期日,wan_phra,泰國佛日,วันพระ,Wan Phra,thai-buddhist,แรม 8 ค่ำ เดือน 6,6,23,waning,8,
2019-06-02,2019,2562,星期日,wan_phra,泰國佛日,วันพระ,Wan Phra,thai-buddhist,แรม 15 ค่ำ เดือน 6,6,30,waning,15,
2019-06-10,2019,2562,星期一,wan_phra,泰國佛日,วันพระ,Wan Phra,thai-buddhist,ขึ้น 8 ค่ำ เดือน 7,7,8,waxing,8,
2019-06-17,2019,2562,星期一,wan_phra,泰國佛日,วันพระ,Wan Phra,thai-buddhist,ขึ้น 15 ค่ำ เดือน 7,7,15,waxing,15,
2019-06-25,2019,2562,星期二,wan_phra,泰國佛日,วันพระ,Wan Phra,thai-buddhist,แรม 8 ค่ำ เดือน 7,7,23,waning,8,
2019-07-01,2019,2562,星期一,wan_phra,泰國佛日,วันพระ,Wan Phra,thai-buddhist,แรม 14 ค่ำ เดือน 7,7,29,waning,14,
2019-07-09,2019,2562,星期二,wan_phra,泰國佛日,วันพระ,Wan Phra,thai-buddhist,ขึ้น 8 ค่ำ เดือน 8,8,8,waxing,8,
2019-07-16,2019,2562,星期二,wan_phra,泰國佛日,วันพระ,Wan Phra,thai-buddhist,ขึ้น 15 ค่ำ เดือน 8,8,15,waxing,15,
2019-07-17,2019,2562,星期三,khao_phansa,入雨安居,เข้าพรรษา,Khao Phansa,thai-buddhist-major,แรม 1 ค่ำ เดือน 8,8,16,waning,1,
2019-07-24,2019,2562,星期三,wan_phra,泰國佛日,วันพระ,Wan Phra,thai-buddhist,แรม 8 ค่ำ เดือน 8,8,23,waning,8,
2019-07-31,2019,2562,星期三,wan_phra,泰國佛日,วันพระ,Wan Phra,thai-buddhist,แรม 15 ค่ำ เดือน 8,8,30,waning,15,
2019-08-08,2019,2562,星期四,wan_phra,泰國佛日,วันพระ,Wan Phra,thai-buddhist,ขึ้น 8 ค่ำ เดือน 9,9,8,waxing,8,
2019-08-15,2019,2562,星期四,wan_phra,泰國佛日,วันพระ,Wan Phra,thai-buddhist,ขึ้น 15 ค่ำ เดือน 9,9,15,waxing,15,
2019-08-23,2019,2562,星期五,wan_phra,泰國佛日,วันพระ,Wan Phra,thai-buddhist,แรม 8 ค่ำ เดือน 9,9,23,waning,8,
2019-08-29,2019,2562,星期四,wan_phra,泰國佛日,วันพระ,Wan Phra,thai-buddhist,แรม 14 ค่ำ เดือน 9,9,29,waning,14,
2019-09-06,2019,2562,星期五,wan_phra,泰國佛日,วันพระ,Wan Phra,thai-buddhist,ขึ้น 8 ค่ำ เดือน 10,10,8,waxing,8,
2019-09-13,2019,2562,星期五,wan_phra,泰國佛日,วันพระ,Wan Phra,thai-buddhist,ขึ้น 15 ค่ำ เดือน 10,10,15,waxing,15,
2019-09-21,2019,2562,星期六,wan_phra,泰國佛日,วันพระ,Wan Phra,thai-buddhist,แรม 8 ค่ำ เดือน 10,10,23,waning,8,
2019-09-28,2019,2562,星期六,wan_phra,泰國佛日,วันพระ,Wan Phra,thai-buddhist,แรม 15 ค่ำ เดือน 10,10,30,waning,15,
2019-10-06,2019,2562,星期日,wan_phra,泰國佛日,วันพระ,Wan Phra,thai-buddhist,ขึ้น 8 ค่ำ เดือน 11,11,8,waxing,8,
2019-10-13,2019,2562,星期日,ok_phansa,出雨安居,ออกพรรษา,Ok Phansa,thai-buddhist-major,ขึ้น 15 ค่ำ เดือน 11,11,15,waxing,15,
2019-10-13,2019,2562,星期日,wan_phra,泰國佛日,วันพระ,Wan Phra,thai-buddhist,ขึ้น 15 ค่ำ เดือน 11,11,15,waxing,15,
2019-10-21,2019,2562,星期一,wan_phra,泰國佛日,วันพระ,Wan Phra,thai-buddhist,แรม 8 ค่ำ เดือน 11,11,23,waning,8,
2019-10-27,2019,2562,星期日,wan_phra,泰國佛日,วันพระ,Wan Phra,thai-buddhist,แรม 14 ค่ำ เดือน 11,11,29,waning,14,
2019-11-04,2019,2562,星期一,wan_phra,泰國佛日,วันพระ,Wan Phra,thai-buddhist,ขึ้น 8 ค่ำ เดือน 12,12,8,waxing,8,
2019-11-11,2019,2562,星期一,wan_phra,泰國佛日,วันพระ,Wan Phra,thai-buddhist,ขึ้น 15 ค่ำ เดือน 12,12,15,waxing,15,
2019-11-19,2019,2562,星期二,wan_phra,泰國佛日,วันพระ,Wan Phra,thai-buddhist,แรม 8 ค่ำ เดือน 12,12,23,waning,8,
2019-11-26,2019,2562,星期二,wan_phra,泰國佛日,วันพระ,Wan Phra,thai-buddhist,แรม 15 ค่ำ เดือน 12,12,30,waning,15,
2019-12-04,2019,2562,星期三,wan_phra,泰國佛日,วันพระ,Wan Phra,thai-buddhist,ขึ้น 8 ค่ำ เดือน 1,1,8,waxing,8,
2019-12-11,2019,2562,星期三,wan_phra,泰國佛日,วันพระ,Wan Phra,thai-buddhist,ขึ้น 15 ค่ำ เดือน 1,1,15,waxing,15,
2019-12-19,2019,2562,星期四,wan_phra,泰國佛日,วันพระ,Wan Phra,thai-buddhist,แรม 8 ค่ำ เดือน 1,1,23,waning,8,
2019-12-25,2019,2562,星期三,wan_phra,泰國佛日,วันพระ,Wan Phra,thai-buddhist,แรม 14 ค่ำ เดือน 1,1,29,waning,14,
2020-01-02,2020,2563,星期四,wan_phra,泰國佛日,วันพระ,Wan Phra,thai-buddhist,ขึ้น 8 ค่ำ เดือน 2,2,8,waxing,8,
2020-01-09,2020,2563,星期四,wan_phra,泰國佛日,วันพระ,Wan Phra,thai-buddhist,ขึ้น 15 ค่ำ เดือน 2,2,15,waxing,15,
2020-01-17,2020,2563,星期五,wan_phra,泰國佛日,วันพระ,Wan Phra,thai-buddhist,แรม 8 ค่ำ เดือน 2,2,23,waning,8,
2020-01-24,2020,2563,星期五,wan_phra,泰國佛日,วันพระ,Wan Phra,thai-buddhist,แรม 15 ค่ำ เดือน 2,2,30,waning,15,
2020-02-01,2020,2563,星期六,wan_phra,泰國佛日,วันพระ,Wan Phra,thai-buddhist,ขึ้น 8 ค่ำ เดือน 3,3,8,waxing,8,
2020-02-08,2020,2563,星期六,makha_bucha,萬佛節,มาฆบูชา,Makha Bucha,thai-buddhist-major,ขึ้น 15 ค่ำ เดือน 3,3,15,waxing,15,
2020-02-08,2020,2563,星期六,wan_phra,泰國佛日,วันพระ,Wan Phra,thai-buddhist,ขึ้น 15 ค่ำ เดือน 3,3,15,waxing,15,
2020-02-16,2020,2563,星期日,wan_phra,泰國佛日,วันพระ,Wan Phra,thai-buddhist,แรม 8 ค่ำ เดือน 3,3,23,waning,8,
2020-02-22,2020,2563,星期六,wan_phra,泰國佛日,วันพระ,Wan Phra,thai-buddhist,แรม 14 ค่ำ เดือน 3,3,29,waning,14,
2020-03-01,2020,2563,星期日,wan_phra,泰國佛日,วันพระ,Wan Phra,thai-buddhist,ขึ้น 8 ค่ำ เดือน 4,4,8,waxing,8,
2020-03-08,2020,2563,星期日,wan_phra,泰國佛日,วันพระ,Wan Phra,thai-buddhist,ขึ้น 15 ค่ำ เดือน 4,4,15,waxing,15,
2020-03-16,2020,2563,星期一,wan_phra,泰國佛日,วันพระ,Wan Phra,thai-buddhist,แรม 8 ค่ำ เดือน 4,4,23,waning,8,
2020-03-23,2020,2563,星期一,wan_phra,泰國佛日,วันพระ,Wan Phra,thai-buddhist,แรม 15 ค่ำ เดือน 4,4,30,waning,15,
2020-03-28,2020,2563,星期六,sao_ha_candidate,騷哈日候選 / 稍哈日候選,เสาร์ 5,Sao Ha candidate,thai-amulet-auspicious-day,ขึ้น 5 ค่ำ เดือน 5,5,5,waxing,5,按規則產生：星期六 + 泰國陰曆 5 月 + ขึ้น 5 ค่ำ 或 แรม 5 ค่ำ。未做人工作法會或高僧認定。
2020-03-31,2020,2563,星期二,wan_phra,泰國佛日,วันพระ,Wan Phra,thai-buddhist,ขึ้น 8 ค่ำ เดือน 5,5,8,waxing,8,
2020-04-07,2020,2563,星期二,wan_phra,泰國佛日,วันพระ,Wan Phra,thai-buddhist,ขึ้น 15 ค่ำ เดือน 5,5,15,waxing,15,
2020-04-15,2020,2563,星期三,wan_phra,泰國佛日,วันพระ,Wan Phra,thai-buddhist,แรม 8 ค่ำ เดือน 5,5,23,waning,8,
2020-04-21,2020,2563,星期二,wan_phra,泰國佛日,วันพระ,Wan Phra,thai-buddhist,แรม 14 ค่ำ เดือน 5,5,29,waning,14,
2020-04-29,2020,2563,星期三,wan_phra,泰國佛日,วันพระ,Wan Phra,thai-buddhist,ขึ้น 8 ค่ำ เดือน 6,6,8,waxing,8,
2020-05-06,2020,2563,星期三,visakha_bucha,衛塞節,วิสาขบูชา,Visakha Bucha,thai-buddhist-major,ขึ้น 15 ค่ำ เดือน 6,6,15,waxing,15,
2020-05-06,2020,2563,星期三,wan_phra,泰國佛日,วันพระ,Wan Phra,thai-buddhist,ขึ้น 15 ค่ำ เดือน 6,6,15,waxing,15,
2020-05-14,2020,2563,星期四,wan_phra,泰國佛日,วันพระ,Wan Phra,thai-buddhist,แรม 8 ค่ำ เดือน 6,6,23,waning,8,
2020-05-21,2020,2563,星期四,wan_phra,泰國佛日,วันพระ,Wan Phra,thai-buddhist,แรม 15 ค่ำ เดือน 6,6,30,waning,15,
2020-05-29,2020,2563,星期五,wan_phra,泰國佛日,วันพระ,Wan Phra,thai-buddhist,ขึ้น 8 ค่ำ เดือน 7,7,8,waxing,8,
2020-06-05,2020,2563,星期五,wan_phra,泰國佛日,วันพระ,Wan Phra,thai-buddhist,ขึ้น 15 ค่ำ เดือน 7,7,15,waxing,15,
2020-06-13,2020,2563,星期六,wan_phra,泰國佛日,วันพระ,Wan Phra,thai-buddhist,แรม 8 ค่ำ เดือน 7,7,23,waning,8,
2020-06-20,2020,2563,星期六,wan_phra,泰國佛日,วันพระ,Wan Phra,thai-buddhist,แรม 15 ค่ำ เดือน 7,7,30,waning,15,
2020-06-28,2020,2563,星期日,wan_phra,泰國佛日,วันพระ,Wan Phra,thai-buddhist,ขึ้น 8 ค่ำ เดือน 8,8,8,waxing,8,
2020-07-05,2020,2563,星期日,wan_phra,泰國佛日,วันพระ,Wan Phra,thai-buddhist,ขึ้น 15 ค่ำ เดือน 8,8,15,waxing,15,
2020-07-06,2020,2563,星期一,khao_phansa,入雨安居,เข้าพรรษา,Khao Phansa,thai-buddhist-major,แรม 1 ค่ำ เดือน 8,8,16,waning,1,
2020-07-13,2020,2563,星期一,wan_phra,泰國佛日,วันพระ,Wan Phra,thai-buddhist,แรม 8 ค่ำ เดือน 8,8,23,waning,8,
2020-07-20,2020,2563,星期一,wan_phra,泰國佛日,วันพระ,Wan Phra,thai-buddhist,แรม 15 ค่ำ เดือน 8,8,30,waning,15,
2020-07-28,2020,2563,星期二,wan_phra,泰國佛日,วันพระ,Wan Phra,thai-buddhist,ขึ้น 8 ค่ำ เดือน 9,9,8,waxing,8,
2020-08-04,2020,2563,星期二,wan_phra,泰國佛日,วันพระ,Wan Phra,thai-buddhist,ขึ้น 15 ค่ำ เดือน 9,9,15,waxing,15,
2020-08-12,2020,2563,星期三,wan_phra,泰國佛日,วันพระ,Wan Phra,thai-buddhist,แรม 8 ค่ำ เดือน 9,9,23,waning,8,
2020-08-18,2020,2563,星期二,wan_phra,泰國佛日,วันพระ,Wan Phra,thai-buddhist,แรม 14 ค่ำ เดือน 9,9,29,waning,14,
2020-08-26,2020,2563,星期三,wan_phra,泰國佛日,วันพระ,Wan Phra,thai-buddhist,ขึ้น 8 ค่ำ เดือน 10,10,8,waxing,8,
2020-09-02,2020,2563,星期三,wan_phra,泰國佛日,วันพระ,Wan Phra,thai-buddhist,ขึ้น 15 ค่ำ เดือน 10,10,15,waxing,15,
2020-09-10,2020,2563,星期四,wan_phra,泰國佛日,วันพระ,Wan Phra,thai-buddhist,แรม 8 ค่ำ เดือน 10,10,23,waning,8,
2020-09-17,2020,2563,星期四,wan_phra,泰國佛日,วันพระ,Wan Phra,thai-buddhist,แรม 15 ค่ำ เดือน 10,10,30,waning,15,
2020-09-25,2020,2563,星期五,wan_phra,泰國佛日,วันพระ,Wan Phra,thai-buddhist,ขึ้น 8 ค่ำ เดือน 11,11,8,waxing,8,
2020-10-02,2020,2563,星期五,ok_phansa,出雨安居,ออกพรรษา,Ok Phansa,thai-buddhist-major,ขึ้น 15 ค่ำ เดือน 11,11,15,waxing,15,
2020-10-02,2020,2563,星期五,wan_phra,泰國佛日,วันพระ,Wan Phra,thai-buddhist,ขึ้น 15 ค่ำ เดือน 11,11,15,waxing,15,
2020-10-10,2020,2563,星期六,wan_phra,泰國佛日,วันพระ,Wan Phra,thai-buddhist,แรม 8 ค่ำ เดือน 11,11,23,waning,8,
2020-10-16,2020,2563,星期五,wan_phra,泰國佛日,วันพระ,Wan Phra,thai-buddhist,แรม 14 ค่ำ เดือน 11,11,29,waning,14,
2020-10-24,2020,2563,星期六,wan_phra,泰國佛日,วันพระ,Wan Phra,thai-buddhist,ขึ้น 8 ค่ำ เดือน 12,12,8,waxing,8,
2020-10-31,2020,2563,星期六,wan_phra,泰國佛日,วันพระ,Wan Phra,thai-buddhist,ขึ้น 15 ค่ำ เดือน 12,12,15,waxing,15,
2020-11-08,2020,2563,星期日,wan_phra,泰國佛日,วันพระ,Wan Phra,thai-buddhist,แรม 8 ค่ำ เดือน 12,12,23,waning,8,
2020-11-15,2020,2563,星期日,wan_phra,泰國佛日,วันพระ,Wan Phra,thai-buddhist,แรม 15 ค่ำ เดือน 12,12,30,waning,15,
2020-11-23,2020,2563,星期一,wan_phra,泰國佛日,วันพระ,Wan Phra,thai-buddhist,ขึ้น 8 ค่ำ เดือน 1,1,8,waxing,8,
2020-11-30,2020,2563,星期一,wan_phra,泰國佛日,วันพระ,Wan Phra,thai-buddhist,ขึ้น 15 ค่ำ เดือน 1,1,15,waxing,15,
2020-12-08,2020,2563,星期二,wan_phra,泰國佛日,วันพระ,Wan Phra,thai-buddhist,แรม 8 ค่ำ เดือน 1,1,23,waning,8,
2020-12-14,2020,2563,星期一,wan_phra,泰國佛日,วันพระ,Wan Phra,thai-buddhist,แรม 14 ค่ำ เดือน 1,1,29,waning,14,
2020-12-22,2020,2563,星期二,wan_phra,泰國佛日,วันพระ,Wan Phra,thai-buddhist,ขึ้น 8 ค่ำ เดือน 2,2,8,waxing,8,
2020-12-29,2020,2563,星期二,wan_phra,泰國佛日,วันพระ,Wan Phra,thai-buddhist,ขึ้น 15 ค่ำ เดือน 2,2,15,waxing,15,
2021-01-06,2021,2564,星期三,wan_phra,泰國佛日,วันพระ,Wan Phra,thai-buddhist,แรม 8 ค่ำ เดือน 2,2,23,waning,8,
2021-01-13,2021,2564,星期三,wan_phra,泰國佛日,วันพระ,Wan Phra,thai-buddhist,แรม 15 ค่ำ เดือน 2,2,30,waning,15,
2021-01-21,2021,2564,星期四,wan_phra,泰國佛日,วันพระ,Wan Phra,thai-buddhist,ขึ้น 8 ค่ำ เดือน 3,3,8,waxing,8,
2021-01-28,2021,2564,星期四,wan_phra,泰國佛日,วันพระ,Wan Phra,thai-buddhist,ขึ้น 15 ค่ำ เดือน 3,3,15,waxing,15,
2021-02-05,2021,2564,星期五,wan_phra,泰國佛日,วันพระ,Wan Phra,thai-buddhist,แรม 8 ค่ำ เดือน 3,3,23,waning,8,
2021-02-11,2021,2564,星期四,wan_phra,泰國佛日,วันพระ,Wan Phra,thai-buddhist,แรม 14 ค่ำ เดือน 3,3,29,waning,14,
2021-02-19,2021,2564,星期五,wan_phra,泰國佛日,วันพระ,Wan Phra,thai-buddhist,ขึ้น 8 ค่ำ เดือน 4,4,8,waxing,8,
2021-02-26,2021,2564,星期五,makha_bucha,萬佛節,มาฆบูชา,Makha Bucha,thai-buddhist-major,ขึ้น 15 ค่ำ เดือน 4,4,15,waxing,15,
2021-02-26,2021,2564,星期五,wan_phra,泰國佛日,วันพระ,Wan Phra,thai-buddhist,ขึ้น 15 ค่ำ เดือน 4,4,15,waxing,15,
2021-03-06,2021,2564,星期六,wan_phra,泰國佛日,วันพระ,Wan Phra,thai-buddhist,แรม 8 ค่ำ เดือน 4,4,23,waning,8,
2021-03-13,2021,2564,星期六,wan_phra,泰國佛日,วันพระ,Wan Phra,thai-buddhist,แรม 15 ค่ำ เดือน 4,4,30,waning,15,
2021-03-21,2021,2564,星期日,wan_phra,泰國佛日,วันพระ,Wan Phra,thai-buddhist,ขึ้น 8 ค่ำ เดือน 5,5,8,waxing,8,
2021-03-28,2021,2564,星期日,wan_phra,泰國佛日,วันพระ,Wan Phra,thai-buddhist,ขึ้น 15 ค่ำ เดือน 5,5,15,waxing,15,
2021-04-05,2021,2564,星期一,wan_phra,泰國佛日,วันพระ,Wan Phra,thai-buddhist,แรม 8 ค่ำ เดือน 5,5,23,waning,8,
2021-04-11,2021,2564,星期日,wan_phra,泰國佛日,วันพระ,Wan Phra,thai-buddhist,แรม 14 ค่ำ เดือน 5,5,29,waning,14,
2021-04-19,2021,2564,星期一,wan_phra,泰國佛日,วันพระ,Wan Phra,thai-buddhist,ขึ้น 8 ค่ำ เดือน 6,6,8,waxing,8,
2021-04-26,2021,2564,星期一,wan_phra,泰國佛日,วันพระ,Wan Phra,thai-buddhist,ขึ้น 15 ค่ำ เดือน 6,6,15,waxing,15,
2021-05-04,2021,2564,星期二,wan_phra,泰國佛日,วันพระ,Wan Phra,thai-buddhist,แรม 8 ค่ำ เดือน 6,6,23,waning,8,
2021-05-11,2021,2564,星期二,wan_phra,泰國佛日,วันพระ,Wan Phra,thai-buddhist,แรม 15 ค่ำ เดือน 6,6,30,waning,15,
2021-05-19,2021,2564,星期三,wan_phra,泰國佛日,วันพระ,Wan Phra,thai-buddhist,ขึ้น 8 ค่ำ เดือน 7,7,8,waxing,8,
2021-05-26,2021,2564,星期三,visakha_bucha,衛塞節,วิสาขบูชา,Visakha Bucha,thai-buddhist-major,ขึ้น 15 ค่ำ เดือน 7,7,15,waxing,15,
2021-05-26,2021,2564,星期三,wan_phra,泰國佛日,วันพระ,Wan Phra,thai-buddhist,ขึ้น 15 ค่ำ เดือน 7,7,15,waxing,15,
2021-06-03,2021,2564,星期四,wan_phra,泰國佛日,วันพระ,Wan Phra,thai-buddhist,แรม 8 ค่ำ เดือน 7,7,23,waning,8,
2021-06-09,2021,2564,星期三,wan_phra,泰國佛日,วันพระ,Wan Phra,thai-buddhist,แรม 14 ค่ำ เดือน 7,7,29,waning,14,
2021-06-17,2021,2564,星期四,wan_phra,泰國佛日,วันพระ,Wan Phra,thai-buddhist,ขึ้น 8 ค่ำ เดือน 8,8,8,waxing,8,
2021-06-24,2021,2564,星期四,wan_phra,泰國佛日,วันพระ,Wan Phra,thai-buddhist,ขึ้น 15 ค่ำ เดือน 8,8,15,waxing,15,
2021-07-02,2021,2564,星期五,wan_phra,泰國佛日,วันพระ,Wan Phra,thai-buddhist,แรม 8 ค่ำ เดือน 8,8,23,waning,8,
2021-07-09,2021,2564,星期五,wan_phra,泰國佛日,วันพระ,Wan Phra,thai-buddhist,แรม 15 ค่ำ เดือน 8,8,30,waning,15,
2021-07-17,2021,2564,星期六,wan_phra,泰國佛日,วันพระ,Wan Phra,thai-buddhist,ขึ้น 8 ค่ำ เดือน 88,88,8,waxing,8,
2021-07-24,2021,2564,星期六,wan_phra,泰國佛日,วันพระ,Wan Phra,thai-buddhist,ขึ้น 15 ค่ำ เดือน 88,88,15,waxing,15,
2021-07-25,2021,2564,星期日,khao_phansa,入雨安居,เข้าพรรษา,Khao Phansa,thai-buddhist-major,แรม 1 ค่ำ เดือน 88,88,16,waning,1,
2021-08-01,2021,2564,星期日,wan_phra,泰國佛日,วันพระ,Wan Phra,thai-buddhist,แรม 8 ค่ำ เดือน 88,88,23,waning,8,
2021-08-08,2021,2564,星期日,wan_phra,泰國佛日,วันพระ,Wan Phra,thai-buddhist,แรม 15 ค่ำ เดือน 88,88,30,waning,15,
2021-08-16,2021,2564,星期一,wan_phra,泰國佛日,วันพระ,Wan Phra,thai-buddhist,ขึ้น 8 ค่ำ เดือน 9,9,8,waxing,8,
2021-08-23,2021,2564,星期一,wan_phra,泰國佛日,วันพระ,Wan Phra,thai-buddhist,ขึ้น 15 ค่ำ เดือน 9,9,15,waxing,15,
2021-08-31,2021,2564,星期二,wan_phra,泰國佛日,วันพระ,Wan Phra,thai-buddhist,แรม 8 ค่ำ เดือน 9,9,23,waning,8,
2021-09-06,2021,2564,星期一,wan_phra,泰國佛日,วันพระ,Wan Phra,thai-buddhist,แรม 14 ค่ำ เดือน 9,9,29,waning,14,
2021-09-14,2021,2564,星期二,wan_phra,泰國佛日,วันพระ,Wan Phra,thai-buddhist,ขึ้น 8 ค่ำ เดือน 10,10,8,waxing,8,
2021-09-21,2021,2564,星期二,wan_phra,泰國佛日,วันพระ,Wan Phra,thai-buddhist,ขึ้น 15 ค่ำ เดือน 10,10,15,waxing,15,
2021-09-29,2021,2564,星期三,wan_phra,泰國佛日,วันพระ,Wan Phra,thai-buddhist,แรม 8 ค่ำ เดือน 10,10,23,waning,8,
2021-10-06,2021,2564,星期三,wan_phra,泰國佛日,วันพระ,Wan Phra,thai-buddhist,แรม 15 ค่ำ เดือน 10,10,30,waning,15,
2021-10-14,2021,2564,星期四,wan_phra,泰國佛日,วันพระ,Wan Phra,thai-buddhist,ขึ้น 8 ค่ำ เดือน 11,11,8,waxing,8,
2021-10-21,2021,2564,星期四,ok_phansa,出雨安居,ออกพรรษา,Ok Phansa,thai-buddhist-major,ขึ้น 15 ค่ำ เดือน 11,11,15,waxing,15,
2021-10-21,2021,2564,星期四,wan_phra,泰國佛日,วันพระ,Wan Phra,thai-buddhist,ขึ้น 15 ค่ำ เดือน 11,11,15,waxing,15,
2021-10-29,2021,2564,星期五,wan_phra,泰國佛日,วันพระ,Wan Phra,thai-buddhist,แรม 8 ค่ำ เดือน 11,11,23,waning,8,
2021-11-04,2021,2564,星期四,wan_phra,泰國佛日,วันพระ,Wan Phra,thai-buddhist,แรม 14 ค่ำ เดือน 11,11,29,waning,14,
2021-11-12,2021,2564,星期五,wan_phra,泰國佛日,วันพระ,Wan Phra,thai-buddhist,ขึ้น 8 ค่ำ เดือน 12,12,8,waxing,8,
2021-11-19,2021,2564,星期五,wan_phra,泰國佛日,วันพระ,Wan Phra,thai-buddhist,ขึ้น 15 ค่ำ เดือน 12,12,15,waxing,15,
2021-11-27,2021,2564,星期六,wan_phra,泰國佛日,วันพระ,Wan Phra,thai-buddhist,แรม 8 ค่ำ เดือน 12,12,23,waning,8,
2021-12-04,2021,2564,星期六,wan_phra,泰國佛日,วันพระ,Wan Phra,thai-buddhist,แรม 15 ค่ำ เดือน 12,12,30,waning,15,
2021-12-12,2021,2564,星期日,wan_phra,泰國佛日,วันพระ,Wan Phra,thai-buddhist,ขึ้น 8 ค่ำ เดือน 1,1,8,waxing,8,
2021-12-19,2021,2564,星期日,wan_phra,泰國佛日,วันพระ,Wan Phra,thai-buddhist,ขึ้น 15 ค่ำ เดือน 1,1,15,waxing,15,
2021-12-27,2021,2564,星期一,wan_phra,泰國佛日,วันพระ,Wan Phra,thai-buddhist,แรม 8 ค่ำ เดือน 1,1,23,waning,8,
2022-01-02,2022,2565,星期日,wan_phra,泰國佛日,วันพระ,Wan Phra,thai-buddhist,แรม 14 ค่ำ เดือน 1,1,29,waning,14,
2022-01-10,2022,2565,星期一,wan_phra,泰國佛日,วันพระ,Wan Phra,thai-buddhist,ขึ้น 8 ค่ำ เดือน 2,2,8,waxing,8,
2022-01-17,2022,2565,星期一,wan_phra,泰國佛日,วันพระ,Wan Phra,thai-buddhist,ขึ้น 15 ค่ำ เดือน 2,2,15,waxing,15,
2022-01-25,2022,2565,星期二,wan_phra,泰國佛日,วันพระ,Wan Phra,thai-buddhist,แรม 8 ค่ำ เดือน 2,2,23,waning,8,
2022-02-01,2022,2565,星期二,wan_phra,泰國佛日,วันพระ,Wan Phra,thai-buddhist,แรม 15 ค่ำ เดือน 2,2,30,waning,15,
2022-02-09,2022,2565,星期三,wan_phra,泰國佛日,วันพระ,Wan Phra,thai-buddhist,ขึ้น 8 ค่ำ เดือน 3,3,8,waxing,8,
2022-02-16,2022,2565,星期三,makha_bucha,萬佛節,มาฆบูชา,Makha Bucha,thai-buddhist-major,ขึ้น 15 ค่ำ เดือน 3,3,15,waxing,15,
2022-02-16,2022,2565,星期三,wan_phra,泰國佛日,วันพระ,Wan Phra,thai-buddhist,ขึ้น 15 ค่ำ เดือน 3,3,15,waxing,15,
2022-02-24,2022,2565,星期四,wan_phra,泰國佛日,วันพระ,Wan Phra,thai-buddhist,แรม 8 ค่ำ เดือน 3,3,23,waning,8,
2022-03-02,2022,2565,星期三,wan_phra,泰國佛日,วันพระ,Wan Phra,thai-buddhist,แรม 14 ค่ำ เดือน 3,3,29,waning,14,
2022-03-10,2022,2565,星期四,wan_phra,泰國佛日,วันพระ,Wan Phra,thai-buddhist,ขึ้น 8 ค่ำ เดือน 4,4,8,waxing,8,
2022-03-17,2022,2565,星期四,wan_phra,泰國佛日,วันพระ,Wan Phra,thai-buddhist,ขึ้น 15 ค่ำ เดือน 4,4,15,waxing,15,
2022-03-25,2022,2565,星期五,wan_phra,泰國佛日,วันพระ,Wan Phra,thai-buddhist,แรม 8 ค่ำ เดือน 4,4,23,waning,8,
2022-04-01,2022,2565,星期五,wan_phra,泰國佛日,วันพระ,Wan Phra,thai-buddhist,แรม 15 ค่ำ เดือน 4,4,30,waning,15,
2022-04-09,2022,2565,星期六,wan_phra,泰國佛日,วันพระ,Wan Phra,thai-buddhist,ขึ้น 8 ค่ำ เดือน 5,5,8,waxing,8,
2022-04-16,2022,2565,星期六,wan_phra,泰國佛日,วันพระ,Wan Phra,thai-buddhist,ขึ้น 15 ค่ำ เดือน 5,5,15,waxing,15,
2022-04-24,2022,2565,星期日,wan_phra,泰國佛日,วันพระ,Wan Phra,thai-buddhist,แรม 8 ค่ำ เดือน 5,5,23,waning,8,
2022-04-30,2022,2565,星期六,wan_phra,泰國佛日,วันพระ,Wan Phra,thai-buddhist,แรม 14 ค่ำ เดือน 5,5,29,waning,14,
2022-05-08,2022,2565,星期日,wan_phra,泰國佛日,วันพระ,Wan Phra,thai-buddhist,ขึ้น 8 ค่ำ เดือน 6,6,8,waxing,8,
2022-05-15,2022,2565,星期日,visakha_bucha,衛塞節,วิสาขบูชา,Visakha Bucha,thai-buddhist-major,ขึ้น 15 ค่ำ เดือน 6,6,15,waxing,15,
2022-05-15,2022,2565,星期日,wan_phra,泰國佛日,วันพระ,Wan Phra,thai-buddhist,ขึ้น 15 ค่ำ เดือน 6,6,15,waxing,15,
2022-05-23,2022,2565,星期一,wan_phra,泰國佛日,วันพระ,Wan Phra,thai-buddhist,แรม 8 ค่ำ เดือน 6,6,23,waning,8,
2022-05-30,2022,2565,星期一,wan_phra,泰國佛日,วันพระ,Wan Phra,thai-buddhist,แรม 15 ค่ำ เดือน 6,6,30,waning,15,
2022-06-07,2022,2565,星期二,wan_phra,泰國佛日,วันพระ,Wan Phra,thai-buddhist,ขึ้น 8 ค่ำ เดือน 7,7,8,waxing,8,
2022-06-14,2022,2565,星期二,wan_phra,泰國佛日,วันพระ,Wan Phra,thai-buddhist,ขึ้น 15 ค่ำ เดือน 7,7,15,waxing,15,
2022-06-22,2022,2565,星期三,wan_phra,泰國佛日,วันพระ,Wan Phra,thai-buddhist,แรม 8 ค่ำ เดือน 7,7,23,waning,8,
2022-06-28,2022,2565,星期二,wan_phra,泰國佛日,วันพระ,Wan Phra,thai-buddhist,แรม 14 ค่ำ เดือน 7,7,29,waning,14,
2022-07-06,2022,2565,星期三,wan_phra,泰國佛日,วันพระ,Wan Phra,thai-buddhist,ขึ้น 8 ค่ำ เดือน 8,8,8,waxing,8,
2022-07-13,2022,2565,星期三,wan_phra,泰國佛日,วันพระ,Wan Phra,thai-buddhist,ขึ้น 15 ค่ำ เดือน 8,8,15,waxing,15,
2022-07-14,2022,2565,星期四,khao_phansa,入雨安居,เข้าพรรษา,Khao Phansa,thai-buddhist-major,แรม 1 ค่ำ เดือน 8,8,16,waning,1,
2022-07-21,2022,2565,星期四,wan_phra,泰國佛日,วันพระ,Wan Phra,thai-buddhist,แรม 8 ค่ำ เดือน 8,8,23,waning,8,
2022-07-28,2022,2565,星期四,wan_phra,泰國佛日,วันพระ,Wan Phra,thai-buddhist,แรม 15 ค่ำ เดือน 8,8,30,waning,15,
2022-08-05,2022,2565,星期五,wan_phra,泰國佛日,วันพระ,Wan Phra,thai-buddhist,ขึ้น 8 ค่ำ เดือน 9,9,8,waxing,8,
2022-08-12,2022,2565,星期五,wan_phra,泰國佛日,วันพระ,Wan Phra,thai-buddhist,ขึ้น 15 ค่ำ เดือน 9,9,15,waxing,15,
2022-08-20,2022,2565,星期六,wan_phra,泰國佛日,วันพระ,Wan Phra,thai-buddhist,แรม 8 ค่ำ เดือน 9,9,23,waning,8,
2022-08-26,2022,2565,星期五,wan_phra,泰國佛日,วันพระ,Wan Phra,thai-buddhist,แรม 14 ค่ำ เดือน 9,9,29,waning,14,
2022-09-03,2022,2565,星期六,wan_phra,泰國佛日,วันพระ,Wan Phra,thai-buddhist,ขึ้น 8 ค่ำ เดือน 10,10,8,waxing,8,
2022-09-10,2022,2565,星期六,wan_phra,泰國佛日,วันพระ,Wan Phra,thai-buddhist,ขึ้น 15 ค่ำ เดือน 10,10,15,waxing,15,
2022-09-18,2022,2565,星期日,wan_phra,泰國佛日,วันพระ,Wan Phra,thai-buddhist,แรม 8 ค่ำ เดือน 10,10,23,waning,8,
2022-09-25,2022,2565,星期日,wan_phra,泰國佛日,วันพระ,Wan Phra,thai-buddhist,แรม 15 ค่ำ เดือน 10,10,30,waning,15,
2022-10-03,2022,2565,星期一,wan_phra,泰國佛日,วันพระ,Wan Phra,thai-buddhist,ขึ้น 8 ค่ำ เดือน 11,11,8,waxing,8,
2022-10-10,2022,2565,星期一,ok_phansa,出雨安居,ออกพรรษา,Ok Phansa,thai-buddhist-major,ขึ้น 15 ค่ำ เดือน 11,11,15,waxing,15,
2022-10-10,2022,2565,星期一,wan_phra,泰國佛日,วันพระ,Wan Phra,thai-buddhist,ขึ้น 15 ค่ำ เดือน 11,11,15,waxing,15,
2022-10-18,2022,2565,星期二,wan_phra,泰國佛日,วันพระ,Wan Phra,thai-buddhist,แรม 8 ค่ำ เดือน 11,11,23,waning,8,
2022-10-24,2022,2565,星期一,wan_phra,泰國佛日,วันพระ,Wan Phra,thai-buddhist,แรม 14 ค่ำ เดือน 11,11,29,waning,14,
2022-11-01,2022,2565,星期二,wan_phra,泰國佛日,วันพระ,Wan Phra,thai-buddhist,ขึ้น 8 ค่ำ เดือน 12,12,8,waxing,8,
2022-11-08,2022,2565,星期二,wan_phra,泰國佛日,วันพระ,Wan Phra,thai-buddhist,ขึ้น 15 ค่ำ เดือน 12,12,15,waxing,15,
2022-11-16,2022,2565,星期三,wan_phra,泰國佛日,วันพระ,Wan Phra,thai-buddhist,แรม 8 ค่ำ เดือน 12,12,23,waning,8,
2022-11-23,2022,2565,星期三,wan_phra,泰國佛日,วันพระ,Wan Phra,thai-buddhist,แรม 15 ค่ำ เดือน 12,12,30,waning,15,
2022-12-01,2022,2565,星期四,wan_phra,泰國佛日,วันพระ,Wan Phra,thai-buddhist,ขึ้น 8 ค่ำ เดือน 1,1,8,waxing,8,
2022-12-08,2022,2565,星期四,wan_phra,泰國佛日,วันพระ,Wan Phra,thai-buddhist,ขึ้น 15 ค่ำ เดือน 1,1,15,waxing,15,
2022-12-16,2022,2565,星期五,wan_phra,泰國佛日,วันพระ,Wan Phra,thai-buddhist,แรม 8 ค่ำ เดือน 1,1,23,waning,8,
2022-12-22,2022,2565,星期四,wan_phra,泰國佛日,วันพระ,Wan Phra,thai-buddhist,แรม 14 ค่ำ เดือน 1,1,29,waning,14,
2022-12-30,2022,2565,星期五,wan_phra,泰國佛日,วันพระ,Wan Phra,thai-buddhist,ขึ้น 8 ค่ำ เดือน 2,2,8,waxing,8,
2023-01-06,2023,2566,星期五,wan_phra,泰國佛日,วันพระ,Wan Phra,thai-buddhist,ขึ้น 15 ค่ำ เดือน 2,2,15,waxing,15,
2023-01-14,2023,2566,星期六,wan_phra,泰國佛日,วันพระ,Wan Phra,thai-buddhist,แรม 8 ค่ำ เดือน 2,2,23,waning,8,
2023-01-21,2023,2566,星期六,wan_phra,泰國佛日,วันพระ,Wan Phra,thai-buddhist,แรม 15 ค่ำ เดือน 2,2,30,waning,15,
2023-01-29,2023,2566,星期日,wan_phra,泰國佛日,วันพระ,Wan Phra,thai-buddhist,ขึ้น 8 ค่ำ เดือน 3,3,8,waxing,8,
2023-02-05,2023,2566,星期日,wan_phra,泰國佛日,วันพระ,Wan Phra,thai-buddhist,ขึ้น 15 ค่ำ เดือน 3,3,15,waxing,15,
2023-02-13,2023,2566,星期一,wan_phra,泰國佛日,วันพระ,Wan Phra,thai-buddhist,แรม 8 ค่ำ เดือน 3,3,23,waning,8,
2023-02-19,2023,2566,星期日,wan_phra,泰國佛日,วันพระ,Wan Phra,thai-buddhist,แรม 14 ค่ำ เดือน 3,3,29,waning,14,
2023-02-27,2023,2566,星期一,wan_phra,泰國佛日,วันพระ,Wan Phra,thai-buddhist,ขึ้น 8 ค่ำ เดือน 4,4,8,waxing,8,
2023-03-06,2023,2566,星期一,makha_bucha,萬佛節,มาฆบูชา,Makha Bucha,thai-buddhist-major,ขึ้น 15 ค่ำ เดือน 4,4,15,waxing,15,
2023-03-06,2023,2566,星期一,wan_phra,泰國佛日,วันพระ,Wan Phra,thai-buddhist,ขึ้น 15 ค่ำ เดือน 4,4,15,waxing,15,
2023-03-14,2023,2566,星期二,wan_phra,泰國佛日,วันพระ,Wan Phra,thai-buddhist,แรม 8 ค่ำ เดือน 4,4,23,waning,8,
2023-03-21,2023,2566,星期二,wan_phra,泰國佛日,วันพระ,Wan Phra,thai-buddhist,แรม 15 ค่ำ เดือน 4,4,30,waning,15,
2023-03-29,2023,2566,星期三,wan_phra,泰國佛日,วันพระ,Wan Phra,thai-buddhist,ขึ้น 8 ค่ำ เดือน 5,5,8,waxing,8,
2023-04-05,2023,2566,星期三,wan_phra,泰國佛日,วันพระ,Wan Phra,thai-buddhist,ขึ้น 15 ค่ำ เดือน 5,5,15,waxing,15,
2023-04-13,2023,2566,星期四,wan_phra,泰國佛日,วันพระ,Wan Phra,thai-buddhist,แรม 8 ค่ำ เดือน 5,5,23,waning,8,
2023-04-19,2023,2566,星期三,wan_phra,泰國佛日,วันพระ,Wan Phra,thai-buddhist,แรม 14 ค่ำ เดือน 5,5,29,waning,14,
2023-04-27,2023,2566,星期四,wan_phra,泰國佛日,วันพระ,Wan Phra,thai-buddhist,ขึ้น 8 ค่ำ เดือน 6,6,8,waxing,8,
2023-05-04,2023,2566,星期四,wan_phra,泰國佛日,วันพระ,Wan Phra,thai-buddhist,ขึ้น 15 ค่ำ เดือน 6,6,15,waxing,15,
2023-05-12,2023,2566,星期五,wan_phra,泰國佛日,วันพระ,Wan Phra,thai-buddhist,แรม 8 ค่ำ เดือน 6,6,23,waning,8,
2023-05-19,2023,2566,星期五,wan_phra,泰國佛日,วันพระ,Wan Phra,thai-buddhist,แรม 15 ค่ำ เดือน 6,6,30,waning,15,
2023-05-27,2023,2566,星期六,wan_phra,泰國佛日,วันพระ,Wan Phra,thai-buddhist,ขึ้น 8 ค่ำ เดือน 7,7,8,waxing,8,
2023-06-03,2023,2566,星期六,visakha_bucha,衛塞節,วิสาขบูชา,Visakha Bucha,thai-buddhist-major,ขึ้น 15 ค่ำ เดือน 7,7,15,waxing,15,
2023-06-03,2023,2566,星期六,wan_phra,泰國佛日,วันพระ,Wan Phra,thai-buddhist,ขึ้น 15 ค่ำ เดือน 7,7,15,waxing,15,
2023-06-11,2023,2566,星期日,wan_phra,泰國佛日,วันพระ,Wan Phra,thai-buddhist,แรม 8 ค่ำ เดือน 7,7,23,waning,8,
2023-06-17,2023,2566,星期六,wan_phra,泰國佛日,วันพระ,Wan Phra,thai-buddhist,แรม 14 ค่ำ เดือน 7,7,29,waning,14,
2023-06-25,2023,2566,星期日,wan_phra,泰國佛日,วันพระ,Wan Phra,thai-buddhist,ขึ้น 8 ค่ำ เดือน 8,8,8,waxing,8,
2023-07-02,2023,2566,星期日,wan_phra,泰國佛日,วันพระ,Wan Phra,thai-buddhist,ขึ้น 15 ค่ำ เดือน 8,8,15,waxing,15,
2023-07-10,2023,2566,星期一,wan_phra,泰國佛日,วันพระ,Wan Phra,thai-buddhist,แรม 8 ค่ำ เดือน 8,8,23,waning,8,
2023-07-17,2023,2566,星期一,wan_phra,泰國佛日,วันพระ,Wan Phra,thai-buddhist,แรม 15 ค่ำ เดือน 8,8,30,waning,15,
2023-07-25,2023,2566,星期二,wan_phra,泰國佛日,วันพระ,Wan Phra,thai-buddhist,ขึ้น 8 ค่ำ เดือน 88,88,8,waxing,8,
2023-08-01,2023,2566,星期二,wan_phra,泰國佛日,วันพระ,Wan Phra,thai-buddhist,ขึ้น 15 ค่ำ เดือน 88,88,15,waxing,15,
2023-08-02,2023,2566,星期三,khao_phansa,入雨安居,เข้าพรรษา,Khao Phansa,thai-buddhist-major,แรม 1 ค่ำ เดือน 88,88,16,waning,1,
2023-08-09,2023,2566,星期三,wan_phra,泰國佛日,วันพระ,Wan Phra,thai-buddhist,แรม 8 ค่ำ เดือน 88,88,23,waning,8,
2023-08-16,2023,2566,星期三,wan_phra,泰國佛日,วันพระ,Wan Phra,thai-buddhist,แรม 15 ค่ำ เดือน 88,88,30,waning,15,
2023-08-24,2023,2566,星期四,wan_phra,泰國佛日,วันพระ,Wan Phra,thai-buddhist,ขึ้น 8 ค่ำ เดือน 9,9,8,waxing,8,
2023-08-31,2023,2566,星期四,wan_phra,泰國佛日,วันพระ,Wan Phra,thai-buddhist,ขึ้น 15 ค่ำ เดือน 9,9,15,waxing,15,
2023-09-08,2023,2566,星期五,wan_phra,泰國佛日,วันพระ,Wan Phra,thai-buddhist,แรม 8 ค่ำ เดือน 9,9,23,waning,8,
2023-09-14,2023,2566,星期四,wan_phra,泰國佛日,วันพระ,Wan Phra,thai-buddhist,แรม 14 ค่ำ เดือน 9,9,29,waning,14,
2023-09-22,2023,2566,星期五,wan_phra,泰國佛日,วันพระ,Wan Phra,thai-buddhist,ขึ้น 8 ค่ำ เดือน 10,10,8,waxing,8,
2023-09-29,2023,2566,星期五,wan_phra,泰國佛日,วันพระ,Wan Phra,thai-buddhist,ขึ้น 15 ค่ำ เดือน 10,10,15,waxing,15,
2023-10-07,2023,2566,星期六,wan_phra,泰國佛日,วันพระ,Wan Phra,thai-buddhist,แรม 8 ค่ำ เดือน 10,10,23,waning,8,
2023-10-14,2023,2566,星期六,wan_phra,泰國佛日,วันพระ,Wan Phra,thai-buddhist,แรม 15 ค่ำ เดือน 10,10,30,waning,15,
2023-10-22,2023,2566,星期日,wan_phra,泰國佛日,วันพระ,Wan Phra,thai-buddhist,ขึ้น 8 ค่ำ เดือน 11,11,8,waxing,8,
2023-10-29,2023,2566,星期日,ok_phansa,出雨安居,ออกพรรษา,Ok Phansa,thai-buddhist-major,ขึ้น 15 ค่ำ เดือน 11,11,15,waxing,15,
2023-10-29,2023,2566,星期日,wan_phra,泰國佛日,วันพระ,Wan Phra,thai-buddhist,ขึ้น 15 ค่ำ เดือน 11,11,15,waxing,15,
2023-11-06,2023,2566,星期一,wan_phra,泰國佛日,วันพระ,Wan Phra,thai-buddhist,แรม 8 ค่ำ เดือน 11,11,23,waning,8,
2023-11-12,2023,2566,星期日,wan_phra,泰國佛日,วันพระ,Wan Phra,thai-buddhist,แรม 14 ค่ำ เดือน 11,11,29,waning,14,
2023-11-20,2023,2566,星期一,wan_phra,泰國佛日,วันพระ,Wan Phra,thai-buddhist,ขึ้น 8 ค่ำ เดือน 12,12,8,waxing,8,
2023-11-27,2023,2566,星期一,wan_phra,泰國佛日,วันพระ,Wan Phra,thai-buddhist,ขึ้น 15 ค่ำ เดือน 12,12,15,waxing,15,
2023-12-05,2023,2566,星期二,wan_phra,泰國佛日,วันพระ,Wan Phra,thai-buddhist,แรม 8 ค่ำ เดือน 12,12,23,waning,8,
2023-12-12,2023,2566,星期二,wan_phra,泰國佛日,วันพระ,Wan Phra,thai-buddhist,แรม 15 ค่ำ เดือน 12,12,30,waning,15,
2023-12-20,2023,2566,星期三,wan_phra,泰國佛日,วันพระ,Wan Phra,thai-buddhist,ขึ้น 8 ค่ำ เดือน 1,1,8,waxing,8,
2023-12-27,2023,2566,星期三,wan_phra,泰國佛日,วันพระ,Wan Phra,thai-buddhist,ขึ้น 15 ค่ำ เดือน 1,1,15,waxing,15,
2024-01-04,2024,2567,星期四,wan_phra,泰國佛日,วันพระ,Wan Phra,thai-buddhist,แรม 8 ค่ำ เดือน 1,1,23,waning,8,
2024-01-10,2024,2567,星期三,wan_phra,泰國佛日,วันพระ,Wan Phra,thai-buddhist,แรม 14 ค่ำ เดือน 1,1,29,waning,14,
2024-01-18,2024,2567,星期四,wan_phra,泰國佛日,วันพระ,Wan Phra,thai-buddhist,ขึ้น 8 ค่ำ เดือน 2,2,8,waxing,8,
2024-01-25,2024,2567,星期四,wan_phra,泰國佛日,วันพระ,Wan Phra,thai-buddhist,ขึ้น 15 ค่ำ เดือน 2,2,15,waxing,15,
2024-02-02,2024,2567,星期五,wan_phra,泰國佛日,วันพระ,Wan Phra,thai-buddhist,แรม 8 ค่ำ เดือน 2,2,23,waning,8,
2024-02-09,2024,2567,星期五,wan_phra,泰國佛日,วันพระ,Wan Phra,thai-buddhist,แรม 15 ค่ำ เดือน 2,2,30,waning,15,
2024-02-17,2024,2567,星期六,wan_phra,泰國佛日,วันพระ,Wan Phra,thai-buddhist,ขึ้น 8 ค่ำ เดือน 3,3,8,waxing,8,
2024-02-24,2024,2567,星期六,makha_bucha,萬佛節,มาฆบูชา,Makha Bucha,thai-buddhist-major,ขึ้น 15 ค่ำ เดือน 3,3,15,waxing,15,
2024-02-24,2024,2567,星期六,wan_phra,泰國佛日,วันพระ,Wan Phra,thai-buddhist,ขึ้น 15 ค่ำ เดือน 3,3,15,waxing,15,
2024-03-03,2024,2567,星期日,wan_phra,泰國佛日,วันพระ,Wan Phra,thai-buddhist,แรม 8 ค่ำ เดือน 3,3,23,waning,8,
2024-03-09,2024,2567,星期六,wan_phra,泰國佛日,วันพระ,Wan Phra,thai-buddhist,แรม 14 ค่ำ เดือน 3,3,29,waning,14,
2024-03-17,2024,2567,星期日,wan_phra,泰國佛日,วันพระ,Wan Phra,thai-buddhist,ขึ้น 8 ค่ำ เดือน 4,4,8,waxing,8,
2024-03-24,2024,2567,星期日,wan_phra,泰國佛日,วันพระ,Wan Phra,thai-buddhist,ขึ้น 15 ค่ำ เดือน 4,4,15,waxing,15,
2024-04-01,2024,2567,星期一,wan_phra,泰國佛日,วันพระ,Wan Phra,thai-buddhist,แรม 8 ค่ำ เดือน 4,4,23,waning,8,
2024-04-08,2024,2567,星期一,wan_phra,泰國佛日,วันพระ,Wan Phra,thai-buddhist,แรม 15 ค่ำ เดือน 4,4,30,waning,15,
2024-04-13,2024,2567,星期六,sao_ha_candidate,騷哈日候選 / 稍哈日候選,เสาร์ 5,Sao Ha candidate,thai-amulet-auspicious-day,ขึ้น 5 ค่ำ เดือน 5,5,5,waxing,5,按規則產生：星期六 + 泰國陰曆 5 月 + ขึ้น 5 ค่ำ 或 แรม 5 ค่ำ。未做人工作法會或高僧認定。
2024-04-16,2024,2567,星期二,wan_phra,泰國佛日,วันพระ,Wan Phra,thai-buddhist,ขึ้น 8 ค่ำ เดือน 5,5,8,waxing,8,
2024-04-23,2024,2567,星期二,wan_phra,泰國佛日,วันพระ,Wan Phra,thai-buddhist,ขึ้น 15 ค่ำ เดือน 5,5,15,waxing,15,
2024-05-01,2024,2567,星期三,wan_phra,泰國佛日,วันพระ,Wan Phra,thai-buddhist,แรม 8 ค่ำ เดือน 5,5,23,waning,8,
2024-05-07,2024,2567,星期二,wan_phra,泰國佛日,วันพระ,Wan Phra,thai-buddhist,แรม 14 ค่ำ เดือน 5,5,29,waning,14,
2024-05-15,2024,2567,星期三,wan_phra,泰國佛日,วันพระ,Wan Phra,thai-buddhist,ขึ้น 8 ค่ำ เดือน 6,6,8,waxing,8,
2024-05-22,2024,2567,星期三,visakha_bucha,衛塞節,วิสาขบูชา,Visakha Bucha,thai-buddhist-major,ขึ้น 15 ค่ำ เดือน 6,6,15,waxing,15,
2024-05-22,2024,2567,星期三,wan_phra,泰國佛日,วันพระ,Wan Phra,thai-buddhist,ขึ้น 15 ค่ำ เดือน 6,6,15,waxing,15,
2024-05-30,2024,2567,星期四,wan_phra,泰國佛日,วันพระ,Wan Phra,thai-buddhist,แรม 8 ค่ำ เดือน 6,6,23,waning,8,
2024-06-06,2024,2567,星期四,wan_phra,泰國佛日,วันพระ,Wan Phra,thai-buddhist,แรม 15 ค่ำ เดือน 6,6,30,waning,15,
2024-06-14,2024,2567,星期五,wan_phra,泰國佛日,วันพระ,Wan Phra,thai-buddhist,ขึ้น 8 ค่ำ เดือน 7,7,8,waxing,8,
2024-06-21,2024,2567,星期五,wan_phra,泰國佛日,วันพระ,Wan Phra,thai-buddhist,ขึ้น 15 ค่ำ เดือน 7,7,15,waxing,15,
2024-06-29,2024,2567,星期六,wan_phra,泰國佛日,วันพระ,Wan Phra,thai-buddhist,แรม 8 ค่ำ เดือน 7,7,23,waning,8,
2024-07-05,2024,2567,星期五,wan_phra,泰國佛日,วันพระ,Wan Phra,thai-buddhist,แรม 14 ค่ำ เดือน 7,7,29,waning,14,
2024-07-13,2024,2567,星期六,wan_phra,泰國佛日,วันพระ,Wan Phra,thai-buddhist,ขึ้น 8 ค่ำ เดือน 8,8,8,waxing,8,
2024-07-20,2024,2567,星期六,wan_phra,泰國佛日,วันพระ,Wan Phra,thai-buddhist,ขึ้น 15 ค่ำ เดือน 8,8,15,waxing,15,
2024-07-21,2024,2567,星期日,khao_phansa,入雨安居,เข้าพรรษา,Khao Phansa,thai-buddhist-major,แรม 1 ค่ำ เดือน 8,8,16,waning,1,
2024-07-28,2024,2567,星期日,wan_phra,泰國佛日,วันพระ,Wan Phra,thai-buddhist,แรม 8 ค่ำ เดือน 8,8,23,waning,8,
2024-08-04,2024,2567,星期日,wan_phra,泰國佛日,วันพระ,Wan Phra,thai-buddhist,แรม 15 ค่ำ เดือน 8,8,30,waning,15,
2024-08-12,2024,2567,星期一,wan_phra,泰國佛日,วันพระ,Wan Phra,thai-buddhist,ขึ้น 8 ค่ำ เดือน 9,9,8,waxing,8,
2024-08-19,2024,2567,星期一,wan_phra,泰國佛日,วันพระ,Wan Phra,thai-buddhist,ขึ้น 15 ค่ำ เดือน 9,9,15,waxing,15,
2024-08-27,2024,2567,星期二,wan_phra,泰國佛日,วันพระ,Wan Phra,thai-buddhist,แรม 8 ค่ำ เดือน 9,9,23,waning,8,
2024-09-02,2024,2567,星期一,wan_phra,泰國佛日,วันพระ,Wan Phra,thai-buddhist,แรม 14 ค่ำ เดือน 9,9,29,waning,14,
2024-09-10,2024,2567,星期二,wan_phra,泰國佛日,วันพระ,Wan Phra,thai-buddhist,ขึ้น 8 ค่ำ เดือน 10,10,8,waxing,8,
2024-09-17,2024,2567,星期二,wan_phra,泰國佛日,วันพระ,Wan Phra,thai-buddhist,ขึ้น 15 ค่ำ เดือน 10,10,15,waxing,15,
2024-09-25,2024,2567,星期三,wan_phra,泰國佛日,วันพระ,Wan Phra,thai-buddhist,แรม 8 ค่ำ เดือน 10,10,23,waning,8,
2024-10-02,2024,2567,星期三,wan_phra,泰國佛日,วันพระ,Wan Phra,thai-buddhist,แรม 15 ค่ำ เดือน 10,10,30,waning,15,
2024-10-10,2024,2567,星期四,wan_phra,泰國佛日,วันพระ,Wan Phra,thai-buddhist,ขึ้น 8 ค่ำ เดือน 11,11,8,waxing,8,
2024-10-17,2024,2567,星期四,ok_phansa,出雨安居,ออกพรรษา,Ok Phansa,thai-buddhist-major,ขึ้น 15 ค่ำ เดือน 11,11,15,waxing,15,
2024-10-17,2024,2567,星期四,wan_phra,泰國佛日,วันพระ,Wan Phra,thai-buddhist,ขึ้น 15 ค่ำ เดือน 11,11,15,waxing,15,
2024-10-25,2024,2567,星期五,wan_phra,泰國佛日,วันพระ,Wan Phra,thai-buddhist,แรม 8 ค่ำ เดือน 11,11,23,waning,8,
2024-10-31,2024,2567,星期四,wan_phra,泰國佛日,วันพระ,Wan Phra,thai-buddhist,แรม 14 ค่ำ เดือน 11,11,29,waning,14,
2024-11-08,2024,2567,星期五,wan_phra,泰國佛日,วันพระ,Wan Phra,thai-buddhist,ขึ้น 8 ค่ำ เดือน 12,12,8,waxing,8,
2024-11-15,2024,2567,星期五,wan_phra,泰國佛日,วันพระ,Wan Phra,thai-buddhist,ขึ้น 15 ค่ำ เดือน 12,12,15,waxing,15,
2024-11-23,2024,2567,星期六,wan_phra,泰國佛日,วันพระ,Wan Phra,thai-buddhist,แรม 8 ค่ำ เดือน 12,12,23,waning,8,
2024-11-30,2024,2567,星期六,wan_phra,泰國佛日,วันพระ,Wan Phra,thai-buddhist,แรม 15 ค่ำ เดือน 12,12,30,waning,15,
2024-12-08,2024,2567,星期日,wan_phra,泰國佛日,วันพระ,Wan Phra,thai-buddhist,ขึ้น 8 ค่ำ เดือน 1,1,8,waxing,8,
2024-12-15,2024,2567,星期日,wan_phra,泰國佛日,วันพระ,Wan Phra,thai-buddhist,ขึ้น 15 ค่ำ เดือน 1,1,15,waxing,15,
2024-12-23,2024,2567,星期一,wan_phra,泰國佛日,วันพระ,Wan Phra,thai-buddhist,แรม 8 ค่ำ เดือน 1,1,23,waning,8,
2024-12-29,2024,2567,星期日,wan_phra,泰國佛日,วันพระ,Wan Phra,thai-buddhist,แรม 14 ค่ำ เดือน 1,1,29,waning,14,
2025-01-06,2025,2568,星期一,wan_phra,泰國佛日,วันพระ,Wan Phra,thai-buddhist,ขึ้น 8 ค่ำ เดือน 2,2,8,waxing,8,
2025-01-13,2025,2568,星期一,wan_phra,泰國佛日,วันพระ,Wan Phra,thai-buddhist,ขึ้น 15 ค่ำ เดือน 2,2,15,waxing,15,
2025-01-21,2025,2568,星期二,wan_phra,泰國佛日,วันพระ,Wan Phra,thai-buddhist,แรม 8 ค่ำ เดือน 2,2,23,waning,8,
2025-01-28,2025,2568,星期二,wan_phra,泰國佛日,วันพระ,Wan Phra,thai-buddhist,แรม 15 ค่ำ เดือน 2,2,30,waning,15,
2025-02-05,2025,2568,星期三,wan_phra,泰國佛日,วันพระ,Wan Phra,thai-buddhist,ขึ้น 8 ค่ำ เดือน 3,3,8,waxing,8,
2025-02-12,2025,2568,星期三,makha_bucha,萬佛節,มาฆบูชา,Makha Bucha,thai-buddhist-major,ขึ้น 15 ค่ำ เดือน 3,3,15,waxing,15,
2025-02-12,2025,2568,星期三,wan_phra,泰國佛日,วันพระ,Wan Phra,thai-buddhist,ขึ้น 15 ค่ำ เดือน 3,3,15,waxing,15,
2025-02-20,2025,2568,星期四,wan_phra,泰國佛日,วันพระ,Wan Phra,thai-buddhist,แรม 8 ค่ำ เดือน 3,3,23,waning,8,
2025-02-26,2025,2568,星期三,wan_phra,泰國佛日,วันพระ,Wan Phra,thai-buddhist,แรม 14 ค่ำ เดือน 3,3,29,waning,14,
2025-03-06,2025,2568,星期四,wan_phra,泰國佛日,วันพระ,Wan Phra,thai-buddhist,ขึ้น 8 ค่ำ เดือน 4,4,8,waxing,8,
2025-03-13,2025,2568,星期四,wan_phra,泰國佛日,วันพระ,Wan Phra,thai-buddhist,ขึ้น 15 ค่ำ เดือน 4,4,15,waxing,15,
2025-03-21,2025,2568,星期五,wan_phra,泰國佛日,วันพระ,Wan Phra,thai-buddhist,แรม 8 ค่ำ เดือน 4,4,23,waning,8,
2025-03-28,2025,2568,星期五,wan_phra,泰國佛日,วันพระ,Wan Phra,thai-buddhist,แรม 15 ค่ำ เดือน 4,4,30,waning,15,
2025-04-05,2025,2568,星期六,wan_phra,泰國佛日,วันพระ,Wan Phra,thai-buddhist,ขึ้น 8 ค่ำ เดือน 5,5,8,waxing,8,
2025-04-12,2025,2568,星期六,wan_phra,泰國佛日,วันพระ,Wan Phra,thai-buddhist,ขึ้น 15 ค่ำ เดือน 5,5,15,waxing,15,
2025-04-20,2025,2568,星期日,wan_phra,泰國佛日,วันพระ,Wan Phra,thai-buddhist,แรม 8 ค่ำ เดือน 5,5,23,waning,8,
2025-04-26,2025,2568,星期六,wan_phra,泰國佛日,วันพระ,Wan Phra,thai-buddhist,แรม 14 ค่ำ เดือน 5,5,29,waning,14,
2025-05-04,2025,2568,星期日,wan_phra,泰國佛日,วันพระ,Wan Phra,thai-buddhist,ขึ้น 8 ค่ำ เดือน 6,6,8,waxing,8,
2025-05-11,2025,2568,星期日,visakha_bucha,衛塞節,วิสาขบูชา,Visakha Bucha,thai-buddhist-major,ขึ้น 15 ค่ำ เดือน 6,6,15,waxing,15,
2025-05-11,2025,2568,星期日,wan_phra,泰國佛日,วันพระ,Wan Phra,thai-buddhist,ขึ้น 15 ค่ำ เดือน 6,6,15,waxing,15,
2025-05-19,2025,2568,星期一,wan_phra,泰國佛日,วันพระ,Wan Phra,thai-buddhist,แรม 8 ค่ำ เดือน 6,6,23,waning,8,
2025-05-26,2025,2568,星期一,wan_phra,泰國佛日,วันพระ,Wan Phra,thai-buddhist,แรม 15 ค่ำ เดือน 6,6,30,waning,15,
2025-06-03,2025,2568,星期二,wan_phra,泰國佛日,วันพระ,Wan Phra,thai-buddhist,ขึ้น 8 ค่ำ เดือน 7,7,8,waxing,8,
2025-06-10,2025,2568,星期二,wan_phra,泰國佛日,วันพระ,Wan Phra,thai-buddhist,ขึ้น 15 ค่ำ เดือน 7,7,15,waxing,15,
2025-06-18,2025,2568,星期三,wan_phra,泰國佛日,วันพระ,Wan Phra,thai-buddhist,แรม 8 ค่ำ เดือน 7,7,23,waning,8,
2025-06-25,2025,2568,星期三,wan_phra,泰國佛日,วันพระ,Wan Phra,thai-buddhist,แรม 15 ค่ำ เดือน 7,7,30,waning,15,
2025-07-03,2025,2568,星期四,wan_phra,泰國佛日,วันพระ,Wan Phra,thai-buddhist,ขึ้น 8 ค่ำ เดือน 8,8,8,waxing,8,
2025-07-10,2025,2568,星期四,wan_phra,泰國佛日,วันพระ,Wan Phra,thai-buddhist,ขึ้น 15 ค่ำ เดือน 8,8,15,waxing,15,
2025-07-11,2025,2568,星期五,khao_phansa,入雨安居,เข้าพรรษา,Khao Phansa,thai-buddhist-major,แรม 1 ค่ำ เดือน 8,8,16,waning,1,
2025-07-18,2025,2568,星期五,wan_phra,泰國佛日,วันพระ,Wan Phra,thai-buddhist,แรม 8 ค่ำ เดือน 8,8,23,waning,8,
2025-07-25,2025,2568,星期五,wan_phra,泰國佛日,วันพระ,Wan Phra,thai-buddhist,แรม 15 ค่ำ เดือน 8,8,30,waning,15,
2025-08-02,2025,2568,星期六,wan_phra,泰國佛日,วันพระ,Wan Phra,thai-buddhist,ขึ้น 8 ค่ำ เดือน 9,9,8,waxing,8,
2025-08-09,2025,2568,星期六,wan_phra,泰國佛日,วันพระ,Wan Phra,thai-buddhist,ขึ้น 15 ค่ำ เดือน 9,9,15,waxing,15,
2025-08-17,2025,2568,星期日,wan_phra,泰國佛日,วันพระ,Wan Phra,thai-buddhist,แรม 8 ค่ำ เดือน 9,9,23,waning,8,
2025-08-23,2025,2568,星期六,wan_phra,泰國佛日,วันพระ,Wan Phra,thai-buddhist,แรม 14 ค่ำ เดือน 9,9,29,waning,14,
2025-08-31,2025,2568,星期日,wan_phra,泰國佛日,วันพระ,Wan Phra,thai-buddhist,ขึ้น 8 ค่ำ เดือน 10,10,8,waxing,8,
2025-09-07,2025,2568,星期日,wan_phra,泰國佛日,วันพระ,Wan Phra,thai-buddhist,ขึ้น 15 ค่ำ เดือน 10,10,15,waxing,15,
2025-09-15,2025,2568,星期一,wan_phra,泰國佛日,วันพระ,Wan Phra,thai-buddhist,แรม 8 ค่ำ เดือน 10,10,23,waning,8,
2025-09-22,2025,2568,星期一,wan_phra,泰國佛日,วันพระ,Wan Phra,thai-buddhist,แรม 15 ค่ำ เดือน 10,10,30,waning,15,
2025-09-30,2025,2568,星期二,wan_phra,泰國佛日,วันพระ,Wan Phra,thai-buddhist,ขึ้น 8 ค่ำ เดือน 11,11,8,waxing,8,
2025-10-07,2025,2568,星期二,ok_phansa,出雨安居,ออกพรรษา,Ok Phansa,thai-buddhist-major,ขึ้น 15 ค่ำ เดือน 11,11,15,waxing,15,
2025-10-07,2025,2568,星期二,wan_phra,泰國佛日,วันพระ,Wan Phra,thai-buddhist,ขึ้น 15 ค่ำ เดือน 11,11,15,waxing,15,
2025-10-15,2025,2568,星期三,wan_phra,泰國佛日,วันพระ,Wan Phra,thai-buddhist,แรม 8 ค่ำ เดือน 11,11,23,waning,8,
2025-10-21,2025,2568,星期二,wan_phra,泰國佛日,วันพระ,Wan Phra,thai-buddhist,แรม 14 ค่ำ เดือน 11,11,29,waning,14,
2025-10-29,2025,2568,星期三,wan_phra,泰國佛日,วันพระ,Wan Phra,thai-buddhist,ขึ้น 8 ค่ำ เดือน 12,12,8,waxing,8,
2025-11-05,2025,2568,星期三,wan_phra,泰國佛日,วันพระ,Wan Phra,thai-buddhist,ขึ้น 15 ค่ำ เดือน 12,12,15,waxing,15,
2025-11-13,2025,2568,星期四,wan_phra,泰國佛日,วันพระ,Wan Phra,thai-buddhist,แรม 8 ค่ำ เดือน 12,12,23,waning,8,
2025-11-20,2025,2568,星期四,wan_phra,泰國佛日,วันพระ,Wan Phra,thai-buddhist,แรม 15 ค่ำ เดือน 12,12,30,waning,15,
2025-11-28,2025,2568,星期五,wan_phra,泰國佛日,วันพระ,Wan Phra,thai-buddhist,ขึ้น 8 ค่ำ เดือน 1,1,8,waxing,8,
2025-12-05,2025,2568,星期五,wan_phra,泰國佛日,วันพระ,Wan Phra,thai-buddhist,ขึ้น 15 ค่ำ เดือน 1,1,15,waxing,15,
2025-12-13,2025,2568,星期六,wan_phra,泰國佛日,วันพระ,Wan Phra,thai-buddhist,แรม 8 ค่ำ เดือน 1,1,23,waning,8,
2025-12-19,2025,2568,星期五,wan_phra,泰國佛日,วันพระ,Wan Phra,thai-buddhist,แรม 14 ค่ำ เดือน 1,1,29,waning,14,
2025-12-27,2025,2568,星期六,wan_phra,泰國佛日,วันพระ,Wan Phra,thai-buddhist,ขึ้น 8 ค่ำ เดือน 2,2,8,waxing,8,
2026-01-03,2026,2569,星期六,wan_phra,泰國佛日,วันพระ,Wan Phra,thai-buddhist,ขึ้น 15 ค่ำ เดือน 2,2,15,waxing,15,
2026-01-11,2026,2569,星期日,wan_phra,泰國佛日,วันพระ,Wan Phra,thai-buddhist,แรม 8 ค่ำ เดือน 2,2,23,waning,8,
2026-01-18,2026,2569,星期日,wan_phra,泰國佛日,วันพระ,Wan Phra,thai-buddhist,แรม 15 ค่ำ เดือน 2,2,30,waning,15,
2026-01-26,2026,2569,星期一,wan_phra,泰國佛日,วันพระ,Wan Phra,thai-buddhist,ขึ้น 8 ค่ำ เดือน 3,3,8,waxing,8,
2026-02-02,2026,2569,星期一,wan_phra,泰國佛日,วันพระ,Wan Phra,thai-buddhist,ขึ้น 15 ค่ำ เดือน 3,3,15,waxing,15,
2026-02-10,2026,2569,星期二,wan_phra,泰國佛日,วันพระ,Wan Phra,thai-buddhist,แรม 8 ค่ำ เดือน 3,3,23,waning,8,
2026-02-16,2026,2569,星期一,wan_phra,泰國佛日,วันพระ,Wan Phra,thai-buddhist,แรม 14 ค่ำ เดือน 3,3,29,waning,14,
2026-02-24,2026,2569,星期二,wan_phra,泰國佛日,วันพระ,Wan Phra,thai-buddhist,ขึ้น 8 ค่ำ เดือน 4,4,8,waxing,8,
2026-03-03,2026,2569,星期二,makha_bucha,萬佛節,มาฆบูชา,Makha Bucha,thai-buddhist-major,ขึ้น 15 ค่ำ เดือน 4,4,15,waxing,15,
2026-03-03,2026,2569,星期二,wan_phra,泰國佛日,วันพระ,Wan Phra,thai-buddhist,ขึ้น 15 ค่ำ เดือน 4,4,15,waxing,15,
2026-03-11,2026,2569,星期三,wan_phra,泰國佛日,วันพระ,Wan Phra,thai-buddhist,แรม 8 ค่ำ เดือน 4,4,23,waning,8,
2026-03-18,2026,2569,星期三,wan_phra,泰國佛日,วันพระ,Wan Phra,thai-buddhist,แรม 15 ค่ำ เดือน 4,4,30,waning,15,
2026-03-26,2026,2569,星期四,wan_phra,泰國佛日,วันพระ,Wan Phra,thai-buddhist,ขึ้น 8 ค่ำ เดือน 5,5,8,waxing,8,
2026-04-02,2026,2569,星期四,wan_phra,泰國佛日,วันพระ,Wan Phra,thai-buddhist,ขึ้น 15 ค่ำ เดือน 5,5,15,waxing,15,
2026-04-10,2026,2569,星期五,wan_phra,泰國佛日,วันพระ,Wan Phra,thai-buddhist,แรม 8 ค่ำ เดือน 5,5,23,waning,8,
2026-04-16,2026,2569,星期四,wan_phra,泰國佛日,วันพระ,Wan Phra,thai-buddhist,แรม 14 ค่ำ เดือน 5,5,29,waning,14,
2026-04-24,2026,2569,星期五,wan_phra,泰國佛日,วันพระ,Wan Phra,thai-buddhist,ขึ้น 8 ค่ำ เดือน 6,6,8,waxing,8,
2026-05-01,2026,2569,星期五,wan_phra,泰國佛日,วันพระ,Wan Phra,thai-buddhist,ขึ้น 15 ค่ำ เดือน 6,6,15,waxing,15,
2026-05-09,2026,2569,星期六,wan_phra,泰國佛日,วันพระ,Wan Phra,thai-buddhist,แรม 8 ค่ำ เดือน 6,6,23,waning,8,
2026-05-16,2026,2569,星期六,wan_phra,泰國佛日,วันพระ,Wan Phra,thai-buddhist,แรม 15 ค่ำ เดือน 6,6,30,waning,15,
2026-05-24,2026,2569,星期日,wan_phra,泰國佛日,วันพระ,Wan Phra,thai-buddhist,ขึ้น 8 ค่ำ เดือน 7,7,8,waxing,8,
2026-05-31,2026,2569,星期日,visakha_bucha,衛塞節,วิสาขบูชา,Visakha Bucha,thai-buddhist-major,ขึ้น 15 ค่ำ เดือน 7,7,15,waxing,15,
2026-05-31,2026,2569,星期日,wan_phra,泰國佛日,วันพระ,Wan Phra,thai-buddhist,ขึ้น 15 ค่ำ เดือน 7,7,15,waxing,15,
2026-06-08,2026,2569,星期一,wan_phra,泰國佛日,วันพระ,Wan Phra,thai-buddhist,แรม 8 ค่ำ เดือน 7,7,23,waning,8,
2026-06-14,2026,2569,星期日,wan_phra,泰國佛日,วันพระ,Wan Phra,thai-buddhist,แรม 14 ค่ำ เดือน 7,7,29,waning,14,
2026-06-22,2026,2569,星期一,wan_phra,泰國佛日,วันพระ,Wan Phra,thai-buddhist,ขึ้น 8 ค่ำ เดือน 8,8,8,waxing,8,
2026-06-29,2026,2569,星期一,wan_phra,泰國佛日,วันพระ,Wan Phra,thai-buddhist,ขึ้น 15 ค่ำ เดือน 8,8,15,waxing,15,
2026-07-07,2026,2569,星期二,wan_phra,泰國佛日,วันพระ,Wan Phra,thai-buddhist,แรม 8 ค่ำ เดือน 8,8,23,waning,8,
2026-07-14,2026,2569,星期二,wan_phra,泰國佛日,วันพระ,Wan Phra,thai-buddhist,แรม 15 ค่ำ เดือน 8,8,30,waning,15,
2026-07-22,2026,2569,星期三,wan_phra,泰國佛日,วันพระ,Wan Phra,thai-buddhist,ขึ้น 8 ค่ำ เดือน 88,88,8,waxing,8,
2026-07-29,2026,2569,星期三,wan_phra,泰國佛日,วันพระ,Wan Phra,thai-buddhist,ขึ้น 15 ค่ำ เดือน 88,88,15,waxing,15,
2026-07-30,2026,2569,星期四,khao_phansa,入雨安居,เข้าพรรษา,Khao Phansa,thai-buddhist-major,แรม 1 ค่ำ เดือน 88,88,16,waning,1,
2026-08-06,2026,2569,星期四,wan_phra,泰國佛日,วันพระ,Wan Phra,thai-buddhist,แรม 8 ค่ำ เดือน 88,88,23,waning,8,
2026-08-13,2026,2569,星期四,wan_phra,泰國佛日,วันพระ,Wan Phra,thai-buddhist,แรม 15 ค่ำ เดือน 88,88,30,waning,15,
2026-08-21,2026,2569,星期五,wan_phra,泰國佛日,วันพระ,Wan Phra,thai-buddhist,ขึ้น 8 ค่ำ เดือน 9,9,8,waxing,8,
2026-08-28,2026,2569,星期五,wan_phra,泰國佛日,วันพระ,Wan Phra,thai-buddhist,ขึ้น 15 ค่ำ เดือน 9,9,15,waxing,15,
2026-09-05,2026,2569,星期六,wan_phra,泰國佛日,วันพระ,Wan Phra,thai-buddhist,แรม 8 ค่ำ เดือน 9,9,23,waning,8,
2026-09-11,2026,2569,星期五,wan_phra,泰國佛日,วันพระ,Wan Phra,thai-buddhist,แรม 14 ค่ำ เดือน 9,9,29,waning,14,
2026-09-19,2026,2569,星期六,wan_phra,泰國佛日,วันพระ,Wan Phra,thai-buddhist,ขึ้น 8 ค่ำ เดือน 10,10,8,waxing,8,
2026-09-26,2026,2569,星期六,wan_phra,泰國佛日,วันพระ,Wan Phra,thai-buddhist,ขึ้น 15 ค่ำ เดือน 10,10,15,waxing,15,
2026-10-04,2026,2569,星期日,wan_phra,泰國佛日,วันพระ,Wan Phra,thai-buddhist,แรม 8 ค่ำ เดือน 10,10,23,waning,8,
2026-10-11,2026,2569,星期日,wan_phra,泰國佛日,วันพระ,Wan Phra,thai-buddhist,แรม 15 ค่ำ เดือน 10,10,30,waning,15,
2026-10-19,2026,2569,星期一,wan_phra,泰國佛日,วันพระ,Wan Phra,thai-buddhist,ขึ้น 8 ค่ำ เดือน 11,11,8,waxing,8,
2026-10-26,2026,2569,星期一,ok_phansa,出雨安居,ออกพรรษา,Ok Phansa,thai-buddhist-major,ขึ้น 15 ค่ำ เดือน 11,11,15,waxing,15,
2026-10-26,2026,2569,星期一,wan_phra,泰國佛日,วันพระ,Wan Phra,thai-buddhist,ขึ้น 15 ค่ำ เดือน 11,11,15,waxing,15,
2026-11-03,2026,2569,星期二,wan_phra,泰國佛日,วันพระ,Wan Phra,thai-buddhist,แรม 8 ค่ำ เดือน 11,11,23,waning,8,
2026-11-09,2026,2569,星期一,wan_phra,泰國佛日,วันพระ,Wan Phra,thai-buddhist,แรม 14 ค่ำ เดือน 11,11,29,waning,14,
2026-11-17,2026,2569,星期二,wan_phra,泰國佛日,วันพระ,Wan Phra,thai-buddhist,ขึ้น 8 ค่ำ เดือน 12,12,8,waxing,8,
2026-11-24,2026,2569,星期二,wan_phra,泰國佛日,วันพระ,Wan Phra,thai-buddhist,ขึ้น 15 ค่ำ เดือน 12,12,15,waxing,15,
2026-12-02,2026,2569,星期三,wan_phra,泰國佛日,วันพระ,Wan Phra,thai-buddhist,แรม 8 ค่ำ เดือน 12,12,23,waning,8,
2026-12-09,2026,2569,星期三,wan_phra,泰國佛日,วันพระ,Wan Phra,thai-buddhist,แรม 15 ค่ำ เดือน 12,12,30,waning,15,
2026-12-17,2026,2569,星期四,wan_phra,泰國佛日,วันพระ,Wan Phra,thai-buddhist,ขึ้น 8 ค่ำ เดือน 1,1,8,waxing,8,
2026-12-24,2026,2569,星期四,wan_phra,泰國佛日,วันพระ,Wan Phra,thai-buddhist,ขึ้น 15 ค่ำ เดือน 1,1,15,waxing,15,
2027-01-01,2027,2570,星期五,wan_phra,泰國佛日,วันพระ,Wan Phra,thai-buddhist,แรม 8 ค่ำ เดือน 1,1,23,waning,8,
2027-01-07,2027,2570,星期四,wan_phra,泰國佛日,วันพระ,Wan Phra,thai-buddhist,แรม 14 ค่ำ เดือน 1,1,29,waning,14,
2027-01-15,2027,2570,星期五,wan_phra,泰國佛日,วันพระ,Wan Phra,thai-buddhist,ขึ้น 8 ค่ำ เดือน 2,2,8,waxing,8,
2027-01-22,2027,2570,星期五,wan_phra,泰國佛日,วันพระ,Wan Phra,thai-buddhist,ขึ้น 15 ค่ำ เดือน 2,2,15,waxing,15,
2027-01-30,2027,2570,星期六,wan_phra,泰國佛日,วันพระ,Wan Phra,thai-buddhist,แรม 8 ค่ำ เดือน 2,2,23,waning,8,
2027-02-06,2027,2570,星期六,wan_phra,泰國佛日,วันพระ,Wan Phra,thai-buddhist,แรม 15 ค่ำ เดือน 2,2,30,waning,15,
2027-02-14,2027,2570,星期日,wan_phra,泰國佛日,วันพระ,Wan Phra,thai-buddhist,ขึ้น 8 ค่ำ เดือน 3,3,8,waxing,8,
2027-02-21,2027,2570,星期日,makha_bucha,萬佛節,มาฆบูชา,Makha Bucha,thai-buddhist-major,ขึ้น 15 ค่ำ เดือน 3,3,15,waxing,15,
2027-02-21,2027,2570,星期日,wan_phra,泰國佛日,วันพระ,Wan Phra,thai-buddhist,ขึ้น 15 ค่ำ เดือน 3,3,15,waxing,15,
2027-03-01,2027,2570,星期一,wan_phra,泰國佛日,วันพระ,Wan Phra,thai-buddhist,แรม 8 ค่ำ เดือน 3,3,23,waning,8,
2027-03-07,2027,2570,星期日,wan_phra,泰國佛日,วันพระ,Wan Phra,thai-buddhist,แรม 14 ค่ำ เดือน 3,3,29,waning,14,
2027-03-15,2027,2570,星期一,wan_phra,泰國佛日,วันพระ,Wan Phra,thai-buddhist,ขึ้น 8 ค่ำ เดือน 4,4,8,waxing,8,
2027-03-22,2027,2570,星期一,wan_phra,泰國佛日,วันพระ,Wan Phra,thai-buddhist,ขึ้น 15 ค่ำ เดือน 4,4,15,waxing,15,
2027-03-30,2027,2570,星期二,wan_phra,泰國佛日,วันพระ,Wan Phra,thai-buddhist,แรม 8 ค่ำ เดือน 4,4,23,waning,8,
2027-04-06,2027,2570,星期二,wan_phra,泰國佛日,วันพระ,Wan Phra,thai-buddhist,แรม 15 ค่ำ เดือน 4,4,30,waning,15,
2027-04-14,2027,2570,星期三,wan_phra,泰國佛日,วันพระ,Wan Phra,thai-buddhist,ขึ้น 8 ค่ำ เดือน 5,5,8,waxing,8,
2027-04-21,2027,2570,星期三,wan_phra,泰國佛日,วันพระ,Wan Phra,thai-buddhist,ขึ้น 15 ค่ำ เดือน 5,5,15,waxing,15,
2027-04-29,2027,2570,星期四,wan_phra,泰國佛日,วันพระ,Wan Phra,thai-buddhist,แรม 8 ค่ำ เดือน 5,5,23,waning,8,
2027-05-05,2027,2570,星期三,wan_phra,泰國佛日,วันพระ,Wan Phra,thai-buddhist,แรม 14 ค่ำ เดือน 5,5,29,waning,14,
2027-05-13,2027,2570,星期四,wan_phra,泰國佛日,วันพระ,Wan Phra,thai-buddhist,ขึ้น 8 ค่ำ เดือน 6,6,8,waxing,8,
2027-05-20,2027,2570,星期四,visakha_bucha,衛塞節,วิสาขบูชา,Visakha Bucha,thai-buddhist-major,ขึ้น 15 ค่ำ เดือน 6,6,15,waxing,15,
2027-05-20,2027,2570,星期四,wan_phra,泰國佛日,วันพระ,Wan Phra,thai-buddhist,ขึ้น 15 ค่ำ เดือน 6,6,15,waxing,15,
2027-05-28,2027,2570,星期五,wan_phra,泰國佛日,วันพระ,Wan Phra,thai-buddhist,แรม 8 ค่ำ เดือน 6,6,23,waning,8,
2027-06-04,2027,2570,星期五,wan_phra,泰國佛日,วันพระ,Wan Phra,thai-buddhist,แรม 15 ค่ำ เดือน 6,6,30,waning,15,
2027-06-12,2027,2570,星期六,wan_phra,泰國佛日,วันพระ,Wan Phra,thai-buddhist,ขึ้น 8 ค่ำ เดือน 7,7,8,waxing,8,
2027-06-19,2027,2570,星期六,wan_phra,泰國佛日,วันพระ,Wan Phra,thai-buddhist,ขึ้น 15 ค่ำ เดือน 7,7,15,waxing,15,
2027-06-27,2027,2570,星期日,wan_phra,泰國佛日,วันพระ,Wan Phra,thai-buddhist,แรม 8 ค่ำ เดือน 7,7,23,waning,8,
2027-07-03,2027,2570,星期六,wan_phra,泰國佛日,วันพระ,Wan Phra,thai-buddhist,แรม 14 ค่ำ เดือน 7,7,29,waning,14,
2027-07-11,2027,2570,星期日,wan_phra,泰國佛日,วันพระ,Wan Phra,thai-buddhist,ขึ้น 8 ค่ำ เดือน 8,8,8,waxing,8,
2027-07-18,2027,2570,星期日,wan_phra,泰國佛日,วันพระ,Wan Phra,thai-buddhist,ขึ้น 15 ค่ำ เดือน 8,8,15,waxing,15,
2027-07-19,2027,2570,星期一,khao_phansa,入雨安居,เข้าพรรษา,Khao Phansa,thai-buddhist-major,แรม 1 ค่ำ เดือน 8,8,16,waning,1,
2027-07-26,2027,2570,星期一,wan_phra,泰國佛日,วันพระ,Wan Phra,thai-buddhist,แรม 8 ค่ำ เดือน 8,8,23,waning,8,
2027-08-02,2027,2570,星期一,wan_phra,泰國佛日,วันพระ,Wan Phra,thai-buddhist,แรม 15 ค่ำ เดือน 8,8,30,waning,15,
2027-08-10,2027,2570,星期二,wan_phra,泰國佛日,วันพระ,Wan Phra,thai-buddhist,ขึ้น 8 ค่ำ เดือน 9,9,8,waxing,8,
2027-08-17,2027,2570,星期二,wan_phra,泰國佛日,วันพระ,Wan Phra,thai-buddhist,ขึ้น 15 ค่ำ เดือน 9,9,15,waxing,15,
2027-08-25,2027,2570,星期三,wan_phra,泰國佛日,วันพระ,Wan Phra,thai-buddhist,แรม 8 ค่ำ เดือน 9,9,23,waning,8,
2027-08-31,2027,2570,星期二,wan_phra,泰國佛日,วันพระ,Wan Phra,thai-buddhist,แรม 14 ค่ำ เดือน 9,9,29,waning,14,
2027-09-08,2027,2570,星期三,wan_phra,泰國佛日,วันพระ,Wan Phra,thai-buddhist,ขึ้น 8 ค่ำ เดือน 10,10,8,waxing,8,
2027-09-15,2027,2570,星期三,wan_phra,泰國佛日,วันพระ,Wan Phra,thai-buddhist,ขึ้น 15 ค่ำ เดือน 10,10,15,waxing,15,
2027-09-23,2027,2570,星期四,wan_phra,泰國佛日,วันพระ,Wan Phra,thai-buddhist,แรม 8 ค่ำ เดือน 10,10,23,waning,8,
2027-09-30,2027,2570,星期四,wan_phra,泰國佛日,วันพระ,Wan Phra,thai-buddhist,แรม 15 ค่ำ เดือน 10,10,30,waning,15,
2027-10-08,2027,2570,星期五,wan_phra,泰國佛日,วันพระ,Wan Phra,thai-buddhist,ขึ้น 8 ค่ำ เดือน 11,11,8,waxing,8,
2027-10-15,2027,2570,星期五,ok_phansa,出雨安居,ออกพรรษา,Ok Phansa,thai-buddhist-major,ขึ้น 15 ค่ำ เดือน 11,11,15,waxing,15,
2027-10-15,2027,2570,星期五,wan_phra,泰國佛日,วันพระ,Wan Phra,thai-buddhist,ขึ้น 15 ค่ำ เดือน 11,11,15,waxing,15,
2027-10-23,2027,2570,星期六,wan_phra,泰國佛日,วันพระ,Wan Phra,thai-buddhist,แรม 8 ค่ำ เดือน 11,11,23,waning,8,
2027-10-29,2027,2570,星期五,wan_phra,泰國佛日,วันพระ,Wan Phra,thai-buddhist,แรม 14 ค่ำ เดือน 11,11,29,waning,14,
2027-11-06,2027,2570,星期六,wan_phra,泰國佛日,วันพระ,Wan Phra,thai-buddhist,ขึ้น 8 ค่ำ เดือน 12,12,8,waxing,8,
2027-11-13,2027,2570,星期六,wan_phra,泰國佛日,วันพระ,Wan Phra,thai-buddhist,ขึ้น 15 ค่ำ เดือน 12,12,15,waxing,15,
2027-11-21,2027,2570,星期日,wan_phra,泰國佛日,วันพระ,Wan Phra,thai-buddhist,แรม 8 ค่ำ เดือน 12,12,23,waning,8,
2027-11-28,2027,2570,星期日,wan_phra,泰國佛日,วันพระ,Wan Phra,thai-buddhist,แรม 15 ค่ำ เดือน 12,12,30,waning,15,
2027-12-06,2027,2570,星期一,wan_phra,泰國佛日,วันพระ,Wan Phra,thai-buddhist,ขึ้น 8 ค่ำ เดือน 1,1,8,waxing,8,
2027-12-13,2027,2570,星期一,wan_phra,泰國佛日,วันพระ,Wan Phra,thai-buddhist,ขึ้น 15 ค่ำ เดือน 1,1,15,waxing,15,
2027-12-21,2027,2570,星期二,wan_phra,泰國佛日,วันพระ,Wan Phra,thai-buddhist,แรม 8 ค่ำ เดือน 1,1,23,waning,8,
2027-12-27,2027,2570,星期一,wan_phra,泰國佛日,วันพระ,Wan Phra,thai-buddhist,แรม 14 ค่ำ เดือน 1,1,29,waning,14,
2028-01-04,2028,2571,星期二,wan_phra,泰國佛日,วันพระ,Wan Phra,thai-buddhist,ขึ้น 8 ค่ำ เดือน 2,2,8,waxing,8,
2028-01-11,2028,2571,星期二,wan_phra,泰國佛日,วันพระ,Wan Phra,thai-buddhist,ขึ้น 15 ค่ำ เดือน 2,2,15,waxing,15,
2028-01-19,2028,2571,星期三,wan_phra,泰國佛日,วันพระ,Wan Phra,thai-buddhist,แรม 8 ค่ำ เดือน 2,2,23,waning,8,
2028-01-26,2028,2571,星期三,wan_phra,泰國佛日,วันพระ,Wan Phra,thai-buddhist,แรม 15 ค่ำ เดือน 2,2,30,waning,15,
2028-02-03,2028,2571,星期四,wan_phra,泰國佛日,วันพระ,Wan Phra,thai-buddhist,ขึ้น 8 ค่ำ เดือน 3,3,8,waxing,8,
2028-02-10,2028,2571,星期四,makha_bucha,萬佛節,มาฆบูชา,Makha Bucha,thai-buddhist-major,ขึ้น 15 ค่ำ เดือน 3,3,15,waxing,15,
2028-02-10,2028,2571,星期四,wan_phra,泰國佛日,วันพระ,Wan Phra,thai-buddhist,ขึ้น 15 ค่ำ เดือน 3,3,15,waxing,15,
2028-02-18,2028,2571,星期五,wan_phra,泰國佛日,วันพระ,Wan Phra,thai-buddhist,แรม 8 ค่ำ เดือน 3,3,23,waning,8,
2028-02-24,2028,2571,星期四,wan_phra,泰國佛日,วันพระ,Wan Phra,thai-buddhist,แรม 14 ค่ำ เดือน 3,3,29,waning,14,
2028-03-03,2028,2571,星期五,wan_phra,泰國佛日,วันพระ,Wan Phra,thai-buddhist,ขึ้น 8 ค่ำ เดือน 4,4,8,waxing,8,
2028-03-10,2028,2571,星期五,wan_phra,泰國佛日,วันพระ,Wan Phra,thai-buddhist,ขึ้น 15 ค่ำ เดือน 4,4,15,waxing,15,
2028-03-18,2028,2571,星期六,wan_phra,泰國佛日,วันพระ,Wan Phra,thai-buddhist,แรม 8 ค่ำ เดือน 4,4,23,waning,8,
2028-03-25,2028,2571,星期六,wan_phra,泰國佛日,วันพระ,Wan Phra,thai-buddhist,แรม 15 ค่ำ เดือน 4,4,30,waning,15,
2028-04-02,2028,2571,星期日,wan_phra,泰國佛日,วันพระ,Wan Phra,thai-buddhist,ขึ้น 8 ค่ำ เดือน 5,5,8,waxing,8,
2028-04-09,2028,2571,星期日,wan_phra,泰國佛日,วันพระ,Wan Phra,thai-buddhist,ขึ้น 15 ค่ำ เดือน 5,5,15,waxing,15,
2028-04-17,2028,2571,星期一,wan_phra,泰國佛日,วันพระ,Wan Phra,thai-buddhist,แรม 8 ค่ำ เดือน 5,5,23,waning,8,
2028-04-23,2028,2571,星期日,wan_phra,泰國佛日,วันพระ,Wan Phra,thai-buddhist,แรม 14 ค่ำ เดือน 5,5,29,waning,14,
2028-05-01,2028,2571,星期一,wan_phra,泰國佛日,วันพระ,Wan Phra,thai-buddhist,ขึ้น 8 ค่ำ เดือน 6,6,8,waxing,8,
2028-05-08,2028,2571,星期一,visakha_bucha,衛塞節,วิสาขบูชา,Visakha Bucha,thai-buddhist-major,ขึ้น 15 ค่ำ เดือน 6,6,15,waxing,15,
2028-05-08,2028,2571,星期一,wan_phra,泰國佛日,วันพระ,Wan Phra,thai-buddhist,ขึ้น 15 ค่ำ เดือน 6,6,15,waxing,15,
2028-05-16,2028,2571,星期二,wan_phra,泰國佛日,วันพระ,Wan Phra,thai-buddhist,แรม 8 ค่ำ เดือน 6,6,23,waning,8,
2028-05-23,2028,2571,星期二,wan_phra,泰國佛日,วันพระ,Wan Phra,thai-buddhist,แรม 15 ค่ำ เดือน 6,6,30,waning,15,
2028-05-31,2028,2571,星期三,wan_phra,泰國佛日,วันพระ,Wan Phra,thai-buddhist,ขึ้น 8 ค่ำ เดือน 7,7,8,waxing,8,
2028-06-07,2028,2571,星期三,wan_phra,泰國佛日,วันพระ,Wan Phra,thai-buddhist,ขึ้น 15 ค่ำ เดือน 7,7,15,waxing,15,
2028-06-15,2028,2571,星期四,wan_phra,泰國佛日,วันพระ,Wan Phra,thai-buddhist,แรม 8 ค่ำ เดือน 7,7,23,waning,8,
2028-06-21,2028,2571,星期三,wan_phra,泰國佛日,วันพระ,Wan Phra,thai-buddhist,แรม 14 ค่ำ เดือน 7,7,29,waning,14,
2028-06-29,2028,2571,星期四,wan_phra,泰國佛日,วันพระ,Wan Phra,thai-buddhist,ขึ้น 8 ค่ำ เดือน 8,8,8,waxing,8,
2028-07-06,2028,2571,星期四,wan_phra,泰國佛日,วันพระ,Wan Phra,thai-buddhist,ขึ้น 15 ค่ำ เดือน 8,8,15,waxing,15,
2028-07-07,2028,2571,星期五,khao_phansa,入雨安居,เข้าพรรษา,Khao Phansa,thai-buddhist-major,แรม 1 ค่ำ เดือน 8,8,16,waning,1,
2028-07-14,2028,2571,星期五,wan_phra,泰國佛日,วันพระ,Wan Phra,thai-buddhist,แรม 8 ค่ำ เดือน 8,8,23,waning,8,
2028-07-21,2028,2571,星期五,wan_phra,泰國佛日,วันพระ,Wan Phra,thai-buddhist,แรม 15 ค่ำ เดือน 8,8,30,waning,15,
2028-07-29,2028,2571,星期六,wan_phra,泰國佛日,วันพระ,Wan Phra,thai-buddhist,ขึ้น 8 ค่ำ เดือน 9,9,8,waxing,8,
2028-08-05,2028,2571,星期六,wan_phra,泰國佛日,วันพระ,Wan Phra,thai-buddhist,ขึ้น 15 ค่ำ เดือน 9,9,15,waxing,15,
2028-08-13,2028,2571,星期日,wan_phra,泰國佛日,วันพระ,Wan Phra,thai-buddhist,แรม 8 ค่ำ เดือน 9,9,23,waning,8,
2028-08-19,2028,2571,星期六,wan_phra,泰國佛日,วันพระ,Wan Phra,thai-buddhist,แรม 14 ค่ำ เดือน 9,9,29,waning,14,
2028-08-27,2028,2571,星期日,wan_phra,泰國佛日,วันพระ,Wan Phra,thai-buddhist,ขึ้น 8 ค่ำ เดือน 10,10,8,waxing,8,
2028-09-03,2028,2571,星期日,wan_phra,泰國佛日,วันพระ,Wan Phra,thai-buddhist,ขึ้น 15 ค่ำ เดือน 10,10,15,waxing,15,
2028-09-11,2028,2571,星期一,wan_phra,泰國佛日,วันพระ,Wan Phra,thai-buddhist,แรม 8 ค่ำ เดือน 10,10,23,waning,8,
2028-09-18,2028,2571,星期一,wan_phra,泰國佛日,วันพระ,Wan Phra,thai-buddhist,แรม 15 ค่ำ เดือน 10,10,30,waning,15,
2028-09-26,2028,2571,星期二,wan_phra,泰國佛日,วันพระ,Wan Phra,thai-buddhist,ขึ้น 8 ค่ำ เดือน 11,11,8,waxing,8,
2028-10-03,2028,2571,星期二,ok_phansa,出雨安居,ออกพรรษา,Ok Phansa,thai-buddhist-major,ขึ้น 15 ค่ำ เดือน 11,11,15,waxing,15,
2028-10-03,2028,2571,星期二,wan_phra,泰國佛日,วันพระ,Wan Phra,thai-buddhist,ขึ้น 15 ค่ำ เดือน 11,11,15,waxing,15,
2028-10-11,2028,2571,星期三,wan_phra,泰國佛日,วันพระ,Wan Phra,thai-buddhist,แรม 8 ค่ำ เดือน 11,11,23,waning,8,
2028-10-17,2028,2571,星期二,wan_phra,泰國佛日,วันพระ,Wan Phra,thai-buddhist,แรม 14 ค่ำ เดือน 11,11,29,waning,14,
2028-10-25,2028,2571,星期三,wan_phra,泰國佛日,วันพระ,Wan Phra,thai-buddhist,ขึ้น 8 ค่ำ เดือน 12,12,8,waxing,8,
2028-11-01,2028,2571,星期三,wan_phra,泰國佛日,วันพระ,Wan Phra,thai-buddhist,ขึ้น 15 ค่ำ เดือน 12,12,15,waxing,15,
2028-11-09,2028,2571,星期四,wan_phra,泰國佛日,วันพระ,Wan Phra,thai-buddhist,แรม 8 ค่ำ เดือน 12,12,23,waning,8,
2028-11-16,2028,2571,星期四,wan_phra,泰國佛日,วันพระ,Wan Phra,thai-buddhist,แรม 15 ค่ำ เดือน 12,12,30,waning,15,
2028-11-24,2028,2571,星期五,wan_phra,泰國佛日,วันพระ,Wan Phra,thai-buddhist,ขึ้น 8 ค่ำ เดือน 1,1,8,waxing,8,
2028-12-01,2028,2571,星期五,wan_phra,泰國佛日,วันพระ,Wan Phra,thai-buddhist,ขึ้น 15 ค่ำ เดือน 1,1,15,waxing,15,
2028-12-09,2028,2571,星期六,wan_phra,泰國佛日,วันพระ,Wan Phra,thai-buddhist,แรม 8 ค่ำ เดือน 1,1,23,waning,8,
2028-12-15,2028,2571,星期五,wan_phra,泰國佛日,วันพระ,Wan Phra,thai-buddhist,แรม 14 ค่ำ เดือน 1,1,29,waning,14,
2028-12-23,2028,2571,星期六,wan_phra,泰國佛日,วันพระ,Wan Phra,thai-buddhist,ขึ้น 8 ค่ำ เดือน 2,2,8,waxing,8,
2028-12-30,2028,2571,星期六,wan_phra,泰國佛日,วันพระ,Wan Phra,thai-buddhist,ขึ้น 15 ค่ำ เดือน 2,2,15,waxing,15,
2029-01-07,2029,2572,星期日,wan_phra,泰國佛日,วันพระ,Wan Phra,thai-buddhist,แรม 8 ค่ำ เดือน 2,2,23,waning,8,
2029-01-14,2029,2572,星期日,wan_phra,泰國佛日,วันพระ,Wan Phra,thai-buddhist,แรม 15 ค่ำ เดือน 2,2,30,waning,15,
2029-01-22,2029,2572,星期一,wan_phra,泰國佛日,วันพระ,Wan Phra,thai-buddhist,ขึ้น 8 ค่ำ เดือน 3,3,8,waxing,8,
2029-01-29,2029,2572,星期一,wan_phra,泰國佛日,วันพระ,Wan Phra,thai-buddhist,ขึ้น 15 ค่ำ เดือน 3,3,15,waxing,15,
2029-02-06,2029,2572,星期二,wan_phra,泰國佛日,วันพระ,Wan Phra,thai-buddhist,แรม 8 ค่ำ เดือน 3,3,23,waning,8,
2029-02-12,2029,2572,星期一,wan_phra,泰國佛日,วันพระ,Wan Phra,thai-buddhist,แรม 14 ค่ำ เดือน 3,3,29,waning,14,
2029-02-20,2029,2572,星期二,wan_phra,泰國佛日,วันพระ,Wan Phra,thai-buddhist,ขึ้น 8 ค่ำ เดือน 4,4,8,waxing,8,
2029-02-27,2029,2572,星期二,makha_bucha,萬佛節,มาฆบูชา,Makha Bucha,thai-buddhist-major,ขึ้น 15 ค่ำ เดือน 4,4,15,waxing,15,
2029-02-27,2029,2572,星期二,wan_phra,泰國佛日,วันพระ,Wan Phra,thai-buddhist,ขึ้น 15 ค่ำ เดือน 4,4,15,waxing,15,
2029-03-07,2029,2572,星期三,wan_phra,泰國佛日,วันพระ,Wan Phra,thai-buddhist,แรม 8 ค่ำ เดือน 4,4,23,waning,8,
2029-03-14,2029,2572,星期三,wan_phra,泰國佛日,วันพระ,Wan Phra,thai-buddhist,แรม 15 ค่ำ เดือน 4,4,30,waning,15,
2029-03-22,2029,2572,星期四,wan_phra,泰國佛日,วันพระ,Wan Phra,thai-buddhist,ขึ้น 8 ค่ำ เดือน 5,5,8,waxing,8,
2029-03-29,2029,2572,星期四,wan_phra,泰國佛日,วันพระ,Wan Phra,thai-buddhist,ขึ้น 15 ค่ำ เดือน 5,5,15,waxing,15,
2029-04-06,2029,2572,星期五,wan_phra,泰國佛日,วันพระ,Wan Phra,thai-buddhist,แรม 8 ค่ำ เดือน 5,5,23,waning,8,
2029-04-12,2029,2572,星期四,wan_phra,泰國佛日,วันพระ,Wan Phra,thai-buddhist,แรม 14 ค่ำ เดือน 5,5,29,waning,14,
2029-04-20,2029,2572,星期五,wan_phra,泰國佛日,วันพระ,Wan Phra,thai-buddhist,ขึ้น 8 ค่ำ เดือน 6,6,8,waxing,8,
2029-04-27,2029,2572,星期五,wan_phra,泰國佛日,วันพระ,Wan Phra,thai-buddhist,ขึ้น 15 ค่ำ เดือน 6,6,15,waxing,15,
2029-05-05,2029,2572,星期六,wan_phra,泰國佛日,วันพระ,Wan Phra,thai-buddhist,แรม 8 ค่ำ เดือน 6,6,23,waning,8,
2029-05-12,2029,2572,星期六,wan_phra,泰國佛日,วันพระ,Wan Phra,thai-buddhist,แรม 15 ค่ำ เดือน 6,6,30,waning,15,
2029-05-20,2029,2572,星期日,wan_phra,泰國佛日,วันพระ,Wan Phra,thai-buddhist,ขึ้น 8 ค่ำ เดือน 7,7,8,waxing,8,
2029-05-27,2029,2572,星期日,visakha_bucha,衛塞節,วิสาขบูชา,Visakha Bucha,thai-buddhist-major,ขึ้น 15 ค่ำ เดือน 7,7,15,waxing,15,
2029-05-27,2029,2572,星期日,wan_phra,泰國佛日,วันพระ,Wan Phra,thai-buddhist,ขึ้น 15 ค่ำ เดือน 7,7,15,waxing,15,
2029-06-04,2029,2572,星期一,wan_phra,泰國佛日,วันพระ,Wan Phra,thai-buddhist,แรม 8 ค่ำ เดือน 7,7,23,waning,8,
2029-06-10,2029,2572,星期日,wan_phra,泰國佛日,วันพระ,Wan Phra,thai-buddhist,แรม 14 ค่ำ เดือน 7,7,29,waning,14,
2029-06-18,2029,2572,星期一,wan_phra,泰國佛日,วันพระ,Wan Phra,thai-buddhist,ขึ้น 8 ค่ำ เดือน 8,8,8,waxing,8,
2029-06-25,2029,2572,星期一,wan_phra,泰國佛日,วันพระ,Wan Phra,thai-buddhist,ขึ้น 15 ค่ำ เดือน 8,8,15,waxing,15,
2029-07-03,2029,2572,星期二,wan_phra,泰國佛日,วันพระ,Wan Phra,thai-buddhist,แรม 8 ค่ำ เดือน 8,8,23,waning,8,
2029-07-10,2029,2572,星期二,wan_phra,泰國佛日,วันพระ,Wan Phra,thai-buddhist,แรม 15 ค่ำ เดือน 8,8,30,waning,15,
2029-07-18,2029,2572,星期三,wan_phra,泰國佛日,วันพระ,Wan Phra,thai-buddhist,ขึ้น 8 ค่ำ เดือน 88,88,8,waxing,8,
2029-07-25,2029,2572,星期三,wan_phra,泰國佛日,วันพระ,Wan Phra,thai-buddhist,ขึ้น 15 ค่ำ เดือน 88,88,15,waxing,15,
2029-07-26,2029,2572,星期四,khao_phansa,入雨安居,เข้าพรรษา,Khao Phansa,thai-buddhist-major,แรม 1 ค่ำ เดือน 88,88,16,waning,1,
2029-08-02,2029,2572,星期四,wan_phra,泰國佛日,วันพระ,Wan Phra,thai-buddhist,แรม 8 ค่ำ เดือน 88,88,23,waning,8,
2029-08-09,2029,2572,星期四,wan_phra,泰國佛日,วันพระ,Wan Phra,thai-buddhist,แรม 15 ค่ำ เดือน 88,88,30,waning,15,
2029-08-17,2029,2572,星期五,wan_phra,泰國佛日,วันพระ,Wan Phra,thai-buddhist,ขึ้น 8 ค่ำ เดือน 9,9,8,waxing,8,
2029-08-24,2029,2572,星期五,wan_phra,泰國佛日,วันพระ,Wan Phra,thai-buddhist,ขึ้น 15 ค่ำ เดือน 9,9,15,waxing,15,
2029-09-01,2029,2572,星期六,wan_phra,泰國佛日,วันพระ,Wan Phra,thai-buddhist,แรม 8 ค่ำ เดือน 9,9,23,waning,8,
2029-09-07,2029,2572,星期五,wan_phra,泰國佛日,วันพระ,Wan Phra,thai-buddhist,แรม 14 ค่ำ เดือน 9,9,29,waning,14,
2029-09-15,2029,2572,星期六,wan_phra,泰國佛日,วันพระ,Wan Phra,thai-buddhist,ขึ้น 8 ค่ำ เดือน 10,10,8,waxing,8,
2029-09-22,2029,2572,星期六,wan_phra,泰國佛日,วันพระ,Wan Phra,thai-buddhist,ขึ้น 15 ค่ำ เดือน 10,10,15,waxing,15,
2029-09-30,2029,2572,星期日,wan_phra,泰國佛日,วันพระ,Wan Phra,thai-buddhist,แรม 8 ค่ำ เดือน 10,10,23,waning,8,
2029-10-07,2029,2572,星期日,wan_phra,泰國佛日,วันพระ,Wan Phra,thai-buddhist,แรม 15 ค่ำ เดือน 10,10,30,waning,15,
2029-10-15,2029,2572,星期一,wan_phra,泰國佛日,วันพระ,Wan Phra,thai-buddhist,ขึ้น 8 ค่ำ เดือน 11,11,8,waxing,8,
2029-10-22,2029,2572,星期一,ok_phansa,出雨安居,ออกพรรษา,Ok Phansa,thai-buddhist-major,ขึ้น 15 ค่ำ เดือน 11,11,15,waxing,15,
2029-10-22,2029,2572,星期一,wan_phra,泰國佛日,วันพระ,Wan Phra,thai-buddhist,ขึ้น 15 ค่ำ เดือน 11,11,15,waxing,15,
2029-10-30,2029,2572,星期二,wan_phra,泰國佛日,วันพระ,Wan Phra,thai-buddhist,แรม 8 ค่ำ เดือน 11,11,23,waning,8,
2029-11-05,2029,2572,星期一,wan_phra,泰國佛日,วันพระ,Wan Phra,thai-buddhist,แรม 14 ค่ำ เดือน 11,11,29,waning,14,
2029-11-13,2029,2572,星期二,wan_phra,泰國佛日,วันพระ,Wan Phra,thai-buddhist,ขึ้น 8 ค่ำ เดือน 12,12,8,waxing,8,
2029-11-20,2029,2572,星期二,wan_phra,泰國佛日,วันพระ,Wan Phra,thai-buddhist,ขึ้น 15 ค่ำ เดือน 12,12,15,waxing,15,
2029-11-28,2029,2572,星期三,wan_phra,泰國佛日,วันพระ,Wan Phra,thai-buddhist,แรม 8 ค่ำ เดือน 12,12,23,waning,8,
2029-12-05,2029,2572,星期三,wan_phra,泰國佛日,วันพระ,Wan Phra,thai-buddhist,แรม 15 ค่ำ เดือน 12,12,30,waning,15,
2029-12-13,2029,2572,星期四,wan_phra,泰國佛日,วันพระ,Wan Phra,thai-buddhist,ขึ้น 8 ค่ำ เดือน 1,1,8,waxing,8,
2029-12-20,2029,2572,星期四,wan_phra,泰國佛日,วันพระ,Wan Phra,thai-buddhist,ขึ้น 15 ค่ำ เดือน 1,1,15,waxing,15,
2029-12-28,2029,2572,星期五,wan_phra,泰國佛日,วันพระ,Wan Phra,thai-buddhist,แรม 8 ค่ำ เดือน 1,1,23,waning,8,
2030-01-03,2030,2573,星期四,wan_phra,泰國佛日,วันพระ,Wan Phra,thai-buddhist,แรม 14 ค่ำ เดือน 1,1,29,waning,14,
2030-01-11,2030,2573,星期五,wan_phra,泰國佛日,วันพระ,Wan Phra,thai-buddhist,ขึ้น 8 ค่ำ เดือน 2,2,8,waxing,8,
2030-01-18,2030,2573,星期五,wan_phra,泰國佛日,วันพระ,Wan Phra,thai-buddhist,ขึ้น 15 ค่ำ เดือน 2,2,15,waxing,15,
2030-01-26,2030,2573,星期六,wan_phra,泰國佛日,วันพระ,Wan Phra,thai-buddhist,แรม 8 ค่ำ เดือน 2,2,23,waning,8,
2030-02-02,2030,2573,星期六,wan_phra,泰國佛日,วันพระ,Wan Phra,thai-buddhist,แรม 15 ค่ำ เดือน 2,2,30,waning,15,
2030-02-10,2030,2573,星期日,wan_phra,泰國佛日,วันพระ,Wan Phra,thai-buddhist,ขึ้น 8 ค่ำ เดือน 3,3,8,waxing,8,
2030-02-17,2030,2573,星期日,makha_bucha,萬佛節,มาฆบูชา,Makha Bucha,thai-buddhist-major,ขึ้น 15 ค่ำ เดือน 3,3,15,waxing,15,
2030-02-17,2030,2573,星期日,wan_phra,泰國佛日,วันพระ,Wan Phra,thai-buddhist,ขึ้น 15 ค่ำ เดือน 3,3,15,waxing,15,
2030-02-25,2030,2573,星期一,wan_phra,泰國佛日,วันพระ,Wan Phra,thai-buddhist,แรม 8 ค่ำ เดือน 3,3,23,waning,8,
2030-03-03,2030,2573,星期日,wan_phra,泰國佛日,วันพระ,Wan Phra,thai-buddhist,แรม 14 ค่ำ เดือน 3,3,29,waning,14,
2030-03-11,2030,2573,星期一,wan_phra,泰國佛日,วันพระ,Wan Phra,thai-buddhist,ขึ้น 8 ค่ำ เดือน 4,4,8,waxing,8,
2030-03-18,2030,2573,星期一,wan_phra,泰國佛日,วันพระ,Wan Phra,thai-buddhist,ขึ้น 15 ค่ำ เดือน 4,4,15,waxing,15,
2030-03-26,2030,2573,星期二,wan_phra,泰國佛日,วันพระ,Wan Phra,thai-buddhist,แรม 8 ค่ำ เดือน 4,4,23,waning,8,
2030-04-02,2030,2573,星期二,wan_phra,泰國佛日,วันพระ,Wan Phra,thai-buddhist,แรม 15 ค่ำ เดือน 4,4,30,waning,15,
2030-04-10,2030,2573,星期三,wan_phra,泰國佛日,วันพระ,Wan Phra,thai-buddhist,ขึ้น 8 ค่ำ เดือน 5,5,8,waxing,8,
2030-04-17,2030,2573,星期三,wan_phra,泰國佛日,วันพระ,Wan Phra,thai-buddhist,ขึ้น 15 ค่ำ เดือน 5,5,15,waxing,15,
2030-04-25,2030,2573,星期四,wan_phra,泰國佛日,วันพระ,Wan Phra,thai-buddhist,แรม 8 ค่ำ เดือน 5,5,23,waning,8,
2030-05-01,2030,2573,星期三,wan_phra,泰國佛日,วันพระ,Wan Phra,thai-buddhist,แรม 14 ค่ำ เดือน 5,5,29,waning,14,
2030-05-09,2030,2573,星期四,wan_phra,泰國佛日,วันพระ,Wan Phra,thai-buddhist,ขึ้น 8 ค่ำ เดือน 6,6,8,waxing,8,
2030-05-16,2030,2573,星期四,visakha_bucha,衛塞節,วิสาขบูชา,Visakha Bucha,thai-buddhist-major,ขึ้น 15 ค่ำ เดือน 6,6,15,waxing,15,
2030-05-16,2030,2573,星期四,wan_phra,泰國佛日,วันพระ,Wan Phra,thai-buddhist,ขึ้น 15 ค่ำ เดือน 6,6,15,waxing,15,
2030-05-24,2030,2573,星期五,wan_phra,泰國佛日,วันพระ,Wan Phra,thai-buddhist,แรม 8 ค่ำ เดือน 6,6,23,waning,8,
2030-05-31,2030,2573,星期五,wan_phra,泰國佛日,วันพระ,Wan Phra,thai-buddhist,แรม 15 ค่ำ เดือน 6,6,30,waning,15,
2030-06-08,2030,2573,星期六,wan_phra,泰國佛日,วันพระ,Wan Phra,thai-buddhist,ขึ้น 8 ค่ำ เดือน 7,7,8,waxing,8,
2030-06-15,2030,2573,星期六,wan_phra,泰國佛日,วันพระ,Wan Phra,thai-buddhist,ขึ้น 15 ค่ำ เดือน 7,7,15,waxing,15,
2030-06-23,2030,2573,星期日,wan_phra,泰國佛日,วันพระ,Wan Phra,thai-buddhist,แรม 8 ค่ำ เดือน 7,7,23,waning,8,
2030-06-30,2030,2573,星期日,wan_phra,泰國佛日,วันพระ,Wan Phra,thai-buddhist,แรม 15 ค่ำ เดือน 7,7,30,waning,15,
2030-07-08,2030,2573,星期一,wan_phra,泰國佛日,วันพระ,Wan Phra,thai-buddhist,ขึ้น 8 ค่ำ เดือน 8,8,8,waxing,8,
2030-07-15,2030,2573,星期一,wan_phra,泰國佛日,วันพระ,Wan Phra,thai-buddhist,ขึ้น 15 ค่ำ เดือน 8,8,15,waxing,15,
2030-07-16,2030,2573,星期二,khao_phansa,入雨安居,เข้าพรรษา,Khao Phansa,thai-buddhist-major,แรม 1 ค่ำ เดือน 8,8,16,waning,1,
2030-07-23,2030,2573,星期二,wan_phra,泰國佛日,วันพระ,Wan Phra,thai-buddhist,แรม 8 ค่ำ เดือน 8,8,23,waning,8,
2030-07-30,2030,2573,星期二,wan_phra,泰國佛日,วันพระ,Wan Phra,thai-buddhist,แรม 15 ค่ำ เดือน 8,8,30,waning,15,
2030-08-07,2030,2573,星期三,wan_phra,泰國佛日,วันพระ,Wan Phra,thai-buddhist,ขึ้น 8 ค่ำ เดือน 9,9,8,waxing,8,
2030-08-14,2030,2573,星期三,wan_phra,泰國佛日,วันพระ,Wan Phra,thai-buddhist,ขึ้น 15 ค่ำ เดือน 9,9,15,waxing,15,
2030-08-22,2030,2573,星期四,wan_phra,泰國佛日,วันพระ,Wan Phra,thai-buddhist,แรม 8 ค่ำ เดือน 9,9,23,waning,8,
2030-08-28,2030,2573,星期三,wan_phra,泰國佛日,วันพระ,Wan Phra,thai-buddhist,แรม 14 ค่ำ เดือน 9,9,29,waning,14,
2030-09-05,2030,2573,星期四,wan_phra,泰國佛日,วันพระ,Wan Phra,thai-buddhist,ขึ้น 8 ค่ำ เดือน 10,10,8,waxing,8,
2030-09-12,2030,2573,星期四,wan_phra,泰國佛日,วันพระ,Wan Phra,thai-buddhist,ขึ้น 15 ค่ำ เดือน 10,10,15,waxing,15,
2030-09-20,2030,2573,星期五,wan_phra,泰國佛日,วันพระ,Wan Phra,thai-buddhist,แรม 8 ค่ำ เดือน 10,10,23,waning,8,
2030-09-27,2030,2573,星期五,wan_phra,泰國佛日,วันพระ,Wan Phra,thai-buddhist,แรม 15 ค่ำ เดือน 10,10,30,waning,15,
2030-10-05,2030,2573,星期六,wan_phra,泰國佛日,วันพระ,Wan Phra,thai-buddhist,ขึ้น 8 ค่ำ เดือน 11,11,8,waxing,8,
2030-10-12,2030,2573,星期六,ok_phansa,出雨安居,ออกพรรษา,Ok Phansa,thai-buddhist-major,ขึ้น 15 ค่ำ เดือน 11,11,15,waxing,15,
2030-10-12,2030,2573,星期六,wan_phra,泰國佛日,วันพระ,Wan Phra,thai-buddhist,ขึ้น 15 ค่ำ เดือน 11,11,15,waxing,15,
2030-10-20,2030,2573,星期日,wan_phra,泰國佛日,วันพระ,Wan Phra,thai-buddhist,แรม 8 ค่ำ เดือน 11,11,23,waning,8,
2030-10-26,2030,2573,星期六,wan_phra,泰國佛日,วันพระ,Wan Phra,thai-buddhist,แรม 14 ค่ำ เดือน 11,11,29,waning,14,
2030-11-03,2030,2573,星期日,wan_phra,泰國佛日,วันพระ,Wan Phra,thai-buddhist,ขึ้น 8 ค่ำ เดือน 12,12,8,waxing,8,
2030-11-10,2030,2573,星期日,wan_phra,泰國佛日,วันพระ,Wan Phra,thai-buddhist,ขึ้น 15 ค่ำ เดือน 12,12,15,waxing,15,
2030-11-18,2030,2573,星期一,wan_phra,泰國佛日,วันพระ,Wan Phra,thai-buddhist,แรม 8 ค่ำ เดือน 12,12,23,waning,8,
2030-11-25,2030,2573,星期一,wan_phra,泰國佛日,วันพระ,Wan Phra,thai-buddhist,แรม 15 ค่ำ เดือน 12,12,30,waning,15,
2030-12-03,2030,2573,星期二,wan_phra,泰國佛日,วันพระ,Wan Phra,thai-buddhist,ขึ้น 8 ค่ำ เดือน 1,1,8,waxing,8,
2030-12-10,2030,2573,星期二,wan_phra,泰國佛日,วันพระ,Wan Phra,thai-buddhist,ขึ้น 15 ค่ำ เดือน 1,1,15,waxing,15,
2030-12-18,2030,2573,星期三,wan_phra,泰國佛日,วันพระ,Wan Phra,thai-buddhist,แรม 8 ค่ำ เดือน 1,1,23,waning,8,
2030-12-24,2030,2573,星期二,wan_phra,泰國佛日,วันพระ,Wan Phra,thai-buddhist,แรม 14 ค่ำ เดือน 1,1,29,waning,14,
2031-01-01,2031,2574,星期三,wan_phra,泰國佛日,วันพระ,Wan Phra,thai-buddhist,ขึ้น 8 ค่ำ เดือน 2,2,8,waxing,8,
2031-01-08,2031,2574,星期三,wan_phra,泰國佛日,วันพระ,Wan Phra,thai-buddhist,ขึ้น 15 ค่ำ เดือน 2,2,15,waxing,15,
2031-01-16,2031,2574,星期四,wan_phra,泰國佛日,วันพระ,Wan Phra,thai-buddhist,แรม 8 ค่ำ เดือน 2,2,23,waning,8,
2031-01-23,2031,2574,星期四,wan_phra,泰國佛日,วันพระ,Wan Phra,thai-buddhist,แรม 15 ค่ำ เดือน 2,2,30,waning,15,
2031-01-31,2031,2574,星期五,wan_phra,泰國佛日,วันพระ,Wan Phra,thai-buddhist,ขึ้น 8 ค่ำ เดือน 3,3,8,waxing,8,
2031-02-07,2031,2574,星期五,wan_phra,泰國佛日,วันพระ,Wan Phra,thai-buddhist,ขึ้น 15 ค่ำ เดือน 3,3,15,waxing,15,
2031-02-15,2031,2574,星期六,wan_phra,泰國佛日,วันพระ,Wan Phra,thai-buddhist,แรม 8 ค่ำ เดือน 3,3,23,waning,8,
2031-02-21,2031,2574,星期五,wan_phra,泰國佛日,วันพระ,Wan Phra,thai-buddhist,แรม 14 ค่ำ เดือน 3,3,29,waning,14,
2031-03-01,2031,2574,星期六,wan_phra,泰國佛日,วันพระ,Wan Phra,thai-buddhist,ขึ้น 8 ค่ำ เดือน 4,4,8,waxing,8,
2031-03-08,2031,2574,星期六,makha_bucha,萬佛節,มาฆบูชา,Makha Bucha,thai-buddhist-major,ขึ้น 15 ค่ำ เดือน 4,4,15,waxing,15,
2031-03-08,2031,2574,星期六,wan_phra,泰國佛日,วันพระ,Wan Phra,thai-buddhist,ขึ้น 15 ค่ำ เดือน 4,4,15,waxing,15,
2031-03-16,2031,2574,星期日,wan_phra,泰國佛日,วันพระ,Wan Phra,thai-buddhist,แรม 8 ค่ำ เดือน 4,4,23,waning,8,
2031-03-23,2031,2574,星期日,wan_phra,泰國佛日,วันพระ,Wan Phra,thai-buddhist,แรม 15 ค่ำ เดือน 4,4,30,waning,15,
2031-03-31,2031,2574,星期一,wan_phra,泰國佛日,วันพระ,Wan Phra,thai-buddhist,ขึ้น 8 ค่ำ เดือน 5,5,8,waxing,8,
2031-04-07,2031,2574,星期一,wan_phra,泰國佛日,วันพระ,Wan Phra,thai-buddhist,ขึ้น 15 ค่ำ เดือน 5,5,15,waxing,15,
2031-04-12,2031,2574,星期六,sao_ha_candidate,騷哈日候選 / 稍哈日候選,เสาร์ 5,Sao Ha candidate,thai-amulet-auspicious-day,แรม 5 ค่ำ เดือน 5,5,20,waning,5,按規則產生：星期六 + 泰國陰曆 5 月 + ขึ้น 5 ค่ำ 或 แรม 5 ค่ำ。未做人工作法會或高僧認定。
2031-04-15,2031,2574,星期二,wan_phra,泰國佛日,วันพระ,Wan Phra,thai-buddhist,แรม 8 ค่ำ เดือน 5,5,23,waning,8,
2031-04-21,2031,2574,星期一,wan_phra,泰國佛日,วันพระ,Wan Phra,thai-buddhist,แรม 14 ค่ำ เดือน 5,5,29,waning,14,
2031-04-29,2031,2574,星期二,wan_phra,泰國佛日,วันพระ,Wan Phra,thai-buddhist,ขึ้น 8 ค่ำ เดือน 6,6,8,waxing,8,
2031-05-06,2031,2574,星期二,wan_phra,泰國佛日,วันพระ,Wan Phra,thai-buddhist,ขึ้น 15 ค่ำ เดือน 6,6,15,waxing,15,
2031-05-14,2031,2574,星期三,wan_phra,泰國佛日,วันพระ,Wan Phra,thai-buddhist,แรม 8 ค่ำ เดือน 6,6,23,waning,8,
2031-05-21,2031,2574,星期三,wan_phra,泰國佛日,วันพระ,Wan Phra,thai-buddhist,แรม 15 ค่ำ เดือน 6,6,30,waning,15,
2031-05-29,2031,2574,星期四,wan_phra,泰國佛日,วันพระ,Wan Phra,thai-buddhist,ขึ้น 8 ค่ำ เดือน 7,7,8,waxing,8,
2031-06-05,2031,2574,星期四,visakha_bucha,衛塞節,วิสาขบูชา,Visakha Bucha,thai-buddhist-major,ขึ้น 15 ค่ำ เดือน 7,7,15,waxing,15,
2031-06-05,2031,2574,星期四,wan_phra,泰國佛日,วันพระ,Wan Phra,thai-buddhist,ขึ้น 15 ค่ำ เดือน 7,7,15,waxing,15,
2031-06-13,2031,2574,星期五,wan_phra,泰國佛日,วันพระ,Wan Phra,thai-buddhist,แรม 8 ค่ำ เดือน 7,7,23,waning,8,
2031-06-19,2031,2574,星期四,wan_phra,泰國佛日,วันพระ,Wan Phra,thai-buddhist,แรม 14 ค่ำ เดือน 7,7,29,waning,14,
2031-06-27,2031,2574,星期五,wan_phra,泰國佛日,วันพระ,Wan Phra,thai-buddhist,ขึ้น 8 ค่ำ เดือน 8,8,8,waxing,8,
2031-07-04,2031,2574,星期五,wan_phra,泰國佛日,วันพระ,Wan Phra,thai-buddhist,ขึ้น 15 ค่ำ เดือน 8,8,15,waxing,15,
2031-07-12,2031,2574,星期六,wan_phra,泰國佛日,วันพระ,Wan Phra,thai-buddhist,แรม 8 ค่ำ เดือน 8,8,23,waning,8,
2031-07-19,2031,2574,星期六,wan_phra,泰國佛日,วันพระ,Wan Phra,thai-buddhist,แรม 15 ค่ำ เดือน 8,8,30,waning,15,
2031-07-27,2031,2574,星期日,wan_phra,泰國佛日,วันพระ,Wan Phra,thai-buddhist,ขึ้น 8 ค่ำ เดือน 88,88,8,waxing,8,
2031-08-03,2031,2574,星期日,wan_phra,泰國佛日,วันพระ,Wan Phra,thai-buddhist,ขึ้น 15 ค่ำ เดือน 88,88,15,waxing,15,
2031-08-04,2031,2574,星期一,khao_phansa,入雨安居,เข้าพรรษา,Khao Phansa,thai-buddhist-major,แรม 1 ค่ำ เดือน 88,88,16,waning,1,
2031-08-11,2031,2574,星期一,wan_phra,泰國佛日,วันพระ,Wan Phra,thai-buddhist,แรม 8 ค่ำ เดือน 88,88,23,waning,8,
2031-08-18,2031,2574,星期一,wan_phra,泰國佛日,วันพระ,Wan Phra,thai-buddhist,แรม 15 ค่ำ เดือน 88,88,30,waning,15,
2031-08-26,2031,2574,星期二,wan_phra,泰國佛日,วันพระ,Wan Phra,thai-buddhist,ขึ้น 8 ค่ำ เดือน 9,9,8,waxing,8,
2031-09-02,2031,2574,星期二,wan_phra,泰國佛日,วันพระ,Wan Phra,thai-buddhist,ขึ้น 15 ค่ำ เดือน 9,9,15,waxing,15,
2031-09-10,2031,2574,星期三,wan_phra,泰國佛日,วันพระ,Wan Phra,thai-buddhist,แรม 8 ค่ำ เดือน 9,9,23,waning,8,
2031-09-16,2031,2574,星期二,wan_phra,泰國佛日,วันพระ,Wan Phra,thai-buddhist,แรม 14 ค่ำ เดือน 9,9,29,waning,14,
2031-09-24,2031,2574,星期三,wan_phra,泰國佛日,วันพระ,Wan Phra,thai-buddhist,ขึ้น 8 ค่ำ เดือน 10,10,8,waxing,8,
2031-10-01,2031,2574,星期三,wan_phra,泰國佛日,วันพระ,Wan Phra,thai-buddhist,ขึ้น 15 ค่ำ เดือน 10,10,15,waxing,15,
2031-10-09,2031,2574,星期四,wan_phra,泰國佛日,วันพระ,Wan Phra,thai-buddhist,แรม 8 ค่ำ เดือน 10,10,23,waning,8,
2031-10-16,2031,2574,星期四,wan_phra,泰國佛日,วันพระ,Wan Phra,thai-buddhist,แรม 15 ค่ำ เดือน 10,10,30,waning,15,
2031-10-24,2031,2574,星期五,wan_phra,泰國佛日,วันพระ,Wan Phra,thai-buddhist,ขึ้น 8 ค่ำ เดือน 11,11,8,waxing,8,
2031-10-31,2031,2574,星期五,ok_phansa,出雨安居,ออกพรรษา,Ok Phansa,thai-buddhist-major,ขึ้น 15 ค่ำ เดือน 11,11,15,waxing,15,
2031-10-31,2031,2574,星期五,wan_phra,泰國佛日,วันพระ,Wan Phra,thai-buddhist,ขึ้น 15 ค่ำ เดือน 11,11,15,waxing,15,
2031-11-08,2031,2574,星期六,wan_phra,泰國佛日,วันพระ,Wan Phra,thai-buddhist,แรม 8 ค่ำ เดือน 11,11,23,waning,8,
2031-11-14,2031,2574,星期五,wan_phra,泰國佛日,วันพระ,Wan Phra,thai-buddhist,แรม 14 ค่ำ เดือน 11,11,29,waning,14,
2031-11-22,2031,2574,星期六,wan_phra,泰國佛日,วันพระ,Wan Phra,thai-buddhist,ขึ้น 8 ค่ำ เดือน 12,12,8,waxing,8,
2031-11-29,2031,2574,星期六,wan_phra,泰國佛日,วันพระ,Wan Phra,thai-buddhist,ขึ้น 15 ค่ำ เดือน 12,12,15,waxing,15,
2031-12-07,2031,2574,星期日,wan_phra,泰國佛日,วันพระ,Wan Phra,thai-buddhist,แรม 8 ค่ำ เดือน 12,12,23,waning,8,
2031-12-14,2031,2574,星期日,wan_phra,泰國佛日,วันพระ,Wan Phra,thai-buddhist,แรม 15 ค่ำ เดือน 12,12,30,waning,15,
2031-12-22,2031,2574,星期一,wan_phra,泰國佛日,วันพระ,Wan Phra,thai-buddhist,ขึ้น 8 ค่ำ เดือน 1,1,8,waxing,8,
2031-12-29,2031,2574,星期一,wan_phra,泰國佛日,วันพระ,Wan Phra,thai-buddhist,ขึ้น 15 ค่ำ เดือน 1,1,15,waxing,15,
2032-01-06,2032,2575,星期二,wan_phra,泰國佛日,วันพระ,Wan Phra,thai-buddhist,แรม 8 ค่ำ เดือน 1,1,23,waning,8,
2032-01-12,2032,2575,星期一,wan_phra,泰國佛日,วันพระ,Wan Phra,thai-buddhist,แรม 14 ค่ำ เดือน 1,1,29,waning,14,
2032-01-20,2032,2575,星期二,wan_phra,泰國佛日,วันพระ,Wan Phra,thai-buddhist,ขึ้น 8 ค่ำ เดือน 2,2,8,waxing,8,
2032-01-27,2032,2575,星期二,wan_phra,泰國佛日,วันพระ,Wan Phra,thai-buddhist,ขึ้น 15 ค่ำ เดือน 2,2,15,waxing,15,
2032-02-04,2032,2575,星期三,wan_phra,泰國佛日,วันพระ,Wan Phra,thai-buddhist,แรม 8 ค่ำ เดือน 2,2,23,waning,8,
2032-02-11,2032,2575,星期三,wan_phra,泰國佛日,วันพระ,Wan Phra,thai-buddhist,แรม 15 ค่ำ เดือน 2,2,30,waning,15,
2032-02-19,2032,2575,星期四,wan_phra,泰國佛日,วันพระ,Wan Phra,thai-buddhist,ขึ้น 8 ค่ำ เดือน 3,3,8,waxing,8,
2032-02-26,2032,2575,星期四,makha_bucha,萬佛節,มาฆบูชา,Makha Bucha,thai-buddhist-major,ขึ้น 15 ค่ำ เดือน 3,3,15,waxing,15,
2032-02-26,2032,2575,星期四,wan_phra,泰國佛日,วันพระ,Wan Phra,thai-buddhist,ขึ้น 15 ค่ำ เดือน 3,3,15,waxing,15,
2032-03-05,2032,2575,星期五,wan_phra,泰國佛日,วันพระ,Wan Phra,thai-buddhist,แรม 8 ค่ำ เดือน 3,3,23,waning,8,
2032-03-11,2032,2575,星期四,wan_phra,泰國佛日,วันพระ,Wan Phra,thai-buddhist,แรม 14 ค่ำ เดือน 3,3,29,waning,14,
2032-03-19,2032,2575,星期五,wan_phra,泰國佛日,วันพระ,Wan Phra,thai-buddhist,ขึ้น 8 ค่ำ เดือน 4,4,8,waxing,8,
2032-03-26,2032,2575,星期五,wan_phra,泰國佛日,วันพระ,Wan Phra,thai-buddhist,ขึ้น 15 ค่ำ เดือน 4,4,15,waxing,15,
2032-04-03,2032,2575,星期六,wan_phra,泰國佛日,วันพระ,Wan Phra,thai-buddhist,แรม 8 ค่ำ เดือน 4,4,23,waning,8,
2032-04-10,2032,2575,星期六,wan_phra,泰國佛日,วันพระ,Wan Phra,thai-buddhist,แรม 15 ค่ำ เดือน 4,4,30,waning,15,
2032-04-18,2032,2575,星期日,wan_phra,泰國佛日,วันพระ,Wan Phra,thai-buddhist,ขึ้น 8 ค่ำ เดือน 5,5,8,waxing,8,
2032-04-25,2032,2575,星期日,wan_phra,泰國佛日,วันพระ,Wan Phra,thai-buddhist,ขึ้น 15 ค่ำ เดือน 5,5,15,waxing,15,
2032-05-03,2032,2575,星期一,wan_phra,泰國佛日,วันพระ,Wan Phra,thai-buddhist,แรม 8 ค่ำ เดือน 5,5,23,waning,8,
2032-05-09,2032,2575,星期日,wan_phra,泰國佛日,วันพระ,Wan Phra,thai-buddhist,แรม 14 ค่ำ เดือน 5,5,29,waning,14,
2032-05-17,2032,2575,星期一,wan_phra,泰國佛日,วันพระ,Wan Phra,thai-buddhist,ขึ้น 8 ค่ำ เดือน 6,6,8,waxing,8,
2032-05-24,2032,2575,星期一,visakha_bucha,衛塞節,วิสาขบูชา,Visakha Bucha,thai-buddhist-major,ขึ้น 15 ค่ำ เดือน 6,6,15,waxing,15,
2032-05-24,2032,2575,星期一,wan_phra,泰國佛日,วันพระ,Wan Phra,thai-buddhist,ขึ้น 15 ค่ำ เดือน 6,6,15,waxing,15,
2032-06-01,2032,2575,星期二,wan_phra,泰國佛日,วันพระ,Wan Phra,thai-buddhist,แรม 8 ค่ำ เดือน 6,6,23,waning,8,
2032-06-08,2032,2575,星期二,wan_phra,泰國佛日,วันพระ,Wan Phra,thai-buddhist,แรม 15 ค่ำ เดือน 6,6,30,waning,15,
2032-06-16,2032,2575,星期三,wan_phra,泰國佛日,วันพระ,Wan Phra,thai-buddhist,ขึ้น 8 ค่ำ เดือน 7,7,8,waxing,8,
2032-06-23,2032,2575,星期三,wan_phra,泰國佛日,วันพระ,Wan Phra,thai-buddhist,ขึ้น 15 ค่ำ เดือน 7,7,15,waxing,15,
2032-07-01,2032,2575,星期四,wan_phra,泰國佛日,วันพระ,Wan Phra,thai-buddhist,แรม 8 ค่ำ เดือน 7,7,23,waning,8,
2032-07-07,2032,2575,星期三,wan_phra,泰國佛日,วันพระ,Wan Phra,thai-buddhist,แรม 14 ค่ำ เดือน 7,7,29,waning,14,
2032-07-15,2032,2575,星期四,wan_phra,泰國佛日,วันพระ,Wan Phra,thai-buddhist,ขึ้น 8 ค่ำ เดือน 8,8,8,waxing,8,
2032-07-22,2032,2575,星期四,wan_phra,泰國佛日,วันพระ,Wan Phra,thai-buddhist,ขึ้น 15 ค่ำ เดือน 8,8,15,waxing,15,
2032-07-23,2032,2575,星期五,khao_phansa,入雨安居,เข้าพรรษา,Khao Phansa,thai-buddhist-major,แรม 1 ค่ำ เดือน 8,8,16,waning,1,
2032-07-30,2032,2575,星期五,wan_phra,泰國佛日,วันพระ,Wan Phra,thai-buddhist,แรม 8 ค่ำ เดือน 8,8,23,waning,8,
2032-08-06,2032,2575,星期五,wan_phra,泰國佛日,วันพระ,Wan Phra,thai-buddhist,แรม 15 ค่ำ เดือน 8,8,30,waning,15,
2032-08-14,2032,2575,星期六,wan_phra,泰國佛日,วันพระ,Wan Phra,thai-buddhist,ขึ้น 8 ค่ำ เดือน 9,9,8,waxing,8,
2032-08-21,2032,2575,星期六,wan_phra,泰國佛日,วันพระ,Wan Phra,thai-buddhist,ขึ้น 15 ค่ำ เดือน 9,9,15,waxing,15,
2032-08-29,2032,2575,星期日,wan_phra,泰國佛日,วันพระ,Wan Phra,thai-buddhist,แรม 8 ค่ำ เดือน 9,9,23,waning,8,
2032-09-04,2032,2575,星期六,wan_phra,泰國佛日,วันพระ,Wan Phra,thai-buddhist,แรม 14 ค่ำ เดือน 9,9,29,waning,14,
2032-09-12,2032,2575,星期日,wan_phra,泰國佛日,วันพระ,Wan Phra,thai-buddhist,ขึ้น 8 ค่ำ เดือน 10,10,8,waxing,8,
2032-09-19,2032,2575,星期日,wan_phra,泰國佛日,วันพระ,Wan Phra,thai-buddhist,ขึ้น 15 ค่ำ เดือน 10,10,15,waxing,15,
2032-09-27,2032,2575,星期一,wan_phra,泰國佛日,วันพระ,Wan Phra,thai-buddhist,แรม 8 ค่ำ เดือน 10,10,23,waning,8,
2032-10-04,2032,2575,星期一,wan_phra,泰國佛日,วันพระ,Wan Phra,thai-buddhist,แรม 15 ค่ำ เดือน 10,10,30,waning,15,
2032-10-12,2032,2575,星期二,wan_phra,泰國佛日,วันพระ,Wan Phra,thai-buddhist,ขึ้น 8 ค่ำ เดือน 11,11,8,waxing,8,
2032-10-19,2032,2575,星期二,ok_phansa,出雨安居,ออกพรรษา,Ok Phansa,thai-buddhist-major,ขึ้น 15 ค่ำ เดือน 11,11,15,waxing,15,
2032-10-19,2032,2575,星期二,wan_phra,泰國佛日,วันพระ,Wan Phra,thai-buddhist,ขึ้น 15 ค่ำ เดือน 11,11,15,waxing,15,
2032-10-27,2032,2575,星期三,wan_phra,泰國佛日,วันพระ,Wan Phra,thai-buddhist,แรม 8 ค่ำ เดือน 11,11,23,waning,8,
2032-11-02,2032,2575,星期二,wan_phra,泰國佛日,วันพระ,Wan Phra,thai-buddhist,แรม 14 ค่ำ เดือน 11,11,29,waning,14,
2032-11-10,2032,2575,星期三,wan_phra,泰國佛日,วันพระ,Wan Phra,thai-buddhist,ขึ้น 8 ค่ำ เดือน 12,12,8,waxing,8,
2032-11-17,2032,2575,星期三,wan_phra,泰國佛日,วันพระ,Wan Phra,thai-buddhist,ขึ้น 15 ค่ำ เดือน 12,12,15,waxing,15,
2032-11-25,2032,2575,星期四,wan_phra,泰國佛日,วันพระ,Wan Phra,thai-buddhist,แรม 8 ค่ำ เดือน 12,12,23,waning,8,
2032-12-02,2032,2575,星期四,wan_phra,泰國佛日,วันพระ,Wan Phra,thai-buddhist,แรม 15 ค่ำ เดือน 12,12,30,waning,15,
2032-12-10,2032,2575,星期五,wan_phra,泰國佛日,วันพระ,Wan Phra,thai-buddhist,ขึ้น 8 ค่ำ เดือน 1,1,8,waxing,8,
2032-12-17,2032,2575,星期五,wan_phra,泰國佛日,วันพระ,Wan Phra,thai-buddhist,ขึ้น 15 ค่ำ เดือน 1,1,15,waxing,15,
2032-12-25,2032,2575,星期六,wan_phra,泰國佛日,วันพระ,Wan Phra,thai-buddhist,แรม 8 ค่ำ เดือน 1,1,23,waning,8,
2032-12-31,2032,2575,星期五,wan_phra,泰國佛日,วันพระ,Wan Phra,thai-buddhist,แรม 14 ค่ำ เดือน 1,1,29,waning,14,
2033-01-08,2033,2576,星期六,wan_phra,泰國佛日,วันพระ,Wan Phra,thai-buddhist,ขึ้น 8 ค่ำ เดือน 2,2,8,waxing,8,
2033-01-15,2033,2576,星期六,wan_phra,泰國佛日,วันพระ,Wan Phra,thai-buddhist,ขึ้น 15 ค่ำ เดือน 2,2,15,waxing,15,
2033-01-23,2033,2576,星期日,wan_phra,泰國佛日,วันพระ,Wan Phra,thai-buddhist,แรม 8 ค่ำ เดือน 2,2,23,waning,8,
2033-01-30,2033,2576,星期日,wan_phra,泰國佛日,วันพระ,Wan Phra,thai-buddhist,แรม 15 ค่ำ เดือน 2,2,30,waning,15,
2033-02-07,2033,2576,星期一,wan_phra,泰國佛日,วันพระ,Wan Phra,thai-buddhist,ขึ้น 8 ค่ำ เดือน 3,3,8,waxing,8,
2033-02-14,2033,2576,星期一,makha_bucha,萬佛節,มาฆบูชา,Makha Bucha,thai-buddhist-major,ขึ้น 15 ค่ำ เดือน 3,3,15,waxing,15,
2033-02-14,2033,2576,星期一,wan_phra,泰國佛日,วันพระ,Wan Phra,thai-buddhist,ขึ้น 15 ค่ำ เดือน 3,3,15,waxing,15,
2033-02-22,2033,2576,星期二,wan_phra,泰國佛日,วันพระ,Wan Phra,thai-buddhist,แรม 8 ค่ำ เดือน 3,3,23,waning,8,
2033-02-28,2033,2576,星期一,wan_phra,泰國佛日,วันพระ,Wan Phra,thai-buddhist,แรม 14 ค่ำ เดือน 3,3,29,waning,14,
2033-03-08,2033,2576,星期二,wan_phra,泰國佛日,วันพระ,Wan Phra,thai-buddhist,ขึ้น 8 ค่ำ เดือน 4,4,8,waxing,8,
2033-03-15,2033,2576,星期二,wan_phra,泰國佛日,วันพระ,Wan Phra,thai-buddhist,ขึ้น 15 ค่ำ เดือน 4,4,15,waxing,15,
2033-03-23,2033,2576,星期三,wan_phra,泰國佛日,วันพระ,Wan Phra,thai-buddhist,แรม 8 ค่ำ เดือน 4,4,23,waning,8,
2033-03-30,2033,2576,星期三,wan_phra,泰國佛日,วันพระ,Wan Phra,thai-buddhist,แรม 15 ค่ำ เดือน 4,4,30,waning,15,
2033-04-07,2033,2576,星期四,wan_phra,泰國佛日,วันพระ,Wan Phra,thai-buddhist,ขึ้น 8 ค่ำ เดือน 5,5,8,waxing,8,
2033-04-14,2033,2576,星期四,wan_phra,泰國佛日,วันพระ,Wan Phra,thai-buddhist,ขึ้น 15 ค่ำ เดือน 5,5,15,waxing,15,
2033-04-22,2033,2576,星期五,wan_phra,泰國佛日,วันพระ,Wan Phra,thai-buddhist,แรม 8 ค่ำ เดือน 5,5,23,waning,8,
2033-04-28,2033,2576,星期四,wan_phra,泰國佛日,วันพระ,Wan Phra,thai-buddhist,แรม 14 ค่ำ เดือน 5,5,29,waning,14,
2033-05-06,2033,2576,星期五,wan_phra,泰國佛日,วันพระ,Wan Phra,thai-buddhist,ขึ้น 8 ค่ำ เดือน 6,6,8,waxing,8,
2033-05-13,2033,2576,星期五,visakha_bucha,衛塞節,วิสาขบูชา,Visakha Bucha,thai-buddhist-major,ขึ้น 15 ค่ำ เดือน 6,6,15,waxing,15,
2033-05-13,2033,2576,星期五,wan_phra,泰國佛日,วันพระ,Wan Phra,thai-buddhist,ขึ้น 15 ค่ำ เดือน 6,6,15,waxing,15,
2033-05-21,2033,2576,星期六,wan_phra,泰國佛日,วันพระ,Wan Phra,thai-buddhist,แรม 8 ค่ำ เดือน 6,6,23,waning,8,
2033-05-28,2033,2576,星期六,wan_phra,泰國佛日,วันพระ,Wan Phra,thai-buddhist,แรม 15 ค่ำ เดือน 6,6,30,waning,15,
2033-06-05,2033,2576,星期日,wan_phra,泰國佛日,วันพระ,Wan Phra,thai-buddhist,ขึ้น 8 ค่ำ เดือน 7,7,8,waxing,8,
2033-06-12,2033,2576,星期日,wan_phra,泰國佛日,วันพระ,Wan Phra,thai-buddhist,ขึ้น 15 ค่ำ เดือน 7,7,15,waxing,15,
2033-06-20,2033,2576,星期一,wan_phra,泰國佛日,วันพระ,Wan Phra,thai-buddhist,แรม 8 ค่ำ เดือน 7,7,23,waning,8,
2033-06-26,2033,2576,星期日,wan_phra,泰國佛日,วันพระ,Wan Phra,thai-buddhist,แรม 14 ค่ำ เดือน 7,7,29,waning,14,
2033-07-04,2033,2576,星期一,wan_phra,泰國佛日,วันพระ,Wan Phra,thai-buddhist,ขึ้น 8 ค่ำ เดือน 8,8,8,waxing,8,
2033-07-11,2033,2576,星期一,wan_phra,泰國佛日,วันพระ,Wan Phra,thai-buddhist,ขึ้น 15 ค่ำ เดือน 8,8,15,waxing,15,
2033-07-12,2033,2576,星期二,khao_phansa,入雨安居,เข้าพรรษา,Khao Phansa,thai-buddhist-major,แรม 1 ค่ำ เดือน 8,8,16,waning,1,
2033-07-19,2033,2576,星期二,wan_phra,泰國佛日,วันพระ,Wan Phra,thai-buddhist,แรม 8 ค่ำ เดือน 8,8,23,waning,8,
2033-07-26,2033,2576,星期二,wan_phra,泰國佛日,วันพระ,Wan Phra,thai-buddhist,แรม 15 ค่ำ เดือน 8,8,30,waning,15,
2033-08-03,2033,2576,星期三,wan_phra,泰國佛日,วันพระ,Wan Phra,thai-buddhist,ขึ้น 8 ค่ำ เดือน 9,9,8,waxing,8,
2033-08-10,2033,2576,星期三,wan_phra,泰國佛日,วันพระ,Wan Phra,thai-buddhist,ขึ้น 15 ค่ำ เดือน 9,9,15,waxing,15,
2033-08-18,2033,2576,星期四,wan_phra,泰國佛日,วันพระ,Wan Phra,thai-buddhist,แรม 8 ค่ำ เดือน 9,9,23,waning,8,
2033-08-24,2033,2576,星期三,wan_phra,泰國佛日,วันพระ,Wan Phra,thai-buddhist,แรม 14 ค่ำ เดือน 9,9,29,waning,14,
2033-09-01,2033,2576,星期四,wan_phra,泰國佛日,วันพระ,Wan Phra,thai-buddhist,ขึ้น 8 ค่ำ เดือน 10,10,8,waxing,8,
2033-09-08,2033,2576,星期四,wan_phra,泰國佛日,วันพระ,Wan Phra,thai-buddhist,ขึ้น 15 ค่ำ เดือน 10,10,15,waxing,15,
2033-09-16,2033,2576,星期五,wan_phra,泰國佛日,วันพระ,Wan Phra,thai-buddhist,แรม 8 ค่ำ เดือน 10,10,23,waning,8,
2033-09-23,2033,2576,星期五,wan_phra,泰國佛日,วันพระ,Wan Phra,thai-buddhist,แรม 15 ค่ำ เดือน 10,10,30,waning,15,
2033-10-01,2033,2576,星期六,wan_phra,泰國佛日,วันพระ,Wan Phra,thai-buddhist,ขึ้น 8 ค่ำ เดือน 11,11,8,waxing,8,
2033-10-08,2033,2576,星期六,ok_phansa,出雨安居,ออกพรรษา,Ok Phansa,thai-buddhist-major,ขึ้น 15 ค่ำ เดือน 11,11,15,waxing,15,
2033-10-08,2033,2576,星期六,wan_phra,泰國佛日,วันพระ,Wan Phra,thai-buddhist,ขึ้น 15 ค่ำ เดือน 11,11,15,waxing,15,
2033-10-16,2033,2576,星期日,wan_phra,泰國佛日,วันพระ,Wan Phra,thai-buddhist,แรม 8 ค่ำ เดือน 11,11,23,waning,8,
2033-10-22,2033,2576,星期六,wan_phra,泰國佛日,วันพระ,Wan Phra,thai-buddhist,แรม 14 ค่ำ เดือน 11,11,29,waning,14,
2033-10-30,2033,2576,星期日,wan_phra,泰國佛日,วันพระ,Wan Phra,thai-buddhist,ขึ้น 8 ค่ำ เดือน 12,12,8,waxing,8,
2033-11-06,2033,2576,星期日,wan_phra,泰國佛日,วันพระ,Wan Phra,thai-buddhist,ขึ้น 15 ค่ำ เดือน 12,12,15,waxing,15,
2033-11-14,2033,2576,星期一,wan_phra,泰國佛日,วันพระ,Wan Phra,thai-buddhist,แรม 8 ค่ำ เดือน 12,12,23,waning,8,
2033-11-21,2033,2576,星期一,wan_phra,泰國佛日,วันพระ,Wan Phra,thai-buddhist,แรม 15 ค่ำ เดือน 12,12,30,waning,15,
2033-11-29,2033,2576,星期二,wan_phra,泰國佛日,วันพระ,Wan Phra,thai-buddhist,ขึ้น 8 ค่ำ เดือน 1,1,8,waxing,8,
2033-12-06,2033,2576,星期二,wan_phra,泰國佛日,วันพระ,Wan Phra,thai-buddhist,ขึ้น 15 ค่ำ เดือน 1,1,15,waxing,15,
2033-12-14,2033,2576,星期三,wan_phra,泰國佛日,วันพระ,Wan Phra,thai-buddhist,แรม 8 ค่ำ เดือน 1,1,23,waning,8,
2033-12-20,2033,2576,星期二,wan_phra,泰國佛日,วันพระ,Wan Phra,thai-buddhist,แรม 14 ค่ำ เดือน 1,1,29,waning,14,
2033-12-28,2033,2576,星期三,wan_phra,泰國佛日,วันพระ,Wan Phra,thai-buddhist,ขึ้น 8 ค่ำ เดือน 2,2,8,waxing,8,
2034-01-04,2034,2577,星期三,wan_phra,泰國佛日,วันพระ,Wan Phra,thai-buddhist,ขึ้น 15 ค่ำ เดือน 2,2,15,waxing,15,
2034-01-12,2034,2577,星期四,wan_phra,泰國佛日,วันพระ,Wan Phra,thai-buddhist,แรม 8 ค่ำ เดือน 2,2,23,waning,8,
2034-01-19,2034,2577,星期四,wan_phra,泰國佛日,วันพระ,Wan Phra,thai-buddhist,แรม 15 ค่ำ เดือน 2,2,30,waning,15,
2034-01-27,2034,2577,星期五,wan_phra,泰國佛日,วันพระ,Wan Phra,thai-buddhist,ขึ้น 8 ค่ำ เดือน 3,3,8,waxing,8,
2034-02-03,2034,2577,星期五,wan_phra,泰國佛日,วันพระ,Wan Phra,thai-buddhist,ขึ้น 15 ค่ำ เดือน 3,3,15,waxing,15,
2034-02-11,2034,2577,星期六,wan_phra,泰國佛日,วันพระ,Wan Phra,thai-buddhist,แรม 8 ค่ำ เดือน 3,3,23,waning,8,
2034-02-17,2034,2577,星期五,wan_phra,泰國佛日,วันพระ,Wan Phra,thai-buddhist,แรม 14 ค่ำ เดือน 3,3,29,waning,14,
2034-02-25,2034,2577,星期六,wan_phra,泰國佛日,วันพระ,Wan Phra,thai-buddhist,ขึ้น 8 ค่ำ เดือน 4,4,8,waxing,8,
2034-03-04,2034,2577,星期六,makha_bucha,萬佛節,มาฆบูชา,Makha Bucha,thai-buddhist-major,ขึ้น 15 ค่ำ เดือน 4,4,15,waxing,15,
2034-03-04,2034,2577,星期六,wan_phra,泰國佛日,วันพระ,Wan Phra,thai-buddhist,ขึ้น 15 ค่ำ เดือน 4,4,15,waxing,15,
2034-03-12,2034,2577,星期日,wan_phra,泰國佛日,วันพระ,Wan Phra,thai-buddhist,แรม 8 ค่ำ เดือน 4,4,23,waning,8,
2034-03-19,2034,2577,星期日,wan_phra,泰國佛日,วันพระ,Wan Phra,thai-buddhist,แรม 15 ค่ำ เดือน 4,4,30,waning,15,
2034-03-27,2034,2577,星期一,wan_phra,泰國佛日,วันพระ,Wan Phra,thai-buddhist,ขึ้น 8 ค่ำ เดือน 5,5,8,waxing,8,
2034-04-03,2034,2577,星期一,wan_phra,泰國佛日,วันพระ,Wan Phra,thai-buddhist,ขึ้น 15 ค่ำ เดือน 5,5,15,waxing,15,
2034-04-08,2034,2577,星期六,sao_ha_candidate,騷哈日候選 / 稍哈日候選,เสาร์ 5,Sao Ha candidate,thai-amulet-auspicious-day,แรม 5 ค่ำ เดือน 5,5,20,waning,5,按規則產生：星期六 + 泰國陰曆 5 月 + ขึ้น 5 ค่ำ 或 แรม 5 ค่ำ。未做人工作法會或高僧認定。
2034-04-11,2034,2577,星期二,wan_phra,泰國佛日,วันพระ,Wan Phra,thai-buddhist,แรม 8 ค่ำ เดือน 5,5,23,waning,8,
2034-04-17,2034,2577,星期一,wan_phra,泰國佛日,วันพระ,Wan Phra,thai-buddhist,แรม 14 ค่ำ เดือน 5,5,29,waning,14,
2034-04-25,2034,2577,星期二,wan_phra,泰國佛日,วันพระ,Wan Phra,thai-buddhist,ขึ้น 8 ค่ำ เดือน 6,6,8,waxing,8,
2034-05-02,2034,2577,星期二,wan_phra,泰國佛日,วันพระ,Wan Phra,thai-buddhist,ขึ้น 15 ค่ำ เดือน 6,6,15,waxing,15,
2034-05-10,2034,2577,星期三,wan_phra,泰國佛日,วันพระ,Wan Phra,thai-buddhist,แรม 8 ค่ำ เดือน 6,6,23,waning,8,
2034-05-17,2034,2577,星期三,wan_phra,泰國佛日,วันพระ,Wan Phra,thai-buddhist,แรม 15 ค่ำ เดือน 6,6,30,waning,15,
2034-05-25,2034,2577,星期四,wan_phra,泰國佛日,วันพระ,Wan Phra,thai-buddhist,ขึ้น 8 ค่ำ เดือน 7,7,8,waxing,8,
2034-06-01,2034,2577,星期四,visakha_bucha,衛塞節,วิสาขบูชา,Visakha Bucha,thai-buddhist-major,ขึ้น 15 ค่ำ เดือน 7,7,15,waxing,15,
2034-06-01,2034,2577,星期四,wan_phra,泰國佛日,วันพระ,Wan Phra,thai-buddhist,ขึ้น 15 ค่ำ เดือน 7,7,15,waxing,15,
2034-06-09,2034,2577,星期五,wan_phra,泰國佛日,วันพระ,Wan Phra,thai-buddhist,แรม 8 ค่ำ เดือน 7,7,23,waning,8,
2034-06-15,2034,2577,星期四,wan_phra,泰國佛日,วันพระ,Wan Phra,thai-buddhist,แรม 14 ค่ำ เดือน 7,7,29,waning,14,
2034-06-23,2034,2577,星期五,wan_phra,泰國佛日,วันพระ,Wan Phra,thai-buddhist,ขึ้น 8 ค่ำ เดือน 8,8,8,waxing,8,
2034-06-30,2034,2577,星期五,wan_phra,泰國佛日,วันพระ,Wan Phra,thai-buddhist,ขึ้น 15 ค่ำ เดือน 8,8,15,waxing,15,
2034-07-08,2034,2577,星期六,wan_phra,泰國佛日,วันพระ,Wan Phra,thai-buddhist,แรม 8 ค่ำ เดือน 8,8,23,waning,8,
2034-07-15,2034,2577,星期六,wan_phra,泰國佛日,วันพระ,Wan Phra,thai-buddhist,แรม 15 ค่ำ เดือน 8,8,30,waning,15,
2034-07-23,2034,2577,星期日,wan_phra,泰國佛日,วันพระ,Wan Phra,thai-buddhist,ขึ้น 8 ค่ำ เดือน 88,88,8,waxing,8,
2034-07-30,2034,2577,星期日,wan_phra,泰國佛日,วันพระ,Wan Phra,thai-buddhist,ขึ้น 15 ค่ำ เดือน 88,88,15,waxing,15,
2034-07-31,2034,2577,星期一,khao_phansa,入雨安居,เข้าพรรษา,Khao Phansa,thai-buddhist-major,แรม 1 ค่ำ เดือน 88,88,16,waning,1,
2034-08-07,2034,2577,星期一,wan_phra,泰國佛日,วันพระ,Wan Phra,thai-buddhist,แรม 8 ค่ำ เดือน 88,88,23,waning,8,
2034-08-14,2034,2577,星期一,wan_phra,泰國佛日,วันพระ,Wan Phra,thai-buddhist,แรม 15 ค่ำ เดือน 88,88,30,waning,15,
2034-08-22,2034,2577,星期二,wan_phra,泰國佛日,วันพระ,Wan Phra,thai-buddhist,ขึ้น 8 ค่ำ เดือน 9,9,8,waxing,8,
2034-08-29,2034,2577,星期二,wan_phra,泰國佛日,วันพระ,Wan Phra,thai-buddhist,ขึ้น 15 ค่ำ เดือน 9,9,15,waxing,15,
2034-09-06,2034,2577,星期三,wan_phra,泰國佛日,วันพระ,Wan Phra,thai-buddhist,แรม 8 ค่ำ เดือน 9,9,23,waning,8,
2034-09-12,2034,2577,星期二,wan_phra,泰國佛日,วันพระ,Wan Phra,thai-buddhist,แรม 14 ค่ำ เดือน 9,9,29,waning,14,
2034-09-20,2034,2577,星期三,wan_phra,泰國佛日,วันพระ,Wan Phra,thai-buddhist,ขึ้น 8 ค่ำ เดือน 10,10,8,waxing,8,
2034-09-27,2034,2577,星期三,wan_phra,泰國佛日,วันพระ,Wan Phra,thai-buddhist,ขึ้น 15 ค่ำ เดือน 10,10,15,waxing,15,
2034-10-05,2034,2577,星期四,wan_phra,泰國佛日,วันพระ,Wan Phra,thai-buddhist,แรม 8 ค่ำ เดือน 10,10,23,waning,8,
2034-10-12,2034,2577,星期四,wan_phra,泰國佛日,วันพระ,Wan Phra,thai-buddhist,แรม 15 ค่ำ เดือน 10,10,30,waning,15,
2034-10-20,2034,2577,星期五,wan_phra,泰國佛日,วันพระ,Wan Phra,thai-buddhist,ขึ้น 8 ค่ำ เดือน 11,11,8,waxing,8,
2034-10-27,2034,2577,星期五,ok_phansa,出雨安居,ออกพรรษา,Ok Phansa,thai-buddhist-major,ขึ้น 15 ค่ำ เดือน 11,11,15,waxing,15,
2034-10-27,2034,2577,星期五,wan_phra,泰國佛日,วันพระ,Wan Phra,thai-buddhist,ขึ้น 15 ค่ำ เดือน 11,11,15,waxing,15,
2034-11-04,2034,2577,星期六,wan_phra,泰國佛日,วันพระ,Wan Phra,thai-buddhist,แรม 8 ค่ำ เดือน 11,11,23,waning,8,
2034-11-10,2034,2577,星期五,wan_phra,泰國佛日,วันพระ,Wan Phra,thai-buddhist,แรม 14 ค่ำ เดือน 11,11,29,waning,14,
2034-11-18,2034,2577,星期六,wan_phra,泰國佛日,วันพระ,Wan Phra,thai-buddhist,ขึ้น 8 ค่ำ เดือน 12,12,8,waxing,8,
2034-11-25,2034,2577,星期六,wan_phra,泰國佛日,วันพระ,Wan Phra,thai-buddhist,ขึ้น 15 ค่ำ เดือน 12,12,15,waxing,15,
2034-12-03,2034,2577,星期日,wan_phra,泰國佛日,วันพระ,Wan Phra,thai-buddhist,แรม 8 ค่ำ เดือน 12,12,23,waning,8,
2034-12-10,2034,2577,星期日,wan_phra,泰國佛日,วันพระ,Wan Phra,thai-buddhist,แรม 15 ค่ำ เดือน 12,12,30,waning,15,
2034-12-18,2034,2577,星期一,wan_phra,泰國佛日,วันพระ,Wan Phra,thai-buddhist,ขึ้น 8 ค่ำ เดือน 1,1,8,waxing,8,
2034-12-25,2034,2577,星期一,wan_phra,泰國佛日,วันพระ,Wan Phra,thai-buddhist,ขึ้น 15 ค่ำ เดือน 1,1,15,waxing,15,
2035-01-02,2035,2578,星期二,wan_phra,泰國佛日,วันพระ,Wan Phra,thai-buddhist,แรม 8 ค่ำ เดือน 1,1,23,waning,8,
2035-01-08,2035,2578,星期一,wan_phra,泰國佛日,วันพระ,Wan Phra,thai-buddhist,แรม 14 ค่ำ เดือน 1,1,29,waning,14,
2035-01-16,2035,2578,星期二,wan_phra,泰國佛日,วันพระ,Wan Phra,thai-buddhist,ขึ้น 8 ค่ำ เดือน 2,2,8,waxing,8,
2035-01-23,2035,2578,星期二,wan_phra,泰國佛日,วันพระ,Wan Phra,thai-buddhist,ขึ้น 15 ค่ำ เดือน 2,2,15,waxing,15,
2035-01-31,2035,2578,星期三,wan_phra,泰國佛日,วันพระ,Wan Phra,thai-buddhist,แรม 8 ค่ำ เดือน 2,2,23,waning,8,
2035-02-07,2035,2578,星期三,wan_phra,泰國佛日,วันพระ,Wan Phra,thai-buddhist,แรม 15 ค่ำ เดือน 2,2,30,waning,15,
2035-02-15,2035,2578,星期四,wan_phra,泰國佛日,วันพระ,Wan Phra,thai-buddhist,ขึ้น 8 ค่ำ เดือน 3,3,8,waxing,8,
2035-02-22,2035,2578,星期四,makha_bucha,萬佛節,มาฆบูชา,Makha Bucha,thai-buddhist-major,ขึ้น 15 ค่ำ เดือน 3,3,15,waxing,15,
2035-02-22,2035,2578,星期四,wan_phra,泰國佛日,วันพระ,Wan Phra,thai-buddhist,ขึ้น 15 ค่ำ เดือน 3,3,15,waxing,15,
2035-03-02,2035,2578,星期五,wan_phra,泰國佛日,วันพระ,Wan Phra,thai-buddhist,แรม 8 ค่ำ เดือน 3,3,23,waning,8,
2035-03-08,2035,2578,星期四,wan_phra,泰國佛日,วันพระ,Wan Phra,thai-buddhist,แรม 14 ค่ำ เดือน 3,3,29,waning,14,
2035-03-16,2035,2578,星期五,wan_phra,泰國佛日,วันพระ,Wan Phra,thai-buddhist,ขึ้น 8 ค่ำ เดือน 4,4,8,waxing,8,
2035-03-23,2035,2578,星期五,wan_phra,泰國佛日,วันพระ,Wan Phra,thai-buddhist,ขึ้น 15 ค่ำ เดือน 4,4,15,waxing,15,
2035-03-31,2035,2578,星期六,wan_phra,泰國佛日,วันพระ,Wan Phra,thai-buddhist,แรม 8 ค่ำ เดือน 4,4,23,waning,8,
2035-04-07,2035,2578,星期六,wan_phra,泰國佛日,วันพระ,Wan Phra,thai-buddhist,แรม 15 ค่ำ เดือน 4,4,30,waning,15,
2035-04-15,2035,2578,星期日,wan_phra,泰國佛日,วันพระ,Wan Phra,thai-buddhist,ขึ้น 8 ค่ำ เดือน 5,5,8,waxing,8,
2035-04-22,2035,2578,星期日,wan_phra,泰國佛日,วันพระ,Wan Phra,thai-buddhist,ขึ้น 15 ค่ำ เดือน 5,5,15,waxing,15,
2035-04-30,2035,2578,星期一,wan_phra,泰國佛日,วันพระ,Wan Phra,thai-buddhist,แรม 8 ค่ำ เดือน 5,5,23,waning,8,
2035-05-06,2035,2578,星期日,wan_phra,泰國佛日,วันพระ,Wan Phra,thai-buddhist,แรม 14 ค่ำ เดือน 5,5,29,waning,14,
2035-05-14,2035,2578,星期一,wan_phra,泰國佛日,วันพระ,Wan Phra,thai-buddhist,ขึ้น 8 ค่ำ เดือน 6,6,8,waxing,8,
2035-05-21,2035,2578,星期一,visakha_bucha,衛塞節,วิสาขบูชา,Visakha Bucha,thai-buddhist-major,ขึ้น 15 ค่ำ เดือน 6,6,15,waxing,15,
2035-05-21,2035,2578,星期一,wan_phra,泰國佛日,วันพระ,Wan Phra,thai-buddhist,ขึ้น 15 ค่ำ เดือน 6,6,15,waxing,15,
2035-05-29,2035,2578,星期二,wan_phra,泰國佛日,วันพระ,Wan Phra,thai-buddhist,แรม 8 ค่ำ เดือน 6,6,23,waning,8,
2035-06-05,2035,2578,星期二,wan_phra,泰國佛日,วันพระ,Wan Phra,thai-buddhist,แรม 15 ค่ำ เดือน 6,6,30,waning,15,
2035-06-13,2035,2578,星期三,wan_phra,泰國佛日,วันพระ,Wan Phra,thai-buddhist,ขึ้น 8 ค่ำ เดือน 7,7,8,waxing,8,
2035-06-20,2035,2578,星期三,wan_phra,泰國佛日,วันพระ,Wan Phra,thai-buddhist,ขึ้น 15 ค่ำ เดือน 7,7,15,waxing,15,
2035-06-28,2035,2578,星期四,wan_phra,泰國佛日,วันพระ,Wan Phra,thai-buddhist,แรม 8 ค่ำ เดือน 7,7,23,waning,8,
2035-07-05,2035,2578,星期四,wan_phra,泰國佛日,วันพระ,Wan Phra,thai-buddhist,แรม 15 ค่ำ เดือน 7,7,30,waning,15,
2035-07-13,2035,2578,星期五,wan_phra,泰國佛日,วันพระ,Wan Phra,thai-buddhist,ขึ้น 8 ค่ำ เดือน 8,8,8,waxing,8,
2035-07-20,2035,2578,星期五,wan_phra,泰國佛日,วันพระ,Wan Phra,thai-buddhist,ขึ้น 15 ค่ำ เดือน 8,8,15,waxing,15,
2035-07-21,2035,2578,星期六,khao_phansa,入雨安居,เข้าพรรษา,Khao Phansa,thai-buddhist-major,แรม 1 ค่ำ เดือน 8,8,16,waning,1,
2035-07-28,2035,2578,星期六,wan_phra,泰國佛日,วันพระ,Wan Phra,thai-buddhist,แรม 8 ค่ำ เดือน 8,8,23,waning,8,
2035-08-04,2035,2578,星期六,wan_phra,泰國佛日,วันพระ,Wan Phra,thai-buddhist,แรม 15 ค่ำ เดือน 8,8,30,waning,15,
2035-08-12,2035,2578,星期日,wan_phra,泰國佛日,วันพระ,Wan Phra,thai-buddhist,ขึ้น 8 ค่ำ เดือน 9,9,8,waxing,8,
2035-08-19,2035,2578,星期日,wan_phra,泰國佛日,วันพระ,Wan Phra,thai-buddhist,ขึ้น 15 ค่ำ เดือน 9,9,15,waxing,15,
2035-08-27,2035,2578,星期一,wan_phra,泰國佛日,วันพระ,Wan Phra,thai-buddhist,แรม 8 ค่ำ เดือน 9,9,23,waning,8,
2035-09-02,2035,2578,星期日,wan_phra,泰國佛日,วันพระ,Wan Phra,thai-buddhist,แรม 14 ค่ำ เดือน 9,9,29,waning,14,
2035-09-10,2035,2578,星期一,wan_phra,泰國佛日,วันพระ,Wan Phra,thai-buddhist,ขึ้น 8 ค่ำ เดือน 10,10,8,waxing,8,
2035-09-17,2035,2578,星期一,wan_phra,泰國佛日,วันพระ,Wan Phra,thai-buddhist,ขึ้น 15 ค่ำ เดือน 10,10,15,waxing,15,
2035-09-25,2035,2578,星期二,wan_phra,泰國佛日,วันพระ,Wan Phra,thai-buddhist,แรม 8 ค่ำ เดือน 10,10,23,waning,8,
2035-10-02,2035,2578,星期二,wan_phra,泰國佛日,วันพระ,Wan Phra,thai-buddhist,แรม 15 ค่ำ เดือน 10,10,30,waning,15,
2035-10-10,2035,2578,星期三,wan_phra,泰國佛日,วันพระ,Wan Phra,thai-buddhist,ขึ้น 8 ค่ำ เดือน 11,11,8,waxing,8,
2035-10-17,2035,2578,星期三,ok_phansa,出雨安居,ออกพรรษา,Ok Phansa,thai-buddhist-major,ขึ้น 15 ค่ำ เดือน 11,11,15,waxing,15,
2035-10-17,2035,2578,星期三,wan_phra,泰國佛日,วันพระ,Wan Phra,thai-buddhist,ขึ้น 15 ค่ำ เดือน 11,11,15,waxing,15,
2035-10-25,2035,2578,星期四,wan_phra,泰國佛日,วันพระ,Wan Phra,thai-buddhist,แรม 8 ค่ำ เดือน 11,11,23,waning,8,
2035-10-31,2035,2578,星期三,wan_phra,泰國佛日,วันพระ,Wan Phra,thai-buddhist,แรม 14 ค่ำ เดือน 11,11,29,waning,14,
2035-11-08,2035,2578,星期四,wan_phra,泰國佛日,วันพระ,Wan Phra,thai-buddhist,ขึ้น 8 ค่ำ เดือน 12,12,8,waxing,8,
2035-11-15,2035,2578,星期四,wan_phra,泰國佛日,วันพระ,Wan Phra,thai-buddhist,ขึ้น 15 ค่ำ เดือน 12,12,15,waxing,15,
2035-11-23,2035,2578,星期五,wan_phra,泰國佛日,วันพระ,Wan Phra,thai-buddhist,แรม 8 ค่ำ เดือน 12,12,23,waning,8,
2035-11-30,2035,2578,星期五,wan_phra,泰國佛日,วันพระ,Wan Phra,thai-buddhist,แรม 15 ค่ำ เดือน 12,12,30,waning,15,
2035-12-08,2035,2578,星期六,wan_phra,泰國佛日,วันพระ,Wan Phra,thai-buddhist,ขึ้น 8 ค่ำ เดือน 1,1,8,waxing,8,
2035-12-15,2035,2578,星期六,wan_phra,泰國佛日,วันพระ,Wan Phra,thai-buddhist,ขึ้น 15 ค่ำ เดือน 1,1,15,waxing,15,
2035-12-23,2035,2578,星期日,wan_phra,泰國佛日,วันพระ,Wan Phra,thai-buddhist,แรม 8 ค่ำ เดือน 1,1,23,waning,8,
2035-12-29,2035,2578,星期六,wan_phra,泰國佛日,วันพระ,Wan Phra,thai-buddhist,แรม 14 ค่ำ เดือน 1,1,29,waning,14,
2036-01-06,2036,2579,星期日,wan_phra,泰國佛日,วันพระ,Wan Phra,thai-buddhist,ขึ้น 8 ค่ำ เดือน 2,2,8,waxing,8,
2036-01-13,2036,2579,星期日,wan_phra,泰國佛日,วันพระ,Wan Phra,thai-buddhist,ขึ้น 15 ค่ำ เดือน 2,2,15,waxing,15,
2036-01-21,2036,2579,星期一,wan_phra,泰國佛日,วันพระ,Wan Phra,thai-buddhist,แรม 8 ค่ำ เดือน 2,2,23,waning,8,
2036-01-28,2036,2579,星期一,wan_phra,泰國佛日,วันพระ,Wan Phra,thai-buddhist,แรม 15 ค่ำ เดือน 2,2,30,waning,15,
2036-02-05,2036,2579,星期二,wan_phra,泰國佛日,วันพระ,Wan Phra,thai-buddhist,ขึ้น 8 ค่ำ เดือน 3,3,8,waxing,8,
2036-02-12,2036,2579,星期二,makha_bucha,萬佛節,มาฆบูชา,Makha Bucha,thai-buddhist-major,ขึ้น 15 ค่ำ เดือน 3,3,15,waxing,15,
2036-02-12,2036,2579,星期二,wan_phra,泰國佛日,วันพระ,Wan Phra,thai-buddhist,ขึ้น 15 ค่ำ เดือน 3,3,15,waxing,15,
2036-02-20,2036,2579,星期三,wan_phra,泰國佛日,วันพระ,Wan Phra,thai-buddhist,แรม 8 ค่ำ เดือน 3,3,23,waning,8,
2036-02-26,2036,2579,星期二,wan_phra,泰國佛日,วันพระ,Wan Phra,thai-buddhist,แรม 14 ค่ำ เดือน 3,3,29,waning,14,
2036-03-05,2036,2579,星期三,wan_phra,泰國佛日,วันพระ,Wan Phra,thai-buddhist,ขึ้น 8 ค่ำ เดือน 4,4,8,waxing,8,
2036-03-12,2036,2579,星期三,wan_phra,泰國佛日,วันพระ,Wan Phra,thai-buddhist,ขึ้น 15 ค่ำ เดือน 4,4,15,waxing,15,
2036-03-20,2036,2579,星期四,wan_phra,泰國佛日,วันพระ,Wan Phra,thai-buddhist,แรม 8 ค่ำ เดือน 4,4,23,waning,8,
2036-03-27,2036,2579,星期四,wan_phra,泰國佛日,วันพระ,Wan Phra,thai-buddhist,แรม 15 ค่ำ เดือน 4,4,30,waning,15,
2036-04-04,2036,2579,星期五,wan_phra,泰國佛日,วันพระ,Wan Phra,thai-buddhist,ขึ้น 8 ค่ำ เดือน 5,5,8,waxing,8,
2036-04-11,2036,2579,星期五,wan_phra,泰國佛日,วันพระ,Wan Phra,thai-buddhist,ขึ้น 15 ค่ำ เดือน 5,5,15,waxing,15,
2036-04-19,2036,2579,星期六,wan_phra,泰國佛日,วันพระ,Wan Phra,thai-buddhist,แรม 8 ค่ำ เดือน 5,5,23,waning,8,
2036-04-25,2036,2579,星期五,wan_phra,泰國佛日,วันพระ,Wan Phra,thai-buddhist,แรม 14 ค่ำ เดือน 5,5,29,waning,14,
2036-05-03,2036,2579,星期六,wan_phra,泰國佛日,วันพระ,Wan Phra,thai-buddhist,ขึ้น 8 ค่ำ เดือน 6,6,8,waxing,8,
2036-05-10,2036,2579,星期六,visakha_bucha,衛塞節,วิสาขบูชา,Visakha Bucha,thai-buddhist-major,ขึ้น 15 ค่ำ เดือน 6,6,15,waxing,15,
2036-05-10,2036,2579,星期六,wan_phra,泰國佛日,วันพระ,Wan Phra,thai-buddhist,ขึ้น 15 ค่ำ เดือน 6,6,15,waxing,15,
2036-05-18,2036,2579,星期日,wan_phra,泰國佛日,วันพระ,Wan Phra,thai-buddhist,แรม 8 ค่ำ เดือน 6,6,23,waning,8,
2036-05-25,2036,2579,星期日,wan_phra,泰國佛日,วันพระ,Wan Phra,thai-buddhist,แรม 15 ค่ำ เดือน 6,6,30,waning,15,
2036-06-02,2036,2579,星期一,wan_phra,泰國佛日,วันพระ,Wan Phra,thai-buddhist,ขึ้น 8 ค่ำ เดือน 7,7,8,waxing,8,
2036-06-09,2036,2579,星期一,wan_phra,泰國佛日,วันพระ,Wan Phra,thai-buddhist,ขึ้น 15 ค่ำ เดือน 7,7,15,waxing,15,
2036-06-17,2036,2579,星期二,wan_phra,泰國佛日,วันพระ,Wan Phra,thai-buddhist,แรม 8 ค่ำ เดือน 7,7,23,waning,8,
2036-06-23,2036,2579,星期一,wan_phra,泰國佛日,วันพระ,Wan Phra,thai-buddhist,แรม 14 ค่ำ เดือน 7,7,29,waning,14,
2036-07-01,2036,2579,星期二,wan_phra,泰國佛日,วันพระ,Wan Phra,thai-buddhist,ขึ้น 8 ค่ำ เดือน 8,8,8,waxing,8,
2036-07-08,2036,2579,星期二,wan_phra,泰國佛日,วันพระ,Wan Phra,thai-buddhist,ขึ้น 15 ค่ำ เดือน 8,8,15,waxing,15,
2036-07-09,2036,2579,星期三,khao_phansa,入雨安居,เข้าพรรษา,Khao Phansa,thai-buddhist-major,แรม 1 ค่ำ เดือน 8,8,16,waning,1,
2036-07-16,2036,2579,星期三,wan_phra,泰國佛日,วันพระ,Wan Phra,thai-buddhist,แรม 8 ค่ำ เดือน 8,8,23,waning,8,
2036-07-23,2036,2579,星期三,wan_phra,泰國佛日,วันพระ,Wan Phra,thai-buddhist,แรม 15 ค่ำ เดือน 8,8,30,waning,15,
2036-07-31,2036,2579,星期四,wan_phra,泰國佛日,วันพระ,Wan Phra,thai-buddhist,ขึ้น 8 ค่ำ เดือน 9,9,8,waxing,8,
2036-08-07,2036,2579,星期四,wan_phra,泰國佛日,วันพระ,Wan Phra,thai-buddhist,ขึ้น 15 ค่ำ เดือน 9,9,15,waxing,15,
2036-08-15,2036,2579,星期五,wan_phra,泰國佛日,วันพระ,Wan Phra,thai-buddhist,แรม 8 ค่ำ เดือน 9,9,23,waning,8,
2036-08-21,2036,2579,星期四,wan_phra,泰國佛日,วันพระ,Wan Phra,thai-buddhist,แรม 14 ค่ำ เดือน 9,9,29,waning,14,
2036-08-29,2036,2579,星期五,wan_phra,泰國佛日,วันพระ,Wan Phra,thai-buddhist,ขึ้น 8 ค่ำ เดือน 10,10,8,waxing,8,
2036-09-05,2036,2579,星期五,wan_phra,泰國佛日,วันพระ,Wan Phra,thai-buddhist,ขึ้น 15 ค่ำ เดือน 10,10,15,waxing,15,
2036-09-13,2036,2579,星期六,wan_phra,泰國佛日,วันพระ,Wan Phra,thai-buddhist,แรม 8 ค่ำ เดือน 10,10,23,waning,8,
2036-09-20,2036,2579,星期六,wan_phra,泰國佛日,วันพระ,Wan Phra,thai-buddhist,แรม 15 ค่ำ เดือน 10,10,30,waning,15,
2036-09-28,2036,2579,星期日,wan_phra,泰國佛日,วันพระ,Wan Phra,thai-buddhist,ขึ้น 8 ค่ำ เดือน 11,11,8,waxing,8,
2036-10-05,2036,2579,星期日,ok_phansa,出雨安居,ออกพรรษา,Ok Phansa,thai-buddhist-major,ขึ้น 15 ค่ำ เดือน 11,11,15,waxing,15,
2036-10-05,2036,2579,星期日,wan_phra,泰國佛日,วันพระ,Wan Phra,thai-buddhist,ขึ้น 15 ค่ำ เดือน 11,11,15,waxing,15,
2036-10-13,2036,2579,星期一,wan_phra,泰國佛日,วันพระ,Wan Phra,thai-buddhist,แรม 8 ค่ำ เดือน 11,11,23,waning,8,
2036-10-19,2036,2579,星期日,wan_phra,泰國佛日,วันพระ,Wan Phra,thai-buddhist,แรม 14 ค่ำ เดือน 11,11,29,waning,14,
2036-10-27,2036,2579,星期一,wan_phra,泰國佛日,วันพระ,Wan Phra,thai-buddhist,ขึ้น 8 ค่ำ เดือน 12,12,8,waxing,8,
2036-11-03,2036,2579,星期一,wan_phra,泰國佛日,วันพระ,Wan Phra,thai-buddhist,ขึ้น 15 ค่ำ เดือน 12,12,15,waxing,15,
2036-11-11,2036,2579,星期二,wan_phra,泰國佛日,วันพระ,Wan Phra,thai-buddhist,แรม 8 ค่ำ เดือน 12,12,23,waning,8,
2036-11-18,2036,2579,星期二,wan_phra,泰國佛日,วันพระ,Wan Phra,thai-buddhist,แรม 15 ค่ำ เดือน 12,12,30,waning,15,
2036-11-26,2036,2579,星期三,wan_phra,泰國佛日,วันพระ,Wan Phra,thai-buddhist,ขึ้น 8 ค่ำ เดือน 1,1,8,waxing,8,
2036-12-03,2036,2579,星期三,wan_phra,泰國佛日,วันพระ,Wan Phra,thai-buddhist,ขึ้น 15 ค่ำ เดือน 1,1,15,waxing,15,
2036-12-11,2036,2579,星期四,wan_phra,泰國佛日,วันพระ,Wan Phra,thai-buddhist,แรม 8 ค่ำ เดือน 1,1,23,waning,8,
2036-12-17,2036,2579,星期三,wan_phra,泰國佛日,วันพระ,Wan Phra,thai-buddhist,แรม 14 ค่ำ เดือน 1,1,29,waning,14,
2036-12-25,2036,2579,星期四,wan_phra,泰國佛日,วันพระ,Wan Phra,thai-buddhist,ขึ้น 8 ค่ำ เดือน 2,2,8,waxing,8,
2037-01-01,2037,2580,星期四,wan_phra,泰國佛日,วันพระ,Wan Phra,thai-buddhist,ขึ้น 15 ค่ำ เดือน 2,2,15,waxing,15,
2037-01-09,2037,2580,星期五,wan_phra,泰國佛日,วันพระ,Wan Phra,thai-buddhist,แรม 8 ค่ำ เดือน 2,2,23,waning,8,
2037-01-16,2037,2580,星期五,wan_phra,泰國佛日,วันพระ,Wan Phra,thai-buddhist,แรม 15 ค่ำ เดือน 2,2,30,waning,15,
2037-01-24,2037,2580,星期六,wan_phra,泰國佛日,วันพระ,Wan Phra,thai-buddhist,ขึ้น 8 ค่ำ เดือน 3,3,8,waxing,8,
2037-01-31,2037,2580,星期六,wan_phra,泰國佛日,วันพระ,Wan Phra,thai-buddhist,ขึ้น 15 ค่ำ เดือน 3,3,15,waxing,15,
2037-02-08,2037,2580,星期日,wan_phra,泰國佛日,วันพระ,Wan Phra,thai-buddhist,แรม 8 ค่ำ เดือน 3,3,23,waning,8,
2037-02-14,2037,2580,星期六,wan_phra,泰國佛日,วันพระ,Wan Phra,thai-buddhist,แรม 14 ค่ำ เดือน 3,3,29,waning,14,
2037-02-22,2037,2580,星期日,wan_phra,泰國佛日,วันพระ,Wan Phra,thai-buddhist,ขึ้น 8 ค่ำ เดือน 4,4,8,waxing,8,
2037-03-01,2037,2580,星期日,makha_bucha,萬佛節,มาฆบูชา,Makha Bucha,thai-buddhist-major,ขึ้น 15 ค่ำ เดือน 4,4,15,waxing,15,
2037-03-01,2037,2580,星期日,wan_phra,泰國佛日,วันพระ,Wan Phra,thai-buddhist,ขึ้น 15 ค่ำ เดือน 4,4,15,waxing,15,
2037-03-09,2037,2580,星期一,wan_phra,泰國佛日,วันพระ,Wan Phra,thai-buddhist,แรม 8 ค่ำ เดือน 4,4,23,waning,8,
2037-03-16,2037,2580,星期一,wan_phra,泰國佛日,วันพระ,Wan Phra,thai-buddhist,แรม 15 ค่ำ เดือน 4,4,30,waning,15,
2037-03-21,2037,2580,星期六,sao_ha_candidate,騷哈日候選 / 稍哈日候選,เสาร์ 5,Sao Ha candidate,thai-amulet-auspicious-day,ขึ้น 5 ค่ำ เดือน 5,5,5,waxing,5,按規則產生：星期六 + 泰國陰曆 5 月 + ขึ้น 5 ค่ำ 或 แรม 5 ค่ำ。未做人工作法會或高僧認定。
2037-03-24,2037,2580,星期二,wan_phra,泰國佛日,วันพระ,Wan Phra,thai-buddhist,ขึ้น 8 ค่ำ เดือน 5,5,8,waxing,8,
2037-03-31,2037,2580,星期二,wan_phra,泰國佛日,วันพระ,Wan Phra,thai-buddhist,ขึ้น 15 ค่ำ เดือน 5,5,15,waxing,15,
2037-04-08,2037,2580,星期三,wan_phra,泰國佛日,วันพระ,Wan Phra,thai-buddhist,แรม 8 ค่ำ เดือน 5,5,23,waning,8,
2037-04-14,2037,2580,星期二,wan_phra,泰國佛日,วันพระ,Wan Phra,thai-buddhist,แรม 14 ค่ำ เดือน 5,5,29,waning,14,
2037-04-22,2037,2580,星期三,wan_phra,泰國佛日,วันพระ,Wan Phra,thai-buddhist,ขึ้น 8 ค่ำ เดือน 6,6,8,waxing,8,
2037-04-29,2037,2580,星期三,wan_phra,泰國佛日,วันพระ,Wan Phra,thai-buddhist,ขึ้น 15 ค่ำ เดือน 6,6,15,waxing,15,
2037-05-07,2037,2580,星期四,wan_phra,泰國佛日,วันพระ,Wan Phra,thai-buddhist,แรม 8 ค่ำ เดือน 6,6,23,waning,8,
2037-05-14,2037,2580,星期四,wan_phra,泰國佛日,วันพระ,Wan Phra,thai-buddhist,แรม 15 ค่ำ เดือน 6,6,30,waning,15,
2037-05-22,2037,2580,星期五,wan_phra,泰國佛日,วันพระ,Wan Phra,thai-buddhist,ขึ้น 8 ค่ำ เดือน 7,7,8,waxing,8,
2037-05-29,2037,2580,星期五,visakha_bucha,衛塞節,วิสาขบูชา,Visakha Bucha,thai-buddhist-major,ขึ้น 15 ค่ำ เดือน 7,7,15,waxing,15,
2037-05-29,2037,2580,星期五,wan_phra,泰國佛日,วันพระ,Wan Phra,thai-buddhist,ขึ้น 15 ค่ำ เดือน 7,7,15,waxing,15,
2037-06-06,2037,2580,星期六,wan_phra,泰國佛日,วันพระ,Wan Phra,thai-buddhist,แรม 8 ค่ำ เดือน 7,7,23,waning,8,
2037-06-12,2037,2580,星期五,wan_phra,泰國佛日,วันพระ,Wan Phra,thai-buddhist,แรม 14 ค่ำ เดือน 7,7,29,waning,14,
2037-06-20,2037,2580,星期六,wan_phra,泰國佛日,วันพระ,Wan Phra,thai-buddhist,ขึ้น 8 ค่ำ เดือน 8,8,8,waxing,8,
2037-06-27,2037,2580,星期六,wan_phra,泰國佛日,วันพระ,Wan Phra,thai-buddhist,ขึ้น 15 ค่ำ เดือน 8,8,15,waxing,15,
2037-07-05,2037,2580,星期日,wan_phra,泰國佛日,วันพระ,Wan Phra,thai-buddhist,แรม 8 ค่ำ เดือน 8,8,23,waning,8,
2037-07-12,2037,2580,星期日,wan_phra,泰國佛日,วันพระ,Wan Phra,thai-buddhist,แรม 15 ค่ำ เดือน 8,8,30,waning,15,
2037-07-20,2037,2580,星期一,wan_phra,泰國佛日,วันพระ,Wan Phra,thai-buddhist,ขึ้น 8 ค่ำ เดือน 88,88,8,waxing,8,
2037-07-27,2037,2580,星期一,wan_phra,泰國佛日,วันพระ,Wan Phra,thai-buddhist,ขึ้น 15 ค่ำ เดือน 88,88,15,waxing,15,
2037-07-28,2037,2580,星期二,khao_phansa,入雨安居,เข้าพรรษา,Khao Phansa,thai-buddhist-major,แรม 1 ค่ำ เดือน 88,88,16,waning,1,
2037-08-04,2037,2580,星期二,wan_phra,泰國佛日,วันพระ,Wan Phra,thai-buddhist,แรม 8 ค่ำ เดือน 88,88,23,waning,8,
2037-08-11,2037,2580,星期二,wan_phra,泰國佛日,วันพระ,Wan Phra,thai-buddhist,แรม 15 ค่ำ เดือน 88,88,30,waning,15,
2037-08-19,2037,2580,星期三,wan_phra,泰國佛日,วันพระ,Wan Phra,thai-buddhist,ขึ้น 8 ค่ำ เดือน 9,9,8,waxing,8,
2037-08-26,2037,2580,星期三,wan_phra,泰國佛日,วันพระ,Wan Phra,thai-buddhist,ขึ้น 15 ค่ำ เดือน 9,9,15,waxing,15,
2037-09-03,2037,2580,星期四,wan_phra,泰國佛日,วันพระ,Wan Phra,thai-buddhist,แรม 8 ค่ำ เดือน 9,9,23,waning,8,
2037-09-09,2037,2580,星期三,wan_phra,泰國佛日,วันพระ,Wan Phra,thai-buddhist,แรม 14 ค่ำ เดือน 9,9,29,waning,14,
2037-09-17,2037,2580,星期四,wan_phra,泰國佛日,วันพระ,Wan Phra,thai-buddhist,ขึ้น 8 ค่ำ เดือน 10,10,8,waxing,8,
2037-09-24,2037,2580,星期四,wan_phra,泰國佛日,วันพระ,Wan Phra,thai-buddhist,ขึ้น 15 ค่ำ เดือน 10,10,15,waxing,15,
2037-10-02,2037,2580,星期五,wan_phra,泰國佛日,วันพระ,Wan Phra,thai-buddhist,แรม 8 ค่ำ เดือน 10,10,23,waning,8,
2037-10-09,2037,2580,星期五,wan_phra,泰國佛日,วันพระ,Wan Phra,thai-buddhist,แรม 15 ค่ำ เดือน 10,10,30,waning,15,
2037-10-17,2037,2580,星期六,wan_phra,泰國佛日,วันพระ,Wan Phra,thai-buddhist,ขึ้น 8 ค่ำ เดือน 11,11,8,waxing,8,
2037-10-24,2037,2580,星期六,ok_phansa,出雨安居,ออกพรรษา,Ok Phansa,thai-buddhist-major,ขึ้น 15 ค่ำ เดือน 11,11,15,waxing,15,
2037-10-24,2037,2580,星期六,wan_phra,泰國佛日,วันพระ,Wan Phra,thai-buddhist,ขึ้น 15 ค่ำ เดือน 11,11,15,waxing,15,
2037-11-01,2037,2580,星期日,wan_phra,泰國佛日,วันพระ,Wan Phra,thai-buddhist,แรม 8 ค่ำ เดือน 11,11,23,waning,8,
2037-11-07,2037,2580,星期六,wan_phra,泰國佛日,วันพระ,Wan Phra,thai-buddhist,แรม 14 ค่ำ เดือน 11,11,29,waning,14,
2037-11-15,2037,2580,星期日,wan_phra,泰國佛日,วันพระ,Wan Phra,thai-buddhist,ขึ้น 8 ค่ำ เดือน 12,12,8,waxing,8,
2037-11-22,2037,2580,星期日,wan_phra,泰國佛日,วันพระ,Wan Phra,thai-buddhist,ขึ้น 15 ค่ำ เดือน 12,12,15,waxing,15,
2037-11-30,2037,2580,星期一,wan_phra,泰國佛日,วันพระ,Wan Phra,thai-buddhist,แรม 8 ค่ำ เดือน 12,12,23,waning,8,
2037-12-07,2037,2580,星期一,wan_phra,泰國佛日,วันพระ,Wan Phra,thai-buddhist,แรม 15 ค่ำ เดือน 12,12,30,waning,15,
2037-12-15,2037,2580,星期二,wan_phra,泰國佛日,วันพระ,Wan Phra,thai-buddhist,ขึ้น 8 ค่ำ เดือน 1,1,8,waxing,8,
2037-12-22,2037,2580,星期二,wan_phra,泰國佛日,วันพระ,Wan Phra,thai-buddhist,ขึ้น 15 ค่ำ เดือน 1,1,15,waxing,15,
2037-12-30,2037,2580,星期三,wan_phra,泰國佛日,วันพระ,Wan Phra,thai-buddhist,แรม 8 ค่ำ เดือน 1,1,23,waning,8,
2038-01-05,2038,2581,星期二,wan_phra,泰國佛日,วันพระ,Wan Phra,thai-buddhist,แรม 14 ค่ำ เดือน 1,1,29,waning,14,
2038-01-13,2038,2581,星期三,wan_phra,泰國佛日,วันพระ,Wan Phra,thai-buddhist,ขึ้น 8 ค่ำ เดือน 2,2,8,waxing,8,
2038-01-20,2038,2581,星期三,wan_phra,泰國佛日,วันพระ,Wan Phra,thai-buddhist,ขึ้น 15 ค่ำ เดือน 2,2,15,waxing,15,
2038-01-28,2038,2581,星期四,wan_phra,泰國佛日,วันพระ,Wan Phra,thai-buddhist,แรม 8 ค่ำ เดือน 2,2,23,waning,8,
2038-02-04,2038,2581,星期四,wan_phra,泰國佛日,วันพระ,Wan Phra,thai-buddhist,แรม 15 ค่ำ เดือน 2,2,30,waning,15,
2038-02-12,2038,2581,星期五,wan_phra,泰國佛日,วันพระ,Wan Phra,thai-buddhist,ขึ้น 8 ค่ำ เดือน 3,3,8,waxing,8,
2038-02-19,2038,2581,星期五,makha_bucha,萬佛節,มาฆบูชา,Makha Bucha,thai-buddhist-major,ขึ้น 15 ค่ำ เดือน 3,3,15,waxing,15,
2038-02-19,2038,2581,星期五,wan_phra,泰國佛日,วันพระ,Wan Phra,thai-buddhist,ขึ้น 15 ค่ำ เดือน 3,3,15,waxing,15,
2038-02-27,2038,2581,星期六,wan_phra,泰國佛日,วันพระ,Wan Phra,thai-buddhist,แรม 8 ค่ำ เดือน 3,3,23,waning,8,
2038-03-05,2038,2581,星期五,wan_phra,泰國佛日,วันพระ,Wan Phra,thai-buddhist,แรม 14 ค่ำ เดือน 3,3,29,waning,14,
2038-03-13,2038,2581,星期六,wan_phra,泰國佛日,วันพระ,Wan Phra,thai-buddhist,ขึ้น 8 ค่ำ เดือน 4,4,8,waxing,8,
2038-03-20,2038,2581,星期六,wan_phra,泰國佛日,วันพระ,Wan Phra,thai-buddhist,ขึ้น 15 ค่ำ เดือน 4,4,15,waxing,15,
2038-03-28,2038,2581,星期日,wan_phra,泰國佛日,วันพระ,Wan Phra,thai-buddhist,แรม 8 ค่ำ เดือน 4,4,23,waning,8,
2038-04-04,2038,2581,星期日,wan_phra,泰國佛日,วันพระ,Wan Phra,thai-buddhist,แรม 15 ค่ำ เดือน 4,4,30,waning,15,
2038-04-12,2038,2581,星期一,wan_phra,泰國佛日,วันพระ,Wan Phra,thai-buddhist,ขึ้น 8 ค่ำ เดือน 5,5,8,waxing,8,
2038-04-19,2038,2581,星期一,wan_phra,泰國佛日,วันพระ,Wan Phra,thai-buddhist,ขึ้น 15 ค่ำ เดือน 5,5,15,waxing,15,
2038-04-24,2038,2581,星期六,sao_ha_candidate,騷哈日候選 / 稍哈日候選,เสาร์ 5,Sao Ha candidate,thai-amulet-auspicious-day,แรม 5 ค่ำ เดือน 5,5,20,waning,5,按規則產生：星期六 + 泰國陰曆 5 月 + ขึ้น 5 ค่ำ 或 แรม 5 ค่ำ。未做人工作法會或高僧認定。
2038-04-27,2038,2581,星期二,wan_phra,泰國佛日,วันพระ,Wan Phra,thai-buddhist,แรม 8 ค่ำ เดือน 5,5,23,waning,8,
2038-05-03,2038,2581,星期一,wan_phra,泰國佛日,วันพระ,Wan Phra,thai-buddhist,แรม 14 ค่ำ เดือน 5,5,29,waning,14,
2038-05-11,2038,2581,星期二,wan_phra,泰國佛日,วันพระ,Wan Phra,thai-buddhist,ขึ้น 8 ค่ำ เดือน 6,6,8,waxing,8,
2038-05-18,2038,2581,星期二,visakha_bucha,衛塞節,วิสาขบูชา,Visakha Bucha,thai-buddhist-major,ขึ้น 15 ค่ำ เดือน 6,6,15,waxing,15,
2038-05-18,2038,2581,星期二,wan_phra,泰國佛日,วันพระ,Wan Phra,thai-buddhist,ขึ้น 15 ค่ำ เดือน 6,6,15,waxing,15,
2038-05-26,2038,2581,星期三,wan_phra,泰國佛日,วันพระ,Wan Phra,thai-buddhist,แรม 8 ค่ำ เดือน 6,6,23,waning,8,
2038-06-02,2038,2581,星期三,wan_phra,泰國佛日,วันพระ,Wan Phra,thai-buddhist,แรม 15 ค่ำ เดือน 6,6,30,waning,15,
2038-06-10,2038,2581,星期四,wan_phra,泰國佛日,วันพระ,Wan Phra,thai-buddhist,ขึ้น 8 ค่ำ เดือน 7,7,8,waxing,8,
2038-06-17,2038,2581,星期四,wan_phra,泰國佛日,วันพระ,Wan Phra,thai-buddhist,ขึ้น 15 ค่ำ เดือน 7,7,15,waxing,15,
2038-06-25,2038,2581,星期五,wan_phra,泰國佛日,วันพระ,Wan Phra,thai-buddhist,แรม 8 ค่ำ เดือน 7,7,23,waning,8,
2038-07-01,2038,2581,星期四,wan_phra,泰國佛日,วันพระ,Wan Phra,thai-buddhist,แรม 14 ค่ำ เดือน 7,7,29,waning,14,
2038-07-09,2038,2581,星期五,wan_phra,泰國佛日,วันพระ,Wan Phra,thai-buddhist,ขึ้น 8 ค่ำ เดือน 8,8,8,waxing,8,
2038-07-16,2038,2581,星期五,wan_phra,泰國佛日,วันพระ,Wan Phra,thai-buddhist,ขึ้น 15 ค่ำ เดือน 8,8,15,waxing,15,
2038-07-17,2038,2581,星期六,khao_phansa,入雨安居,เข้าพรรษา,Khao Phansa,thai-buddhist-major,แรม 1 ค่ำ เดือน 8,8,16,waning,1,
2038-07-24,2038,2581,星期六,wan_phra,泰國佛日,วันพระ,Wan Phra,thai-buddhist,แรม 8 ค่ำ เดือน 8,8,23,waning,8,
2038-07-31,2038,2581,星期六,wan_phra,泰國佛日,วันพระ,Wan Phra,thai-buddhist,แรม 15 ค่ำ เดือน 8,8,30,waning,15,
2038-08-08,2038,2581,星期日,wan_phra,泰國佛日,วันพระ,Wan Phra,thai-buddhist,ขึ้น 8 ค่ำ เดือน 9,9,8,waxing,8,
2038-08-15,2038,2581,星期日,wan_phra,泰國佛日,วันพระ,Wan Phra,thai-buddhist,ขึ้น 15 ค่ำ เดือน 9,9,15,waxing,15,
2038-08-23,2038,2581,星期一,wan_phra,泰國佛日,วันพระ,Wan Phra,thai-buddhist,แรม 8 ค่ำ เดือน 9,9,23,waning,8,
2038-08-29,2038,2581,星期日,wan_phra,泰國佛日,วันพระ,Wan Phra,thai-buddhist,แรม 14 ค่ำ เดือน 9,9,29,waning,14,
2038-09-06,2038,2581,星期一,wan_phra,泰國佛日,วันพระ,Wan Phra,thai-buddhist,ขึ้น 8 ค่ำ เดือน 10,10,8,waxing,8,
2038-09-13,2038,2581,星期一,wan_phra,泰國佛日,วันพระ,Wan Phra,thai-buddhist,ขึ้น 15 ค่ำ เดือน 10,10,15,waxing,15,
2038-09-21,2038,2581,星期二,wan_phra,泰國佛日,วันพระ,Wan Phra,thai-buddhist,แรม 8 ค่ำ เดือน 10,10,23,waning,8,
2038-09-28,2038,2581,星期二,wan_phra,泰國佛日,วันพระ,Wan Phra,thai-buddhist,แรม 15 ค่ำ เดือน 10,10,30,waning,15,
2038-10-06,2038,2581,星期三,wan_phra,泰國佛日,วันพระ,Wan Phra,thai-buddhist,ขึ้น 8 ค่ำ เดือน 11,11,8,waxing,8,
2038-10-13,2038,2581,星期三,ok_phansa,出雨安居,ออกพรรษา,Ok Phansa,thai-buddhist-major,ขึ้น 15 ค่ำ เดือน 11,11,15,waxing,15,
2038-10-13,2038,2581,星期三,wan_phra,泰國佛日,วันพระ,Wan Phra,thai-buddhist,ขึ้น 15 ค่ำ เดือน 11,11,15,waxing,15,
2038-10-21,2038,2581,星期四,wan_phra,泰國佛日,วันพระ,Wan Phra,thai-buddhist,แรม 8 ค่ำ เดือน 11,11,23,waning,8,
2038-10-27,2038,2581,星期三,wan_phra,泰國佛日,วันพระ,Wan Phra,thai-buddhist,แรม 14 ค่ำ เดือน 11,11,29,waning,14,
2038-11-04,2038,2581,星期四,wan_phra,泰國佛日,วันพระ,Wan Phra,thai-buddhist,ขึ้น 8 ค่ำ เดือน 12,12,8,waxing,8,
2038-11-11,2038,2581,星期四,wan_phra,泰國佛日,วันพระ,Wan Phra,thai-buddhist,ขึ้น 15 ค่ำ เดือน 12,12,15,waxing,15,
2038-11-19,2038,2581,星期五,wan_phra,泰國佛日,วันพระ,Wan Phra,thai-buddhist,แรม 8 ค่ำ เดือน 12,12,23,waning,8,
2038-11-26,2038,2581,星期五,wan_phra,泰國佛日,วันพระ,Wan Phra,thai-buddhist,แรม 15 ค่ำ เดือน 12,12,30,waning,15,
2038-12-04,2038,2581,星期六,wan_phra,泰國佛日,วันพระ,Wan Phra,thai-buddhist,ขึ้น 8 ค่ำ เดือน 1,1,8,waxing,8,
2038-12-11,2038,2581,星期六,wan_phra,泰國佛日,วันพระ,Wan Phra,thai-buddhist,ขึ้น 15 ค่ำ เดือน 1,1,15,waxing,15,
2038-12-19,2038,2581,星期日,wan_phra,泰國佛日,วันพระ,Wan Phra,thai-buddhist,แรม 8 ค่ำ เดือน 1,1,23,waning,8,
2038-12-25,2038,2581,星期六,wan_phra,泰國佛日,วันพระ,Wan Phra,thai-buddhist,แรม 14 ค่ำ เดือน 1,1,29,waning,14,
2039-01-02,2039,2582,星期日,wan_phra,泰國佛日,วันพระ,Wan Phra,thai-buddhist,ขึ้น 8 ค่ำ เดือน 2,2,8,waxing,8,
2039-01-09,2039,2582,星期日,wan_phra,泰國佛日,วันพระ,Wan Phra,thai-buddhist,ขึ้น 15 ค่ำ เดือน 2,2,15,waxing,15,
2039-01-17,2039,2582,星期一,wan_phra,泰國佛日,วันพระ,Wan Phra,thai-buddhist,แรม 8 ค่ำ เดือน 2,2,23,waning,8,
2039-01-24,2039,2582,星期一,wan_phra,泰國佛日,วันพระ,Wan Phra,thai-buddhist,แรม 15 ค่ำ เดือน 2,2,30,waning,15,
2039-02-01,2039,2582,星期二,wan_phra,泰國佛日,วันพระ,Wan Phra,thai-buddhist,ขึ้น 8 ค่ำ เดือน 3,3,8,waxing,8,
2039-02-08,2039,2582,星期二,makha_bucha,萬佛節,มาฆบูชา,Makha Bucha,thai-buddhist-major,ขึ้น 15 ค่ำ เดือน 3,3,15,waxing,15,
2039-02-08,2039,2582,星期二,wan_phra,泰國佛日,วันพระ,Wan Phra,thai-buddhist,ขึ้น 15 ค่ำ เดือน 3,3,15,waxing,15,
2039-02-16,2039,2582,星期三,wan_phra,泰國佛日,วันพระ,Wan Phra,thai-buddhist,แรม 8 ค่ำ เดือน 3,3,23,waning,8,
2039-02-22,2039,2582,星期二,wan_phra,泰國佛日,วันพระ,Wan Phra,thai-buddhist,แรม 14 ค่ำ เดือน 3,3,29,waning,14,
2039-03-02,2039,2582,星期三,wan_phra,泰國佛日,วันพระ,Wan Phra,thai-buddhist,ขึ้น 8 ค่ำ เดือน 4,4,8,waxing,8,
2039-03-09,2039,2582,星期三,wan_phra,泰國佛日,วันพระ,Wan Phra,thai-buddhist,ขึ้น 15 ค่ำ เดือน 4,4,15,waxing,15,
2039-03-17,2039,2582,星期四,wan_phra,泰國佛日,วันพระ,Wan Phra,thai-buddhist,แรม 8 ค่ำ เดือน 4,4,23,waning,8,
2039-03-24,2039,2582,星期四,wan_phra,泰國佛日,วันพระ,Wan Phra,thai-buddhist,แรม 15 ค่ำ เดือน 4,4,30,waning,15,
2039-04-01,2039,2582,星期五,wan_phra,泰國佛日,วันพระ,Wan Phra,thai-buddhist,ขึ้น 8 ค่ำ เดือน 5,5,8,waxing,8,
2039-04-08,2039,2582,星期五,wan_phra,泰國佛日,วันพระ,Wan Phra,thai-buddhist,ขึ้น 15 ค่ำ เดือน 5,5,15,waxing,15,
2039-04-16,2039,2582,星期六,wan_phra,泰國佛日,วันพระ,Wan Phra,thai-buddhist,แรม 8 ค่ำ เดือน 5,5,23,waning,8,
2039-04-22,2039,2582,星期五,wan_phra,泰國佛日,วันพระ,Wan Phra,thai-buddhist,แรม 14 ค่ำ เดือน 5,5,29,waning,14,
2039-04-30,2039,2582,星期六,wan_phra,泰國佛日,วันพระ,Wan Phra,thai-buddhist,ขึ้น 8 ค่ำ เดือน 6,6,8,waxing,8,
2039-05-07,2039,2582,星期六,visakha_bucha,衛塞節,วิสาขบูชา,Visakha Bucha,thai-buddhist-major,ขึ้น 15 ค่ำ เดือน 6,6,15,waxing,15,
2039-05-07,2039,2582,星期六,wan_phra,泰國佛日,วันพระ,Wan Phra,thai-buddhist,ขึ้น 15 ค่ำ เดือน 6,6,15,waxing,15,
2039-05-15,2039,2582,星期日,wan_phra,泰國佛日,วันพระ,Wan Phra,thai-buddhist,แรม 8 ค่ำ เดือน 6,6,23,waning,8,
2039-05-22,2039,2582,星期日,wan_phra,泰國佛日,วันพระ,Wan Phra,thai-buddhist,แรม 15 ค่ำ เดือน 6,6,30,waning,15,
2039-05-30,2039,2582,星期一,wan_phra,泰國佛日,วันพระ,Wan Phra,thai-buddhist,ขึ้น 8 ค่ำ เดือน 7,7,8,waxing,8,
2039-06-06,2039,2582,星期一,wan_phra,泰國佛日,วันพระ,Wan Phra,thai-buddhist,ขึ้น 15 ค่ำ เดือน 7,7,15,waxing,15,
2039-06-14,2039,2582,星期二,wan_phra,泰國佛日,วันพระ,Wan Phra,thai-buddhist,แรม 8 ค่ำ เดือน 7,7,23,waning,8,
2039-06-21,2039,2582,星期二,wan_phra,泰國佛日,วันพระ,Wan Phra,thai-buddhist,แรม 15 ค่ำ เดือน 7,7,30,waning,15,
2039-06-29,2039,2582,星期三,wan_phra,泰國佛日,วันพระ,Wan Phra,thai-buddhist,ขึ้น 8 ค่ำ เดือน 8,8,8,waxing,8,
2039-07-06,2039,2582,星期三,wan_phra,泰國佛日,วันพระ,Wan Phra,thai-buddhist,ขึ้น 15 ค่ำ เดือน 8,8,15,waxing,15,
2039-07-07,2039,2582,星期四,khao_phansa,入雨安居,เข้าพรรษา,Khao Phansa,thai-buddhist-major,แรม 1 ค่ำ เดือน 8,8,16,waning,1,
2039-07-14,2039,2582,星期四,wan_phra,泰國佛日,วันพระ,Wan Phra,thai-buddhist,แรม 8 ค่ำ เดือน 8,8,23,waning,8,
2039-07-21,2039,2582,星期四,wan_phra,泰國佛日,วันพระ,Wan Phra,thai-buddhist,แรม 15 ค่ำ เดือน 8,8,30,waning,15,
2039-07-29,2039,2582,星期五,wan_phra,泰國佛日,วันพระ,Wan Phra,thai-buddhist,ขึ้น 8 ค่ำ เดือน 9,9,8,waxing,8,
2039-08-05,2039,2582,星期五,wan_phra,泰國佛日,วันพระ,Wan Phra,thai-buddhist,ขึ้น 15 ค่ำ เดือน 9,9,15,waxing,15,
2039-08-13,2039,2582,星期六,wan_phra,泰國佛日,วันพระ,Wan Phra,thai-buddhist,แรม 8 ค่ำ เดือน 9,9,23,waning,8,
2039-08-19,2039,2582,星期五,wan_phra,泰國佛日,วันพระ,Wan Phra,thai-buddhist,แรม 14 ค่ำ เดือน 9,9,29,waning,14,
2039-08-27,2039,2582,星期六,wan_phra,泰國佛日,วันพระ,Wan Phra,thai-buddhist,ขึ้น 8 ค่ำ เดือน 10,10,8,waxing,8,
2039-09-03,2039,2582,星期六,wan_phra,泰國佛日,วันพระ,Wan Phra,thai-buddhist,ขึ้น 15 ค่ำ เดือน 10,10,15,waxing,15,
2039-09-11,2039,2582,星期日,wan_phra,泰國佛日,วันพระ,Wan Phra,thai-buddhist,แรม 8 ค่ำ เดือน 10,10,23,waning,8,
2039-09-18,2039,2582,星期日,wan_phra,泰國佛日,วันพระ,Wan Phra,thai-buddhist,แรม 15 ค่ำ เดือน 10,10,30,waning,15,
2039-09-26,2039,2582,星期一,wan_phra,泰國佛日,วันพระ,Wan Phra,thai-buddhist,ขึ้น 8 ค่ำ เดือน 11,11,8,waxing,8,
2039-10-03,2039,2582,星期一,ok_phansa,出雨安居,ออกพรรษา,Ok Phansa,thai-buddhist-major,ขึ้น 15 ค่ำ เดือน 11,11,15,waxing,15,
2039-10-03,2039,2582,星期一,wan_phra,泰國佛日,วันพระ,Wan Phra,thai-buddhist,ขึ้น 15 ค่ำ เดือน 11,11,15,waxing,15,
2039-10-11,2039,2582,星期二,wan_phra,泰國佛日,วันพระ,Wan Phra,thai-buddhist,แรม 8 ค่ำ เดือน 11,11,23,waning,8,
2039-10-17,2039,2582,星期一,wan_phra,泰國佛日,วันพระ,Wan Phra,thai-buddhist,แรม 14 ค่ำ เดือน 11,11,29,waning,14,
2039-10-25,2039,2582,星期二,wan_phra,泰國佛日,วันพระ,Wan Phra,thai-buddhist,ขึ้น 8 ค่ำ เดือน 12,12,8,waxing,8,
2039-11-01,2039,2582,星期二,wan_phra,泰國佛日,วันพระ,Wan Phra,thai-buddhist,ขึ้น 15 ค่ำ เดือน 12,12,15,waxing,15,
2039-11-09,2039,2582,星期三,wan_phra,泰國佛日,วันพระ,Wan Phra,thai-buddhist,แรม 8 ค่ำ เดือน 12,12,23,waning,8,
2039-11-16,2039,2582,星期三,wan_phra,泰國佛日,วันพระ,Wan Phra,thai-buddhist,แรม 15 ค่ำ เดือน 12,12,30,waning,15,
2039-11-24,2039,2582,星期四,wan_phra,泰國佛日,วันพระ,Wan Phra,thai-buddhist,ขึ้น 8 ค่ำ เดือน 1,1,8,waxing,8,
2039-12-01,2039,2582,星期四,wan_phra,泰國佛日,วันพระ,Wan Phra,thai-buddhist,ขึ้น 15 ค่ำ เดือน 1,1,15,waxing,15,
2039-12-09,2039,2582,星期五,wan_phra,泰國佛日,วันพระ,Wan Phra,thai-buddhist,แรม 8 ค่ำ เดือน 1,1,23,waning,8,
2039-12-15,2039,2582,星期四,wan_phra,泰國佛日,วันพระ,Wan Phra,thai-buddhist,แรม 14 ค่ำ เดือน 1,1,29,waning,14,
2039-12-23,2039,2582,星期五,wan_phra,泰國佛日,วันพระ,Wan Phra,thai-buddhist,ขึ้น 8 ค่ำ เดือน 2,2,8,waxing,8,
2039-12-30,2039,2582,星期五,wan_phra,泰國佛日,วันพระ,Wan Phra,thai-buddhist,ขึ้น 15 ค่ำ เดือน 2,2,15,waxing,15,
2040-01-07,2040,2583,星期六,wan_phra,泰國佛日,วันพระ,Wan Phra,thai-buddhist,แรม 8 ค่ำ เดือน 2,2,23,waning,8,
2040-01-14,2040,2583,星期六,wan_phra,泰國佛日,วันพระ,Wan Phra,thai-buddhist,แรม 15 ค่ำ เดือน 2,2,30,waning,15,
2040-01-22,2040,2583,星期日,wan_phra,泰國佛日,วันพระ,Wan Phra,thai-buddhist,ขึ้น 8 ค่ำ เดือน 3,3,8,waxing,8,
2040-01-29,2040,2583,星期日,wan_phra,泰國佛日,วันพระ,Wan Phra,thai-buddhist,ขึ้น 15 ค่ำ เดือน 3,3,15,waxing,15,
2040-02-06,2040,2583,星期一,wan_phra,泰國佛日,วันพระ,Wan Phra,thai-buddhist,แรม 8 ค่ำ เดือน 3,3,23,waning,8,
2040-02-12,2040,2583,星期日,wan_phra,泰國佛日,วันพระ,Wan Phra,thai-buddhist,แรม 14 ค่ำ เดือน 3,3,29,waning,14,
2040-02-20,2040,2583,星期一,wan_phra,泰國佛日,วันพระ,Wan Phra,thai-buddhist,ขึ้น 8 ค่ำ เดือน 4,4,8,waxing,8,
2040-02-27,2040,2583,星期一,makha_bucha,萬佛節,มาฆบูชา,Makha Bucha,thai-buddhist-major,ขึ้น 15 ค่ำ เดือน 4,4,15,waxing,15,
2040-02-27,2040,2583,星期一,wan_phra,泰國佛日,วันพระ,Wan Phra,thai-buddhist,ขึ้น 15 ค่ำ เดือน 4,4,15,waxing,15,
2040-03-06,2040,2583,星期二,wan_phra,泰國佛日,วันพระ,Wan Phra,thai-buddhist,แรม 8 ค่ำ เดือน 4,4,23,waning,8,
2040-03-13,2040,2583,星期二,wan_phra,泰國佛日,วันพระ,Wan Phra,thai-buddhist,แรม 15 ค่ำ เดือน 4,4,30,waning,15,
2040-03-21,2040,2583,星期三,wan_phra,泰國佛日,วันพระ,Wan Phra,thai-buddhist,ขึ้น 8 ค่ำ เดือน 5,5,8,waxing,8,
2040-03-28,2040,2583,星期三,wan_phra,泰國佛日,วันพระ,Wan Phra,thai-buddhist,ขึ้น 15 ค่ำ เดือน 5,5,15,waxing,15,
2040-04-05,2040,2583,星期四,wan_phra,泰國佛日,วันพระ,Wan Phra,thai-buddhist,แรม 8 ค่ำ เดือน 5,5,23,waning,8,
2040-04-11,2040,2583,星期三,wan_phra,泰國佛日,วันพระ,Wan Phra,thai-buddhist,แรม 14 ค่ำ เดือน 5,5,29,waning,14,
2040-04-19,2040,2583,星期四,wan_phra,泰國佛日,วันพระ,Wan Phra,thai-buddhist,ขึ้น 8 ค่ำ เดือน 6,6,8,waxing,8,
2040-04-26,2040,2583,星期四,wan_phra,泰國佛日,วันพระ,Wan Phra,thai-buddhist,ขึ้น 15 ค่ำ เดือน 6,6,15,waxing,15,
2040-05-04,2040,2583,星期五,wan_phra,泰國佛日,วันพระ,Wan Phra,thai-buddhist,แรม 8 ค่ำ เดือน 6,6,23,waning,8,
2040-05-11,2040,2583,星期五,wan_phra,泰國佛日,วันพระ,Wan Phra,thai-buddhist,แรม 15 ค่ำ เดือน 6,6,30,waning,15,
2040-05-19,2040,2583,星期六,wan_phra,泰國佛日,วันพระ,Wan Phra,thai-buddhist,ขึ้น 8 ค่ำ เดือน 7,7,8,waxing,8,
2040-05-26,2040,2583,星期六,visakha_bucha,衛塞節,วิสาขบูชา,Visakha Bucha,thai-buddhist-major,ขึ้น 15 ค่ำ เดือน 7,7,15,waxing,15,
2040-05-26,2040,2583,星期六,wan_phra,泰國佛日,วันพระ,Wan Phra,thai-buddhist,ขึ้น 15 ค่ำ เดือน 7,7,15,waxing,15,
2040-06-03,2040,2583,星期日,wan_phra,泰國佛日,วันพระ,Wan Phra,thai-buddhist,แรม 8 ค่ำ เดือน 7,7,23,waning,8,
2040-06-09,2040,2583,星期六,wan_phra,泰國佛日,วันพระ,Wan Phra,thai-buddhist,แรม 14 ค่ำ เดือน 7,7,29,waning,14,
2040-06-17,2040,2583,星期日,wan_phra,泰國佛日,วันพระ,Wan Phra,thai-buddhist,ขึ้น 8 ค่ำ เดือน 8,8,8,waxing,8,
2040-06-24,2040,2583,星期日,wan_phra,泰國佛日,วันพระ,Wan Phra,thai-buddhist,ขึ้น 15 ค่ำ เดือน 8,8,15,waxing,15,
2040-07-02,2040,2583,星期一,wan_phra,泰國佛日,วันพระ,Wan Phra,thai-buddhist,แรม 8 ค่ำ เดือน 8,8,23,waning,8,
2040-07-09,2040,2583,星期一,wan_phra,泰國佛日,วันพระ,Wan Phra,thai-buddhist,แรม 15 ค่ำ เดือน 8,8,30,waning,15,
2040-07-17,2040,2583,星期二,wan_phra,泰國佛日,วันพระ,Wan Phra,thai-buddhist,ขึ้น 8 ค่ำ เดือน 88,88,8,waxing,8,
2040-07-24,2040,2583,星期二,wan_phra,泰國佛日,วันพระ,Wan Phra,thai-buddhist,ขึ้น 15 ค่ำ เดือน 88,88,15,waxing,15,
2040-07-25,2040,2583,星期三,khao_phansa,入雨安居,เข้าพรรษา,Khao Phansa,thai-buddhist-major,แรม 1 ค่ำ เดือน 88,88,16,waning,1,
2040-08-01,2040,2583,星期三,wan_phra,泰國佛日,วันพระ,Wan Phra,thai-buddhist,แรม 8 ค่ำ เดือน 88,88,23,waning,8,
2040-08-08,2040,2583,星期三,wan_phra,泰國佛日,วันพระ,Wan Phra,thai-buddhist,แรม 15 ค่ำ เดือน 88,88,30,waning,15,
2040-08-16,2040,2583,星期四,wan_phra,泰國佛日,วันพระ,Wan Phra,thai-buddhist,ขึ้น 8 ค่ำ เดือน 9,9,8,waxing,8,
2040-08-23,2040,2583,星期四,wan_phra,泰國佛日,วันพระ,Wan Phra,thai-buddhist,ขึ้น 15 ค่ำ เดือน 9,9,15,waxing,15,
2040-08-31,2040,2583,星期五,wan_phra,泰國佛日,วันพระ,Wan Phra,thai-buddhist,แรม 8 ค่ำ เดือน 9,9,23,waning,8,
2040-09-06,2040,2583,星期四,wan_phra,泰國佛日,วันพระ,Wan Phra,thai-buddhist,แรม 14 ค่ำ เดือน 9,9,29,waning,14,
2040-09-14,2040,2583,星期五,wan_phra,泰國佛日,วันพระ,Wan Phra,thai-buddhist,ขึ้น 8 ค่ำ เดือน 10,10,8,waxing,8,
2040-09-21,2040,2583,星期五,wan_phra,泰國佛日,วันพระ,Wan Phra,thai-buddhist,ขึ้น 15 ค่ำ เดือน 10,10,15,waxing,15,
2040-09-29,2040,2583,星期六,wan_phra,泰國佛日,วันพระ,Wan Phra,thai-buddhist,แรม 8 ค่ำ เดือน 10,10,23,waning,8,
2040-10-06,2040,2583,星期六,wan_phra,泰國佛日,วันพระ,Wan Phra,thai-buddhist,แรม 15 ค่ำ เดือน 10,10,30,waning,15,
2040-10-14,2040,2583,星期日,wan_phra,泰國佛日,วันพระ,Wan Phra,thai-buddhist,ขึ้น 8 ค่ำ เดือน 11,11,8,waxing,8,
2040-10-21,2040,2583,星期日,ok_phansa,出雨安居,ออกพรรษา,Ok Phansa,thai-buddhist-major,ขึ้น 15 ค่ำ เดือน 11,11,15,waxing,15,
2040-10-21,2040,2583,星期日,wan_phra,泰國佛日,วันพระ,Wan Phra,thai-buddhist,ขึ้น 15 ค่ำ เดือน 11,11,15,waxing,15,
2040-10-29,2040,2583,星期一,wan_phra,泰國佛日,วันพระ,Wan Phra,thai-buddhist,แรม 8 ค่ำ เดือน 11,11,23,waning,8,
2040-11-04,2040,2583,星期日,wan_phra,泰國佛日,วันพระ,Wan Phra,thai-buddhist,แรม 14 ค่ำ เดือน 11,11,29,waning,14,
2040-11-12,2040,2583,星期一,wan_phra,泰國佛日,วันพระ,Wan Phra,thai-buddhist,ขึ้น 8 ค่ำ เดือน 12,12,8,waxing,8,
2040-11-19,2040,2583,星期一,wan_phra,泰國佛日,วันพระ,Wan Phra,thai-buddhist,ขึ้น 15 ค่ำ เดือน 12,12,15,waxing,15,
2040-11-27,2040,2583,星期二,wan_phra,泰國佛日,วันพระ,Wan Phra,thai-buddhist,แรม 8 ค่ำ เดือน 12,12,23,waning,8,
2040-12-04,2040,2583,星期二,wan_phra,泰國佛日,วันพระ,Wan Phra,thai-buddhist,แรม 15 ค่ำ เดือน 12,12,30,waning,15,
2040-12-12,2040,2583,星期三,wan_phra,泰國佛日,วันพระ,Wan Phra,thai-buddhist,ขึ้น 8 ค่ำ เดือน 1,1,8,waxing,8,
2040-12-19,2040,2583,星期三,wan_phra,泰國佛日,วันพระ,Wan Phra,thai-buddhist,ขึ้น 15 ค่ำ เดือน 1,1,15,waxing,15,
2040-12-27,2040,2583,星期四,wan_phra,泰國佛日,วันพระ,Wan Phra,thai-buddhist,แรม 8 ค่ำ เดือน 1,1,23,waning,8,
2041-01-02,2041,2584,星期三,wan_phra,泰國佛日,วันพระ,Wan Phra,thai-buddhist,แรม 14 ค่ำ เดือน 1,1,29,waning,14,
2041-01-10,2041,2584,星期四,wan_phra,泰國佛日,วันพระ,Wan Phra,thai-buddhist,ขึ้น 8 ค่ำ เดือน 2,2,8,waxing,8,
2041-01-17,2041,2584,星期四,wan_phra,泰國佛日,วันพระ,Wan Phra,thai-buddhist,ขึ้น 15 ค่ำ เดือน 2,2,15,waxing,15,
2041-01-25,2041,2584,星期五,wan_phra,泰國佛日,วันพระ,Wan Phra,thai-buddhist,แรม 8 ค่ำ เดือน 2,2,23,waning,8,
2041-02-01,2041,2584,星期五,wan_phra,泰國佛日,วันพระ,Wan Phra,thai-buddhist,แรม 15 ค่ำ เดือน 2,2,30,waning,15,
2041-02-09,2041,2584,星期六,wan_phra,泰國佛日,วันพระ,Wan Phra,thai-buddhist,ขึ้น 8 ค่ำ เดือน 3,3,8,waxing,8,
2041-02-16,2041,2584,星期六,makha_bucha,萬佛節,มาฆบูชา,Makha Bucha,thai-buddhist-major,ขึ้น 15 ค่ำ เดือน 3,3,15,waxing,15,
2041-02-16,2041,2584,星期六,wan_phra,泰國佛日,วันพระ,Wan Phra,thai-buddhist,ขึ้น 15 ค่ำ เดือน 3,3,15,waxing,15,
2041-02-24,2041,2584,星期日,wan_phra,泰國佛日,วันพระ,Wan Phra,thai-buddhist,แรม 8 ค่ำ เดือน 3,3,23,waning,8,
2041-03-02,2041,2584,星期六,wan_phra,泰國佛日,วันพระ,Wan Phra,thai-buddhist,แรม 14 ค่ำ เดือน 3,3,29,waning,14,
2041-03-10,2041,2584,星期日,wan_phra,泰國佛日,วันพระ,Wan Phra,thai-buddhist,ขึ้น 8 ค่ำ เดือน 4,4,8,waxing,8,
2041-03-17,2041,2584,星期日,wan_phra,泰國佛日,วันพระ,Wan Phra,thai-buddhist,ขึ้น 15 ค่ำ เดือน 4,4,15,waxing,15,
2041-03-25,2041,2584,星期一,wan_phra,泰國佛日,วันพระ,Wan Phra,thai-buddhist,แรม 8 ค่ำ เดือน 4,4,23,waning,8,
2041-04-01,2041,2584,星期一,wan_phra,泰國佛日,วันพระ,Wan Phra,thai-buddhist,แรม 15 ค่ำ เดือน 4,4,30,waning,15,
2041-04-06,2041,2584,星期六,sao_ha_candidate,騷哈日候選 / 稍哈日候選,เสาร์ 5,Sao Ha candidate,thai-amulet-auspicious-day,ขึ้น 5 ค่ำ เดือน 5,5,5,waxing,5,按規則產生：星期六 + 泰國陰曆 5 月 + ขึ้น 5 ค่ำ 或 แรม 5 ค่ำ。未做人工作法會或高僧認定。
2041-04-09,2041,2584,星期二,wan_phra,泰國佛日,วันพระ,Wan Phra,thai-buddhist,ขึ้น 8 ค่ำ เดือน 5,5,8,waxing,8,
2041-04-16,2041,2584,星期二,wan_phra,泰國佛日,วันพระ,Wan Phra,thai-buddhist,ขึ้น 15 ค่ำ เดือน 5,5,15,waxing,15,
2041-04-24,2041,2584,星期三,wan_phra,泰國佛日,วันพระ,Wan Phra,thai-buddhist,แรม 8 ค่ำ เดือน 5,5,23,waning,8,
2041-04-30,2041,2584,星期二,wan_phra,泰國佛日,วันพระ,Wan Phra,thai-buddhist,แรม 14 ค่ำ เดือน 5,5,29,waning,14,
2041-05-08,2041,2584,星期三,wan_phra,泰國佛日,วันพระ,Wan Phra,thai-buddhist,ขึ้น 8 ค่ำ เดือน 6,6,8,waxing,8,
2041-05-15,2041,2584,星期三,visakha_bucha,衛塞節,วิสาขบูชา,Visakha Bucha,thai-buddhist-major,ขึ้น 15 ค่ำ เดือน 6,6,15,waxing,15,
2041-05-15,2041,2584,星期三,wan_phra,泰國佛日,วันพระ,Wan Phra,thai-buddhist,ขึ้น 15 ค่ำ เดือน 6,6,15,waxing,15,
2041-05-23,2041,2584,星期四,wan_phra,泰國佛日,วันพระ,Wan Phra,thai-buddhist,แรม 8 ค่ำ เดือน 6,6,23,waning,8,
2041-05-30,2041,2584,星期四,wan_phra,泰國佛日,วันพระ,Wan Phra,thai-buddhist,แรม 15 ค่ำ เดือน 6,6,30,waning,15,
2041-06-07,2041,2584,星期五,wan_phra,泰國佛日,วันพระ,Wan Phra,thai-buddhist,ขึ้น 8 ค่ำ เดือน 7,7,8,waxing,8,
2041-06-14,2041,2584,星期五,wan_phra,泰國佛日,วันพระ,Wan Phra,thai-buddhist,ขึ้น 15 ค่ำ เดือน 7,7,15,waxing,15,
2041-06-22,2041,2584,星期六,wan_phra,泰國佛日,วันพระ,Wan Phra,thai-buddhist,แรม 8 ค่ำ เดือน 7,7,23,waning,8,
2041-06-28,2041,2584,星期五,wan_phra,泰國佛日,วันพระ,Wan Phra,thai-buddhist,แรม 14 ค่ำ เดือน 7,7,29,waning,14,
2041-07-06,2041,2584,星期六,wan_phra,泰國佛日,วันพระ,Wan Phra,thai-buddhist,ขึ้น 8 ค่ำ เดือน 8,8,8,waxing,8,
2041-07-13,2041,2584,星期六,wan_phra,泰國佛日,วันพระ,Wan Phra,thai-buddhist,ขึ้น 15 ค่ำ เดือน 8,8,15,waxing,15,
2041-07-14,2041,2584,星期日,khao_phansa,入雨安居,เข้าพรรษา,Khao Phansa,thai-buddhist-major,แรม 1 ค่ำ เดือน 8,8,16,waning,1,
2041-07-21,2041,2584,星期日,wan_phra,泰國佛日,วันพระ,Wan Phra,thai-buddhist,แรม 8 ค่ำ เดือน 8,8,23,waning,8,
2041-07-28,2041,2584,星期日,wan_phra,泰國佛日,วันพระ,Wan Phra,thai-buddhist,แรม 15 ค่ำ เดือน 8,8,30,waning,15,
2041-08-05,2041,2584,星期一,wan_phra,泰國佛日,วันพระ,Wan Phra,thai-buddhist,ขึ้น 8 ค่ำ เดือน 9,9,8,waxing,8,
2041-08-12,2041,2584,星期一,wan_phra,泰國佛日,วันพระ,Wan Phra,thai-buddhist,ขึ้น 15 ค่ำ เดือน 9,9,15,waxing,15,
2041-08-20,2041,2584,星期二,wan_phra,泰國佛日,วันพระ,Wan Phra,thai-buddhist,แรม 8 ค่ำ เดือน 9,9,23,waning,8,
2041-08-26,2041,2584,星期一,wan_phra,泰國佛日,วันพระ,Wan Phra,thai-buddhist,แรม 14 ค่ำ เดือน 9,9,29,waning,14,
2041-09-03,2041,2584,星期二,wan_phra,泰國佛日,วันพระ,Wan Phra,thai-buddhist,ขึ้น 8 ค่ำ เดือน 10,10,8,waxing,8,
2041-09-10,2041,2584,星期二,wan_phra,泰國佛日,วันพระ,Wan Phra,thai-buddhist,ขึ้น 15 ค่ำ เดือน 10,10,15,waxing,15,
2041-09-18,2041,2584,星期三,wan_phra,泰國佛日,วันพระ,Wan Phra,thai-buddhist,แรม 8 ค่ำ เดือน 10,10,23,waning,8,
2041-09-25,2041,2584,星期三,wan_phra,泰國佛日,วันพระ,Wan Phra,thai-buddhist,แรม 15 ค่ำ เดือน 10,10,30,waning,15,
2041-10-03,2041,2584,星期四,wan_phra,泰國佛日,วันพระ,Wan Phra,thai-buddhist,ขึ้น 8 ค่ำ เดือน 11,11,8,waxing,8,
2041-10-10,2041,2584,星期四,ok_phansa,出雨安居,ออกพรรษา,Ok Phansa,thai-buddhist-major,ขึ้น 15 ค่ำ เดือน 11,11,15,waxing,15,
2041-10-10,2041,2584,星期四,wan_phra,泰國佛日,วันพระ,Wan Phra,thai-buddhist,ขึ้น 15 ค่ำ เดือน 11,11,15,waxing,15,
2041-10-18,2041,2584,星期五,wan_phra,泰國佛日,วันพระ,Wan Phra,thai-buddhist,แรม 8 ค่ำ เดือน 11,11,23,waning,8,
2041-10-24,2041,2584,星期四,wan_phra,泰國佛日,วันพระ,Wan Phra,thai-buddhist,แรม 14 ค่ำ เดือน 11,11,29,waning,14,
2041-11-01,2041,2584,星期五,wan_phra,泰國佛日,วันพระ,Wan Phra,thai-buddhist,ขึ้น 8 ค่ำ เดือน 12,12,8,waxing,8,
2041-11-08,2041,2584,星期五,wan_phra,泰國佛日,วันพระ,Wan Phra,thai-buddhist,ขึ้น 15 ค่ำ เดือน 12,12,15,waxing,15,
2041-11-16,2041,2584,星期六,wan_phra,泰國佛日,วันพระ,Wan Phra,thai-buddhist,แรม 8 ค่ำ เดือน 12,12,23,waning,8,
2041-11-23,2041,2584,星期六,wan_phra,泰國佛日,วันพระ,Wan Phra,thai-buddhist,แรม 15 ค่ำ เดือน 12,12,30,waning,15,
2041-12-01,2041,2584,星期日,wan_phra,泰國佛日,วันพระ,Wan Phra,thai-buddhist,ขึ้น 8 ค่ำ เดือน 1,1,8,waxing,8,
2041-12-08,2041,2584,星期日,wan_phra,泰國佛日,วันพระ,Wan Phra,thai-buddhist,ขึ้น 15 ค่ำ เดือน 1,1,15,waxing,15,
2041-12-16,2041,2584,星期一,wan_phra,泰國佛日,วันพระ,Wan Phra,thai-buddhist,แรม 8 ค่ำ เดือน 1,1,23,waning,8,
2041-12-22,2041,2584,星期日,wan_phra,泰國佛日,วันพระ,Wan Phra,thai-buddhist,แรม 14 ค่ำ เดือน 1,1,29,waning,14,
2041-12-30,2041,2584,星期一,wan_phra,泰國佛日,วันพระ,Wan Phra,thai-buddhist,ขึ้น 8 ค่ำ เดือน 2,2,8,waxing,8,
2042-01-06,2042,2585,星期一,wan_phra,泰國佛日,วันพระ,Wan Phra,thai-buddhist,ขึ้น 15 ค่ำ เดือน 2,2,15,waxing,15,
2042-01-14,2042,2585,星期二,wan_phra,泰國佛日,วันพระ,Wan Phra,thai-buddhist,แรม 8 ค่ำ เดือน 2,2,23,waning,8,
2042-01-21,2042,2585,星期二,wan_phra,泰國佛日,วันพระ,Wan Phra,thai-buddhist,แรม 15 ค่ำ เดือน 2,2,30,waning,15,
2042-01-29,2042,2585,星期三,wan_phra,泰國佛日,วันพระ,Wan Phra,thai-buddhist,ขึ้น 8 ค่ำ เดือน 3,3,8,waxing,8,
2042-02-05,2042,2585,星期三,wan_phra,泰國佛日,วันพระ,Wan Phra,thai-buddhist,ขึ้น 15 ค่ำ เดือน 3,3,15,waxing,15,
2042-02-13,2042,2585,星期四,wan_phra,泰國佛日,วันพระ,Wan Phra,thai-buddhist,แรม 8 ค่ำ เดือน 3,3,23,waning,8,
2042-02-19,2042,2585,星期三,wan_phra,泰國佛日,วันพระ,Wan Phra,thai-buddhist,แรม 14 ค่ำ เดือน 3,3,29,waning,14,
2042-02-27,2042,2585,星期四,wan_phra,泰國佛日,วันพระ,Wan Phra,thai-buddhist,ขึ้น 8 ค่ำ เดือน 4,4,8,waxing,8,
2042-03-06,2042,2585,星期四,makha_bucha,萬佛節,มาฆบูชา,Makha Bucha,thai-buddhist-major,ขึ้น 15 ค่ำ เดือน 4,4,15,waxing,15,
2042-03-06,2042,2585,星期四,wan_phra,泰國佛日,วันพระ,Wan Phra,thai-buddhist,ขึ้น 15 ค่ำ เดือน 4,4,15,waxing,15,
2042-03-14,2042,2585,星期五,wan_phra,泰國佛日,วันพระ,Wan Phra,thai-buddhist,แรม 8 ค่ำ เดือน 4,4,23,waning,8,
2042-03-21,2042,2585,星期五,wan_phra,泰國佛日,วันพระ,Wan Phra,thai-buddhist,แรม 15 ค่ำ เดือน 4,4,30,waning,15,
2042-03-29,2042,2585,星期六,wan_phra,泰國佛日,วันพระ,Wan Phra,thai-buddhist,ขึ้น 8 ค่ำ เดือน 5,5,8,waxing,8,
2042-04-05,2042,2585,星期六,wan_phra,泰國佛日,วันพระ,Wan Phra,thai-buddhist,ขึ้น 15 ค่ำ เดือน 5,5,15,waxing,15,
2042-04-13,2042,2585,星期日,wan_phra,泰國佛日,วันพระ,Wan Phra,thai-buddhist,แรม 8 ค่ำ เดือน 5,5,23,waning,8,
2042-04-19,2042,2585,星期六,wan_phra,泰國佛日,วันพระ,Wan Phra,thai-buddhist,แรม 14 ค่ำ เดือน 5,5,29,waning,14,
2042-04-27,2042,2585,星期日,wan_phra,泰國佛日,วันพระ,Wan Phra,thai-buddhist,ขึ้น 8 ค่ำ เดือน 6,6,8,waxing,8,
2042-05-04,2042,2585,星期日,wan_phra,泰國佛日,วันพระ,Wan Phra,thai-buddhist,ขึ้น 15 ค่ำ เดือน 6,6,15,waxing,15,
2042-05-12,2042,2585,星期一,wan_phra,泰國佛日,วันพระ,Wan Phra,thai-buddhist,แรม 8 ค่ำ เดือน 6,6,23,waning,8,
2042-05-19,2042,2585,星期一,wan_phra,泰國佛日,วันพระ,Wan Phra,thai-buddhist,แรม 15 ค่ำ เดือน 6,6,30,waning,15,
2042-05-27,2042,2585,星期二,wan_phra,泰國佛日,วันพระ,Wan Phra,thai-buddhist,ขึ้น 8 ค่ำ เดือน 7,7,8,waxing,8,
2042-06-03,2042,2585,星期二,visakha_bucha,衛塞節,วิสาขบูชา,Visakha Bucha,thai-buddhist-major,ขึ้น 15 ค่ำ เดือน 7,7,15,waxing,15,
2042-06-03,2042,2585,星期二,wan_phra,泰國佛日,วันพระ,Wan Phra,thai-buddhist,ขึ้น 15 ค่ำ เดือน 7,7,15,waxing,15,
2042-06-11,2042,2585,星期三,wan_phra,泰國佛日,วันพระ,Wan Phra,thai-buddhist,แรม 8 ค่ำ เดือน 7,7,23,waning,8,
2042-06-17,2042,2585,星期二,wan_phra,泰國佛日,วันพระ,Wan Phra,thai-buddhist,แรม 14 ค่ำ เดือน 7,7,29,waning,14,
2042-06-25,2042,2585,星期三,wan_phra,泰國佛日,วันพระ,Wan Phra,thai-buddhist,ขึ้น 8 ค่ำ เดือน 8,8,8,waxing,8,
2042-07-02,2042,2585,星期三,wan_phra,泰國佛日,วันพระ,Wan Phra,thai-buddhist,ขึ้น 15 ค่ำ เดือน 8,8,15,waxing,15,
2042-07-10,2042,2585,星期四,wan_phra,泰國佛日,วันพระ,Wan Phra,thai-buddhist,แรม 8 ค่ำ เดือน 8,8,23,waning,8,
2042-07-17,2042,2585,星期四,wan_phra,泰國佛日,วันพระ,Wan Phra,thai-buddhist,แรม 15 ค่ำ เดือน 8,8,30,waning,15,
2042-07-25,2042,2585,星期五,wan_phra,泰國佛日,วันพระ,Wan Phra,thai-buddhist,ขึ้น 8 ค่ำ เดือน 88,88,8,waxing,8,
2042-08-01,2042,2585,星期五,wan_phra,泰國佛日,วันพระ,Wan Phra,thai-buddhist,ขึ้น 15 ค่ำ เดือน 88,88,15,waxing,15,
2042-08-02,2042,2585,星期六,khao_phansa,入雨安居,เข้าพรรษา,Khao Phansa,thai-buddhist-major,แรม 1 ค่ำ เดือน 88,88,16,waning,1,
2042-08-09,2042,2585,星期六,wan_phra,泰國佛日,วันพระ,Wan Phra,thai-buddhist,แรม 8 ค่ำ เดือน 88,88,23,waning,8,
2042-08-16,2042,2585,星期六,wan_phra,泰國佛日,วันพระ,Wan Phra,thai-buddhist,แรม 15 ค่ำ เดือน 88,88,30,waning,15,
2042-08-24,2042,2585,星期日,wan_phra,泰國佛日,วันพระ,Wan Phra,thai-buddhist,ขึ้น 8 ค่ำ เดือน 9,9,8,waxing,8,
2042-08-31,2042,2585,星期日,wan_phra,泰國佛日,วันพระ,Wan Phra,thai-buddhist,ขึ้น 15 ค่ำ เดือน 9,9,15,waxing,15,
2042-09-08,2042,2585,星期一,wan_phra,泰國佛日,วันพระ,Wan Phra,thai-buddhist,แรม 8 ค่ำ เดือน 9,9,23,waning,8,
2042-09-14,2042,2585,星期日,wan_phra,泰國佛日,วันพระ,Wan Phra,thai-buddhist,แรม 14 ค่ำ เดือน 9,9,29,waning,14,
2042-09-22,2042,2585,星期一,wan_phra,泰國佛日,วันพระ,Wan Phra,thai-buddhist,ขึ้น 8 ค่ำ เดือน 10,10,8,waxing,8,
2042-09-29,2042,2585,星期一,wan_phra,泰國佛日,วันพระ,Wan Phra,thai-buddhist,ขึ้น 15 ค่ำ เดือน 10,10,15,waxing,15,
2042-10-07,2042,2585,星期二,wan_phra,泰國佛日,วันพระ,Wan Phra,thai-buddhist,แรม 8 ค่ำ เดือน 10,10,23,waning,8,
2042-10-14,2042,2585,星期二,wan_phra,泰國佛日,วันพระ,Wan Phra,thai-buddhist,แรม 15 ค่ำ เดือน 10,10,30,waning,15,
2042-10-22,2042,2585,星期三,wan_phra,泰國佛日,วันพระ,Wan Phra,thai-buddhist,ขึ้น 8 ค่ำ เดือน 11,11,8,waxing,8,
2042-10-29,2042,2585,星期三,ok_phansa,出雨安居,ออกพรรษา,Ok Phansa,thai-buddhist-major,ขึ้น 15 ค่ำ เดือน 11,11,15,waxing,15,
2042-10-29,2042,2585,星期三,wan_phra,泰國佛日,วันพระ,Wan Phra,thai-buddhist,ขึ้น 15 ค่ำ เดือน 11,11,15,waxing,15,
2042-11-06,2042,2585,星期四,wan_phra,泰國佛日,วันพระ,Wan Phra,thai-buddhist,แรม 8 ค่ำ เดือน 11,11,23,waning,8,
2042-11-12,2042,2585,星期三,wan_phra,泰國佛日,วันพระ,Wan Phra,thai-buddhist,แรม 14 ค่ำ เดือน 11,11,29,waning,14,
2042-11-20,2042,2585,星期四,wan_phra,泰國佛日,วันพระ,Wan Phra,thai-buddhist,ขึ้น 8 ค่ำ เดือน 12,12,8,waxing,8,
2042-11-27,2042,2585,星期四,wan_phra,泰國佛日,วันพระ,Wan Phra,thai-buddhist,ขึ้น 15 ค่ำ เดือน 12,12,15,waxing,15,
2042-12-05,2042,2585,星期五,wan_phra,泰國佛日,วันพระ,Wan Phra,thai-buddhist,แรม 8 ค่ำ เดือน 12,12,23,waning,8,
2042-12-12,2042,2585,星期五,wan_phra,泰國佛日,วันพระ,Wan Phra,thai-buddhist,แรม 15 ค่ำ เดือน 12,12,30,waning,15,
2042-12-20,2042,2585,星期六,wan_phra,泰國佛日,วันพระ,Wan Phra,thai-buddhist,ขึ้น 8 ค่ำ เดือน 1,1,8,waxing,8,
2042-12-27,2042,2585,星期六,wan_phra,泰國佛日,วันพระ,Wan Phra,thai-buddhist,ขึ้น 15 ค่ำ เดือน 1,1,15,waxing,15,
2043-01-04,2043,2586,星期日,wan_phra,泰國佛日,วันพระ,Wan Phra,thai-buddhist,แรม 8 ค่ำ เดือน 1,1,23,waning,8,
2043-01-10,2043,2586,星期六,wan_phra,泰國佛日,วันพระ,Wan Phra,thai-buddhist,แรม 14 ค่ำ เดือน 1,1,29,waning,14,
2043-01-18,2043,2586,星期日,wan_phra,泰國佛日,วันพระ,Wan Phra,thai-buddhist,ขึ้น 8 ค่ำ เดือน 2,2,8,waxing,8,
2043-01-25,2043,2586,星期日,wan_phra,泰國佛日,วันพระ,Wan Phra,thai-buddhist,ขึ้น 15 ค่ำ เดือน 2,2,15,waxing,15,
2043-02-02,2043,2586,星期一,wan_phra,泰國佛日,วันพระ,Wan Phra,thai-buddhist,แรม 8 ค่ำ เดือน 2,2,23,waning,8,
2043-02-09,2043,2586,星期一,wan_phra,泰國佛日,วันพระ,Wan Phra,thai-buddhist,แรม 15 ค่ำ เดือน 2,2,30,waning,15,
2043-02-17,2043,2586,星期二,wan_phra,泰國佛日,วันพระ,Wan Phra,thai-buddhist,ขึ้น 8 ค่ำ เดือน 3,3,8,waxing,8,
2043-02-24,2043,2586,星期二,makha_bucha,萬佛節,มาฆบูชา,Makha Bucha,thai-buddhist-major,ขึ้น 15 ค่ำ เดือน 3,3,15,waxing,15,
2043-02-24,2043,2586,星期二,wan_phra,泰國佛日,วันพระ,Wan Phra,thai-buddhist,ขึ้น 15 ค่ำ เดือน 3,3,15,waxing,15,
2043-03-04,2043,2586,星期三,wan_phra,泰國佛日,วันพระ,Wan Phra,thai-buddhist,แรม 8 ค่ำ เดือน 3,3,23,waning,8,
2043-03-10,2043,2586,星期二,wan_phra,泰國佛日,วันพระ,Wan Phra,thai-buddhist,แรม 14 ค่ำ เดือน 3,3,29,waning,14,
2043-03-18,2043,2586,星期三,wan_phra,泰國佛日,วันพระ,Wan Phra,thai-buddhist,ขึ้น 8 ค่ำ เดือน 4,4,8,waxing,8,
2043-03-25,2043,2586,星期三,wan_phra,泰國佛日,วันพระ,Wan Phra,thai-buddhist,ขึ้น 15 ค่ำ เดือน 4,4,15,waxing,15,
2043-04-02,2043,2586,星期四,wan_phra,泰國佛日,วันพระ,Wan Phra,thai-buddhist,แรม 8 ค่ำ เดือน 4,4,23,waning,8,
2043-04-09,2043,2586,星期四,wan_phra,泰國佛日,วันพระ,Wan Phra,thai-buddhist,แรม 15 ค่ำ เดือน 4,4,30,waning,15,
2043-04-17,2043,2586,星期五,wan_phra,泰國佛日,วันพระ,Wan Phra,thai-buddhist,ขึ้น 8 ค่ำ เดือน 5,5,8,waxing,8,
2043-04-24,2043,2586,星期五,wan_phra,泰國佛日,วันพระ,Wan Phra,thai-buddhist,ขึ้น 15 ค่ำ เดือน 5,5,15,waxing,15,
2043-05-02,2043,2586,星期六,wan_phra,泰國佛日,วันพระ,Wan Phra,thai-buddhist,แรม 8 ค่ำ เดือน 5,5,23,waning,8,
2043-05-08,2043,2586,星期五,wan_phra,泰國佛日,วันพระ,Wan Phra,thai-buddhist,แรม 14 ค่ำ เดือน 5,5,29,waning,14,
2043-05-16,2043,2586,星期六,wan_phra,泰國佛日,วันพระ,Wan Phra,thai-buddhist,ขึ้น 8 ค่ำ เดือน 6,6,8,waxing,8,
2043-05-23,2043,2586,星期六,visakha_bucha,衛塞節,วิสาขบูชา,Visakha Bucha,thai-buddhist-major,ขึ้น 15 ค่ำ เดือน 6,6,15,waxing,15,
2043-05-23,2043,2586,星期六,wan_phra,泰國佛日,วันพระ,Wan Phra,thai-buddhist,ขึ้น 15 ค่ำ เดือน 6,6,15,waxing,15,
2043-05-31,2043,2586,星期日,wan_phra,泰國佛日,วันพระ,Wan Phra,thai-buddhist,แรม 8 ค่ำ เดือน 6,6,23,waning,8,
2043-06-07,2043,2586,星期日,wan_phra,泰國佛日,วันพระ,Wan Phra,thai-buddhist,แรม 15 ค่ำ เดือน 6,6,30,waning,15,
2043-06-15,2043,2586,星期一,wan_phra,泰國佛日,วันพระ,Wan Phra,thai-buddhist,ขึ้น 8 ค่ำ เดือน 7,7,8,waxing,8,
2043-06-22,2043,2586,星期一,wan_phra,泰國佛日,วันพระ,Wan Phra,thai-buddhist,ขึ้น 15 ค่ำ เดือน 7,7,15,waxing,15,
2043-06-30,2043,2586,星期二,wan_phra,泰國佛日,วันพระ,Wan Phra,thai-buddhist,แรม 8 ค่ำ เดือน 7,7,23,waning,8,
2043-07-06,2043,2586,星期一,wan_phra,泰國佛日,วันพระ,Wan Phra,thai-buddhist,แรม 14 ค่ำ เดือน 7,7,29,waning,14,
2043-07-14,2043,2586,星期二,wan_phra,泰國佛日,วันพระ,Wan Phra,thai-buddhist,ขึ้น 8 ค่ำ เดือน 8,8,8,waxing,8,
2043-07-21,2043,2586,星期二,wan_phra,泰國佛日,วันพระ,Wan Phra,thai-buddhist,ขึ้น 15 ค่ำ เดือน 8,8,15,waxing,15,
2043-07-22,2043,2586,星期三,khao_phansa,入雨安居,เข้าพรรษา,Khao Phansa,thai-buddhist-major,แรม 1 ค่ำ เดือน 8,8,16,waning,1,
2043-07-29,2043,2586,星期三,wan_phra,泰國佛日,วันพระ,Wan Phra,thai-buddhist,แรม 8 ค่ำ เดือน 8,8,23,waning,8,
2043-08-05,2043,2586,星期三,wan_phra,泰國佛日,วันพระ,Wan Phra,thai-buddhist,แรม 15 ค่ำ เดือน 8,8,30,waning,15,
2043-08-13,2043,2586,星期四,wan_phra,泰國佛日,วันพระ,Wan Phra,thai-buddhist,ขึ้น 8 ค่ำ เดือน 9,9,8,waxing,8,
2043-08-20,2043,2586,星期四,wan_phra,泰國佛日,วันพระ,Wan Phra,thai-buddhist,ขึ้น 15 ค่ำ เดือน 9,9,15,waxing,15,
2043-08-28,2043,2586,星期五,wan_phra,泰國佛日,วันพระ,Wan Phra,thai-buddhist,แรม 8 ค่ำ เดือน 9,9,23,waning,8,
2043-09-03,2043,2586,星期四,wan_phra,泰國佛日,วันพระ,Wan Phra,thai-buddhist,แรม 14 ค่ำ เดือน 9,9,29,waning,14,
2043-09-11,2043,2586,星期五,wan_phra,泰國佛日,วันพระ,Wan Phra,thai-buddhist,ขึ้น 8 ค่ำ เดือน 10,10,8,waxing,8,
2043-09-18,2043,2586,星期五,wan_phra,泰國佛日,วันพระ,Wan Phra,thai-buddhist,ขึ้น 15 ค่ำ เดือน 10,10,15,waxing,15,
2043-09-26,2043,2586,星期六,wan_phra,泰國佛日,วันพระ,Wan Phra,thai-buddhist,แรม 8 ค่ำ เดือน 10,10,23,waning,8,
2043-10-03,2043,2586,星期六,wan_phra,泰國佛日,วันพระ,Wan Phra,thai-buddhist,แรม 15 ค่ำ เดือน 10,10,30,waning,15,
2043-10-11,2043,2586,星期日,wan_phra,泰國佛日,วันพระ,Wan Phra,thai-buddhist,ขึ้น 8 ค่ำ เดือน 11,11,8,waxing,8,
2043-10-18,2043,2586,星期日,ok_phansa,出雨安居,ออกพรรษา,Ok Phansa,thai-buddhist-major,ขึ้น 15 ค่ำ เดือน 11,11,15,waxing,15,
2043-10-18,2043,2586,星期日,wan_phra,泰國佛日,วันพระ,Wan Phra,thai-buddhist,ขึ้น 15 ค่ำ เดือน 11,11,15,waxing,15,
2043-10-26,2043,2586,星期一,wan_phra,泰國佛日,วันพระ,Wan Phra,thai-buddhist,แรม 8 ค่ำ เดือน 11,11,23,waning,8,
2043-11-01,2043,2586,星期日,wan_phra,泰國佛日,วันพระ,Wan Phra,thai-buddhist,แรม 14 ค่ำ เดือน 11,11,29,waning,14,
2043-11-09,2043,2586,星期一,wan_phra,泰國佛日,วันพระ,Wan Phra,thai-buddhist,ขึ้น 8 ค่ำ เดือน 12,12,8,waxing,8,
2043-11-16,2043,2586,星期一,wan_phra,泰國佛日,วันพระ,Wan Phra,thai-buddhist,ขึ้น 15 ค่ำ เดือน 12,12,15,waxing,15,
2043-11-24,2043,2586,星期二,wan_phra,泰國佛日,วันพระ,Wan Phra,thai-buddhist,แรม 8 ค่ำ เดือน 12,12,23,waning,8,
2043-12-01,2043,2586,星期二,wan_phra,泰國佛日,วันพระ,Wan Phra,thai-buddhist,แรม 15 ค่ำ เดือน 12,12,30,waning,15,
2043-12-09,2043,2586,星期三,wan_phra,泰國佛日,วันพระ,Wan Phra,thai-buddhist,ขึ้น 8 ค่ำ เดือน 1,1,8,waxing,8,
2043-12-16,2043,2586,星期三,wan_phra,泰國佛日,วันพระ,Wan Phra,thai-buddhist,ขึ้น 15 ค่ำ เดือน 1,1,15,waxing,15,
2043-12-24,2043,2586,星期四,wan_phra,泰國佛日,วันพระ,Wan Phra,thai-buddhist,แรม 8 ค่ำ เดือน 1,1,23,waning,8,
2043-12-30,2043,2586,星期三,wan_phra,泰國佛日,วันพระ,Wan Phra,thai-buddhist,แรม 14 ค่ำ เดือน 1,1,29,waning,14,
2044-01-07,2044,2587,星期四,wan_phra,泰國佛日,วันพระ,Wan Phra,thai-buddhist,ขึ้น 8 ค่ำ เดือน 2,2,8,waxing,8,
2044-01-14,2044,2587,星期四,wan_phra,泰國佛日,วันพระ,Wan Phra,thai-buddhist,ขึ้น 15 ค่ำ เดือน 2,2,15,waxing,15,
2044-01-22,2044,2587,星期五,wan_phra,泰國佛日,วันพระ,Wan Phra,thai-buddhist,แรม 8 ค่ำ เดือน 2,2,23,waning,8,
2044-01-29,2044,2587,星期五,wan_phra,泰國佛日,วันพระ,Wan Phra,thai-buddhist,แรม 15 ค่ำ เดือน 2,2,30,waning,15,
2044-02-06,2044,2587,星期六,wan_phra,泰國佛日,วันพระ,Wan Phra,thai-buddhist,ขึ้น 8 ค่ำ เดือน 3,3,8,waxing,8,
2044-02-13,2044,2587,星期六,makha_bucha,萬佛節,มาฆบูชา,Makha Bucha,thai-buddhist-major,ขึ้น 15 ค่ำ เดือน 3,3,15,waxing,15,
2044-02-13,2044,2587,星期六,wan_phra,泰國佛日,วันพระ,Wan Phra,thai-buddhist,ขึ้น 15 ค่ำ เดือน 3,3,15,waxing,15,
2044-02-21,2044,2587,星期日,wan_phra,泰國佛日,วันพระ,Wan Phra,thai-buddhist,แรม 8 ค่ำ เดือน 3,3,23,waning,8,
2044-02-27,2044,2587,星期六,wan_phra,泰國佛日,วันพระ,Wan Phra,thai-buddhist,แรม 14 ค่ำ เดือน 3,3,29,waning,14,
2044-03-06,2044,2587,星期日,wan_phra,泰國佛日,วันพระ,Wan Phra,thai-buddhist,ขึ้น 8 ค่ำ เดือน 4,4,8,waxing,8,
2044-03-13,2044,2587,星期日,wan_phra,泰國佛日,วันพระ,Wan Phra,thai-buddhist,ขึ้น 15 ค่ำ เดือน 4,4,15,waxing,15,
2044-03-21,2044,2587,星期一,wan_phra,泰國佛日,วันพระ,Wan Phra,thai-buddhist,แรม 8 ค่ำ เดือน 4,4,23,waning,8,
2044-03-28,2044,2587,星期一,wan_phra,泰國佛日,วันพระ,Wan Phra,thai-buddhist,แรม 15 ค่ำ เดือน 4,4,30,waning,15,
2044-04-02,2044,2587,星期六,sao_ha_candidate,騷哈日候選 / 稍哈日候選,เสาร์ 5,Sao Ha candidate,thai-amulet-auspicious-day,ขึ้น 5 ค่ำ เดือน 5,5,5,waxing,5,按規則產生：星期六 + 泰國陰曆 5 月 + ขึ้น 5 ค่ำ 或 แรม 5 ค่ำ。未做人工作法會或高僧認定。
2044-04-05,2044,2587,星期二,wan_phra,泰國佛日,วันพระ,Wan Phra,thai-buddhist,ขึ้น 8 ค่ำ เดือน 5,5,8,waxing,8,
2044-04-12,2044,2587,星期二,wan_phra,泰國佛日,วันพระ,Wan Phra,thai-buddhist,ขึ้น 15 ค่ำ เดือน 5,5,15,waxing,15,
2044-04-20,2044,2587,星期三,wan_phra,泰國佛日,วันพระ,Wan Phra,thai-buddhist,แรม 8 ค่ำ เดือน 5,5,23,waning,8,
2044-04-26,2044,2587,星期二,wan_phra,泰國佛日,วันพระ,Wan Phra,thai-buddhist,แรม 14 ค่ำ เดือน 5,5,29,waning,14,
2044-05-04,2044,2587,星期三,wan_phra,泰國佛日,วันพระ,Wan Phra,thai-buddhist,ขึ้น 8 ค่ำ เดือน 6,6,8,waxing,8,
2044-05-11,2044,2587,星期三,visakha_bucha,衛塞節,วิสาขบูชา,Visakha Bucha,thai-buddhist-major,ขึ้น 15 ค่ำ เดือน 6,6,15,waxing,15,
2044-05-11,2044,2587,星期三,wan_phra,泰國佛日,วันพระ,Wan Phra,thai-buddhist,ขึ้น 15 ค่ำ เดือน 6,6,15,waxing,15,
2044-05-19,2044,2587,星期四,wan_phra,泰國佛日,วันพระ,Wan Phra,thai-buddhist,แรม 8 ค่ำ เดือน 6,6,23,waning,8,
2044-05-26,2044,2587,星期四,wan_phra,泰國佛日,วันพระ,Wan Phra,thai-buddhist,แรม 15 ค่ำ เดือน 6,6,30,waning,15,
2044-06-03,2044,2587,星期五,wan_phra,泰國佛日,วันพระ,Wan Phra,thai-buddhist,ขึ้น 8 ค่ำ เดือน 7,7,8,waxing,8,
2044-06-10,2044,2587,星期五,wan_phra,泰國佛日,วันพระ,Wan Phra,thai-buddhist,ขึ้น 15 ค่ำ เดือน 7,7,15,waxing,15,
2044-06-18,2044,2587,星期六,wan_phra,泰國佛日,วันพระ,Wan Phra,thai-buddhist,แรม 8 ค่ำ เดือน 7,7,23,waning,8,
2044-06-24,2044,2587,星期五,wan_phra,泰國佛日,วันพระ,Wan Phra,thai-buddhist,แรม 14 ค่ำ เดือน 7,7,29,waning,14,
2044-07-02,2044,2587,星期六,wan_phra,泰國佛日,วันพระ,Wan Phra,thai-buddhist,ขึ้น 8 ค่ำ เดือน 8,8,8,waxing,8,
2044-07-09,2044,2587,星期六,wan_phra,泰國佛日,วันพระ,Wan Phra,thai-buddhist,ขึ้น 15 ค่ำ เดือน 8,8,15,waxing,15,
2044-07-10,2044,2587,星期日,khao_phansa,入雨安居,เข้าพรรษา,Khao Phansa,thai-buddhist-major,แรม 1 ค่ำ เดือน 8,8,16,waning,1,
2044-07-17,2044,2587,星期日,wan_phra,泰國佛日,วันพระ,Wan Phra,thai-buddhist,แรม 8 ค่ำ เดือน 8,8,23,waning,8,
2044-07-24,2044,2587,星期日,wan_phra,泰國佛日,วันพระ,Wan Phra,thai-buddhist,แรม 15 ค่ำ เดือน 8,8,30,waning,15,
2044-08-01,2044,2587,星期一,wan_phra,泰國佛日,วันพระ,Wan Phra,thai-buddhist,ขึ้น 8 ค่ำ เดือน 9,9,8,waxing,8,
2044-08-08,2044,2587,星期一,wan_phra,泰國佛日,วันพระ,Wan Phra,thai-buddhist,ขึ้น 15 ค่ำ เดือน 9,9,15,waxing,15,
2044-08-16,2044,2587,星期二,wan_phra,泰國佛日,วันพระ,Wan Phra,thai-buddhist,แรม 8 ค่ำ เดือน 9,9,23,waning,8,
2044-08-22,2044,2587,星期一,wan_phra,泰國佛日,วันพระ,Wan Phra,thai-buddhist,แรม 14 ค่ำ เดือน 9,9,29,waning,14,
2044-08-30,2044,2587,星期二,wan_phra,泰國佛日,วันพระ,Wan Phra,thai-buddhist,ขึ้น 8 ค่ำ เดือน 10,10,8,waxing,8,
2044-09-06,2044,2587,星期二,wan_phra,泰國佛日,วันพระ,Wan Phra,thai-buddhist,ขึ้น 15 ค่ำ เดือน 10,10,15,waxing,15,
2044-09-14,2044,2587,星期三,wan_phra,泰國佛日,วันพระ,Wan Phra,thai-buddhist,แรม 8 ค่ำ เดือน 10,10,23,waning,8,
2044-09-21,2044,2587,星期三,wan_phra,泰國佛日,วันพระ,Wan Phra,thai-buddhist,แรม 15 ค่ำ เดือน 10,10,30,waning,15,
2044-09-29,2044,2587,星期四,wan_phra,泰國佛日,วันพระ,Wan Phra,thai-buddhist,ขึ้น 8 ค่ำ เดือน 11,11,8,waxing,8,
2044-10-06,2044,2587,星期四,ok_phansa,出雨安居,ออกพรรษา,Ok Phansa,thai-buddhist-major,ขึ้น 15 ค่ำ เดือน 11,11,15,waxing,15,
2044-10-06,2044,2587,星期四,wan_phra,泰國佛日,วันพระ,Wan Phra,thai-buddhist,ขึ้น 15 ค่ำ เดือน 11,11,15,waxing,15,
2044-10-14,2044,2587,星期五,wan_phra,泰國佛日,วันพระ,Wan Phra,thai-buddhist,แรม 8 ค่ำ เดือน 11,11,23,waning,8,
2044-10-20,2044,2587,星期四,wan_phra,泰國佛日,วันพระ,Wan Phra,thai-buddhist,แรม 14 ค่ำ เดือน 11,11,29,waning,14,
2044-10-28,2044,2587,星期五,wan_phra,泰國佛日,วันพระ,Wan Phra,thai-buddhist,ขึ้น 8 ค่ำ เดือน 12,12,8,waxing,8,
2044-11-04,2044,2587,星期五,wan_phra,泰國佛日,วันพระ,Wan Phra,thai-buddhist,ขึ้น 15 ค่ำ เดือน 12,12,15,waxing,15,
2044-11-12,2044,2587,星期六,wan_phra,泰國佛日,วันพระ,Wan Phra,thai-buddhist,แรม 8 ค่ำ เดือน 12,12,23,waning,8,
2044-11-19,2044,2587,星期六,wan_phra,泰國佛日,วันพระ,Wan Phra,thai-buddhist,แรม 15 ค่ำ เดือน 12,12,30,waning,15,
2044-11-27,2044,2587,星期日,wan_phra,泰國佛日,วันพระ,Wan Phra,thai-buddhist,ขึ้น 8 ค่ำ เดือน 1,1,8,waxing,8,
2044-12-04,2044,2587,星期日,wan_phra,泰國佛日,วันพระ,Wan Phra,thai-buddhist,ขึ้น 15 ค่ำ เดือน 1,1,15,waxing,15,
2044-12-12,2044,2587,星期一,wan_phra,泰國佛日,วันพระ,Wan Phra,thai-buddhist,แรม 8 ค่ำ เดือน 1,1,23,waning,8,
2044-12-18,2044,2587,星期日,wan_phra,泰國佛日,วันพระ,Wan Phra,thai-buddhist,แรม 14 ค่ำ เดือน 1,1,29,waning,14,
2044-12-26,2044,2587,星期一,wan_phra,泰國佛日,วันพระ,Wan Phra,thai-buddhist,ขึ้น 8 ค่ำ เดือน 2,2,8,waxing,8,
2045-01-02,2045,2588,星期一,wan_phra,泰國佛日,วันพระ,Wan Phra,thai-buddhist,ขึ้น 15 ค่ำ เดือน 2,2,15,waxing,15,
2045-01-10,2045,2588,星期二,wan_phra,泰國佛日,วันพระ,Wan Phra,thai-buddhist,แรม 8 ค่ำ เดือน 2,2,23,waning,8,
2045-01-17,2045,2588,星期二,wan_phra,泰國佛日,วันพระ,Wan Phra,thai-buddhist,แรม 15 ค่ำ เดือน 2,2,30,waning,15,
2045-01-25,2045,2588,星期三,wan_phra,泰國佛日,วันพระ,Wan Phra,thai-buddhist,ขึ้น 8 ค่ำ เดือน 3,3,8,waxing,8,
2045-02-01,2045,2588,星期三,wan_phra,泰國佛日,วันพระ,Wan Phra,thai-buddhist,ขึ้น 15 ค่ำ เดือน 3,3,15,waxing,15,
2045-02-09,2045,2588,星期四,wan_phra,泰國佛日,วันพระ,Wan Phra,thai-buddhist,แรม 8 ค่ำ เดือน 3,3,23,waning,8,
2045-02-15,2045,2588,星期三,wan_phra,泰國佛日,วันพระ,Wan Phra,thai-buddhist,แรม 14 ค่ำ เดือน 3,3,29,waning,14,
2045-02-23,2045,2588,星期四,wan_phra,泰國佛日,วันพระ,Wan Phra,thai-buddhist,ขึ้น 8 ค่ำ เดือน 4,4,8,waxing,8,
2045-03-02,2045,2588,星期四,makha_bucha,萬佛節,มาฆบูชา,Makha Bucha,thai-buddhist-major,ขึ้น 15 ค่ำ เดือน 4,4,15,waxing,15,
2045-03-02,2045,2588,星期四,wan_phra,泰國佛日,วันพระ,Wan Phra,thai-buddhist,ขึ้น 15 ค่ำ เดือน 4,4,15,waxing,15,
2045-03-10,2045,2588,星期五,wan_phra,泰國佛日,วันพระ,Wan Phra,thai-buddhist,แรม 8 ค่ำ เดือน 4,4,23,waning,8,
2045-03-17,2045,2588,星期五,wan_phra,泰國佛日,วันพระ,Wan Phra,thai-buddhist,แรม 15 ค่ำ เดือน 4,4,30,waning,15,
2045-03-25,2045,2588,星期六,wan_phra,泰國佛日,วันพระ,Wan Phra,thai-buddhist,ขึ้น 8 ค่ำ เดือน 5,5,8,waxing,8,
2045-04-01,2045,2588,星期六,wan_phra,泰國佛日,วันพระ,Wan Phra,thai-buddhist,ขึ้น 15 ค่ำ เดือน 5,5,15,waxing,15,
2045-04-09,2045,2588,星期日,wan_phra,泰國佛日,วันพระ,Wan Phra,thai-buddhist,แรม 8 ค่ำ เดือน 5,5,23,waning,8,
2045-04-15,2045,2588,星期六,wan_phra,泰國佛日,วันพระ,Wan Phra,thai-buddhist,แรม 14 ค่ำ เดือน 5,5,29,waning,14,
2045-04-23,2045,2588,星期日,wan_phra,泰國佛日,วันพระ,Wan Phra,thai-buddhist,ขึ้น 8 ค่ำ เดือน 6,6,8,waxing,8,
2045-04-30,2045,2588,星期日,wan_phra,泰國佛日,วันพระ,Wan Phra,thai-buddhist,ขึ้น 15 ค่ำ เดือน 6,6,15,waxing,15,
2045-05-08,2045,2588,星期一,wan_phra,泰國佛日,วันพระ,Wan Phra,thai-buddhist,แรม 8 ค่ำ เดือน 6,6,23,waning,8,
2045-05-15,2045,2588,星期一,wan_phra,泰國佛日,วันพระ,Wan Phra,thai-buddhist,แรม 15 ค่ำ เดือน 6,6,30,waning,15,
2045-05-23,2045,2588,星期二,wan_phra,泰國佛日,วันพระ,Wan Phra,thai-buddhist,ขึ้น 8 ค่ำ เดือน 7,7,8,waxing,8,
2045-05-30,2045,2588,星期二,visakha_bucha,衛塞節,วิสาขบูชา,Visakha Bucha,thai-buddhist-major,ขึ้น 15 ค่ำ เดือน 7,7,15,waxing,15,
2045-05-30,2045,2588,星期二,wan_phra,泰國佛日,วันพระ,Wan Phra,thai-buddhist,ขึ้น 15 ค่ำ เดือน 7,7,15,waxing,15,
2045-06-07,2045,2588,星期三,wan_phra,泰國佛日,วันพระ,Wan Phra,thai-buddhist,แรม 8 ค่ำ เดือน 7,7,23,waning,8,
2045-06-13,2045,2588,星期二,wan_phra,泰國佛日,วันพระ,Wan Phra,thai-buddhist,แรม 14 ค่ำ เดือน 7,7,29,waning,14,
2045-06-21,2045,2588,星期三,wan_phra,泰國佛日,วันพระ,Wan Phra,thai-buddhist,ขึ้น 8 ค่ำ เดือน 8,8,8,waxing,8,
2045-06-28,2045,2588,星期三,wan_phra,泰國佛日,วันพระ,Wan Phra,thai-buddhist,ขึ้น 15 ค่ำ เดือน 8,8,15,waxing,15,
2045-07-06,2045,2588,星期四,wan_phra,泰國佛日,วันพระ,Wan Phra,thai-buddhist,แรม 8 ค่ำ เดือน 8,8,23,waning,8,
2045-07-13,2045,2588,星期四,wan_phra,泰國佛日,วันพระ,Wan Phra,thai-buddhist,แรม 15 ค่ำ เดือน 8,8,30,waning,15,
2045-07-21,2045,2588,星期五,wan_phra,泰國佛日,วันพระ,Wan Phra,thai-buddhist,ขึ้น 8 ค่ำ เดือน 88,88,8,waxing,8,
2045-07-28,2045,2588,星期五,wan_phra,泰國佛日,วันพระ,Wan Phra,thai-buddhist,ขึ้น 15 ค่ำ เดือน 88,88,15,waxing,15,
2045-07-29,2045,2588,星期六,khao_phansa,入雨安居,เข้าพรรษา,Khao Phansa,thai-buddhist-major,แรม 1 ค่ำ เดือน 88,88,16,waning,1,
2045-08-05,2045,2588,星期六,wan_phra,泰國佛日,วันพระ,Wan Phra,thai-buddhist,แรม 8 ค่ำ เดือน 88,88,23,waning,8,
2045-08-12,2045,2588,星期六,wan_phra,泰國佛日,วันพระ,Wan Phra,thai-buddhist,แรม 15 ค่ำ เดือน 88,88,30,waning,15,
2045-08-20,2045,2588,星期日,wan_phra,泰國佛日,วันพระ,Wan Phra,thai-buddhist,ขึ้น 8 ค่ำ เดือน 9,9,8,waxing,8,
2045-08-27,2045,2588,星期日,wan_phra,泰國佛日,วันพระ,Wan Phra,thai-buddhist,ขึ้น 15 ค่ำ เดือน 9,9,15,waxing,15,
2045-09-04,2045,2588,星期一,wan_phra,泰國佛日,วันพระ,Wan Phra,thai-buddhist,แรม 8 ค่ำ เดือน 9,9,23,waning,8,
2045-09-10,2045,2588,星期日,wan_phra,泰國佛日,วันพระ,Wan Phra,thai-buddhist,แรม 14 ค่ำ เดือน 9,9,29,waning,14,
2045-09-18,2045,2588,星期一,wan_phra,泰國佛日,วันพระ,Wan Phra,thai-buddhist,ขึ้น 8 ค่ำ เดือน 10,10,8,waxing,8,
2045-09-25,2045,2588,星期一,wan_phra,泰國佛日,วันพระ,Wan Phra,thai-buddhist,ขึ้น 15 ค่ำ เดือน 10,10,15,waxing,15,
2045-10-03,2045,2588,星期二,wan_phra,泰國佛日,วันพระ,Wan Phra,thai-buddhist,แรม 8 ค่ำ เดือน 10,10,23,waning,8,
2045-10-10,2045,2588,星期二,wan_phra,泰國佛日,วันพระ,Wan Phra,thai-buddhist,แรม 15 ค่ำ เดือน 10,10,30,waning,15,
2045-10-18,2045,2588,星期三,wan_phra,泰國佛日,วันพระ,Wan Phra,thai-buddhist,ขึ้น 8 ค่ำ เดือน 11,11,8,waxing,8,
2045-10-25,2045,2588,星期三,ok_phansa,出雨安居,ออกพรรษา,Ok Phansa,thai-buddhist-major,ขึ้น 15 ค่ำ เดือน 11,11,15,waxing,15,
2045-10-25,2045,2588,星期三,wan_phra,泰國佛日,วันพระ,Wan Phra,thai-buddhist,ขึ้น 15 ค่ำ เดือน 11,11,15,waxing,15,
2045-11-02,2045,2588,星期四,wan_phra,泰國佛日,วันพระ,Wan Phra,thai-buddhist,แรม 8 ค่ำ เดือน 11,11,23,waning,8,
2045-11-08,2045,2588,星期三,wan_phra,泰國佛日,วันพระ,Wan Phra,thai-buddhist,แรม 14 ค่ำ เดือน 11,11,29,waning,14,
2045-11-16,2045,2588,星期四,wan_phra,泰國佛日,วันพระ,Wan Phra,thai-buddhist,ขึ้น 8 ค่ำ เดือน 12,12,8,waxing,8,
2045-11-23,2045,2588,星期四,wan_phra,泰國佛日,วันพระ,Wan Phra,thai-buddhist,ขึ้น 15 ค่ำ เดือน 12,12,15,waxing,15,
2045-12-01,2045,2588,星期五,wan_phra,泰國佛日,วันพระ,Wan Phra,thai-buddhist,แรม 8 ค่ำ เดือน 12,12,23,waning,8,
2045-12-08,2045,2588,星期五,wan_phra,泰國佛日,วันพระ,Wan Phra,thai-buddhist,แรม 15 ค่ำ เดือน 12,12,30,waning,15,
2045-12-16,2045,2588,星期六,wan_phra,泰國佛日,วันพระ,Wan Phra,thai-buddhist,ขึ้น 8 ค่ำ เดือน 1,1,8,waxing,8,
2045-12-23,2045,2588,星期六,wan_phra,泰國佛日,วันพระ,Wan Phra,thai-buddhist,ขึ้น 15 ค่ำ เดือน 1,1,15,waxing,15,
2045-12-31,2045,2588,星期日,wan_phra,泰國佛日,วันพระ,Wan Phra,thai-buddhist,แรม 8 ค่ำ เดือน 1,1,23,waning,8,
2046-01-06,2046,2589,星期六,wan_phra,泰國佛日,วันพระ,Wan Phra,thai-buddhist,แรม 14 ค่ำ เดือน 1,1,29,waning,14,
2046-01-14,2046,2589,星期日,wan_phra,泰國佛日,วันพระ,Wan Phra,thai-buddhist,ขึ้น 8 ค่ำ เดือน 2,2,8,waxing,8,
2046-01-21,2046,2589,星期日,wan_phra,泰國佛日,วันพระ,Wan Phra,thai-buddhist,ขึ้น 15 ค่ำ เดือน 2,2,15,waxing,15,
2046-01-29,2046,2589,星期一,wan_phra,泰國佛日,วันพระ,Wan Phra,thai-buddhist,แรม 8 ค่ำ เดือน 2,2,23,waning,8,
2046-02-05,2046,2589,星期一,wan_phra,泰國佛日,วันพระ,Wan Phra,thai-buddhist,แรม 15 ค่ำ เดือน 2,2,30,waning,15,
2046-02-13,2046,2589,星期二,wan_phra,泰國佛日,วันพระ,Wan Phra,thai-buddhist,ขึ้น 8 ค่ำ เดือน 3,3,8,waxing,8,
2046-02-20,2046,2589,星期二,makha_bucha,萬佛節,มาฆบูชา,Makha Bucha,thai-buddhist-major,ขึ้น 15 ค่ำ เดือน 3,3,15,waxing,15,
2046-02-20,2046,2589,星期二,wan_phra,泰國佛日,วันพระ,Wan Phra,thai-buddhist,ขึ้น 15 ค่ำ เดือน 3,3,15,waxing,15,
2046-02-28,2046,2589,星期三,wan_phra,泰國佛日,วันพระ,Wan Phra,thai-buddhist,แรม 8 ค่ำ เดือน 3,3,23,waning,8,
2046-03-06,2046,2589,星期二,wan_phra,泰國佛日,วันพระ,Wan Phra,thai-buddhist,แรม 14 ค่ำ เดือน 3,3,29,waning,14,
2046-03-14,2046,2589,星期三,wan_phra,泰國佛日,วันพระ,Wan Phra,thai-buddhist,ขึ้น 8 ค่ำ เดือน 4,4,8,waxing,8,
2046-03-21,2046,2589,星期三,wan_phra,泰國佛日,วันพระ,Wan Phra,thai-buddhist,ขึ้น 15 ค่ำ เดือน 4,4,15,waxing,15,
2046-03-29,2046,2589,星期四,wan_phra,泰國佛日,วันพระ,Wan Phra,thai-buddhist,แรม 8 ค่ำ เดือน 4,4,23,waning,8,
2046-04-05,2046,2589,星期四,wan_phra,泰國佛日,วันพระ,Wan Phra,thai-buddhist,แรม 15 ค่ำ เดือน 4,4,30,waning,15,
2046-04-13,2046,2589,星期五,wan_phra,泰國佛日,วันพระ,Wan Phra,thai-buddhist,ขึ้น 8 ค่ำ เดือน 5,5,8,waxing,8,
2046-04-20,2046,2589,星期五,wan_phra,泰國佛日,วันพระ,Wan Phra,thai-buddhist,ขึ้น 15 ค่ำ เดือน 5,5,15,waxing,15,
2046-04-28,2046,2589,星期六,wan_phra,泰國佛日,วันพระ,Wan Phra,thai-buddhist,แรม 8 ค่ำ เดือน 5,5,23,waning,8,
2046-05-04,2046,2589,星期五,wan_phra,泰國佛日,วันพระ,Wan Phra,thai-buddhist,แรม 14 ค่ำ เดือน 5,5,29,waning,14,
2046-05-12,2046,2589,星期六,wan_phra,泰國佛日,วันพระ,Wan Phra,thai-buddhist,ขึ้น 8 ค่ำ เดือน 6,6,8,waxing,8,
2046-05-19,2046,2589,星期六,visakha_bucha,衛塞節,วิสาขบูชา,Visakha Bucha,thai-buddhist-major,ขึ้น 15 ค่ำ เดือน 6,6,15,waxing,15,
2046-05-19,2046,2589,星期六,wan_phra,泰國佛日,วันพระ,Wan Phra,thai-buddhist,ขึ้น 15 ค่ำ เดือน 6,6,15,waxing,15,
2046-05-27,2046,2589,星期日,wan_phra,泰國佛日,วันพระ,Wan Phra,thai-buddhist,แรม 8 ค่ำ เดือน 6,6,23,waning,8,
2046-06-03,2046,2589,星期日,wan_phra,泰國佛日,วันพระ,Wan Phra,thai-buddhist,แรม 15 ค่ำ เดือน 6,6,30,waning,15,
2046-06-11,2046,2589,星期一,wan_phra,泰國佛日,วันพระ,Wan Phra,thai-buddhist,ขึ้น 8 ค่ำ เดือน 7,7,8,waxing,8,
2046-06-18,2046,2589,星期一,wan_phra,泰國佛日,วันพระ,Wan Phra,thai-buddhist,ขึ้น 15 ค่ำ เดือน 7,7,15,waxing,15,
2046-06-26,2046,2589,星期二,wan_phra,泰國佛日,วันพระ,Wan Phra,thai-buddhist,แรม 8 ค่ำ เดือน 7,7,23,waning,8,
2046-07-03,2046,2589,星期二,wan_phra,泰國佛日,วันพระ,Wan Phra,thai-buddhist,แรม 15 ค่ำ เดือน 7,7,30,waning,15,
2046-07-11,2046,2589,星期三,wan_phra,泰國佛日,วันพระ,Wan Phra,thai-buddhist,ขึ้น 8 ค่ำ เดือน 8,8,8,waxing,8,
2046-07-18,2046,2589,星期三,wan_phra,泰國佛日,วันพระ,Wan Phra,thai-buddhist,ขึ้น 15 ค่ำ เดือน 8,8,15,waxing,15,
2046-07-19,2046,2589,星期四,khao_phansa,入雨安居,เข้าพรรษา,Khao Phansa,thai-buddhist-major,แรม 1 ค่ำ เดือน 8,8,16,waning,1,
2046-07-26,2046,2589,星期四,wan_phra,泰國佛日,วันพระ,Wan Phra,thai-buddhist,แรม 8 ค่ำ เดือน 8,8,23,waning,8,
2046-08-02,2046,2589,星期四,wan_phra,泰國佛日,วันพระ,Wan Phra,thai-buddhist,แรม 15 ค่ำ เดือน 8,8,30,waning,15,
2046-08-10,2046,2589,星期五,wan_phra,泰國佛日,วันพระ,Wan Phra,thai-buddhist,ขึ้น 8 ค่ำ เดือน 9,9,8,waxing,8,
2046-08-17,2046,2589,星期五,wan_phra,泰國佛日,วันพระ,Wan Phra,thai-buddhist,ขึ้น 15 ค่ำ เดือน 9,9,15,waxing,15,
2046-08-25,2046,2589,星期六,wan_phra,泰國佛日,วันพระ,Wan Phra,thai-buddhist,แรม 8 ค่ำ เดือน 9,9,23,waning,8,
2046-08-31,2046,2589,星期五,wan_phra,泰國佛日,วันพระ,Wan Phra,thai-buddhist,แรม 14 ค่ำ เดือน 9,9,29,waning,14,
2046-09-08,2046,2589,星期六,wan_phra,泰國佛日,วันพระ,Wan Phra,thai-buddhist,ขึ้น 8 ค่ำ เดือน 10,10,8,waxing,8,
2046-09-15,2046,2589,星期六,wan_phra,泰國佛日,วันพระ,Wan Phra,thai-buddhist,ขึ้น 15 ค่ำ เดือน 10,10,15,waxing,15,
2046-09-23,2046,2589,星期日,wan_phra,泰國佛日,วันพระ,Wan Phra,thai-buddhist,แรม 8 ค่ำ เดือน 10,10,23,waning,8,
2046-09-30,2046,2589,星期日,wan_phra,泰國佛日,วันพระ,Wan Phra,thai-buddhist,แรม 15 ค่ำ เดือน 10,10,30,waning,15,
2046-10-08,2046,2589,星期一,wan_phra,泰國佛日,วันพระ,Wan Phra,thai-buddhist,ขึ้น 8 ค่ำ เดือน 11,11,8,waxing,8,
2046-10-15,2046,2589,星期一,ok_phansa,出雨安居,ออกพรรษา,Ok Phansa,thai-buddhist-major,ขึ้น 15 ค่ำ เดือน 11,11,15,waxing,15,
2046-10-15,2046,2589,星期一,wan_phra,泰國佛日,วันพระ,Wan Phra,thai-buddhist,ขึ้น 15 ค่ำ เดือน 11,11,15,waxing,15,
2046-10-23,2046,2589,星期二,wan_phra,泰國佛日,วันพระ,Wan Phra,thai-buddhist,แรม 8 ค่ำ เดือน 11,11,23,waning,8,
2046-10-29,2046,2589,星期一,wan_phra,泰國佛日,วันพระ,Wan Phra,thai-buddhist,แรม 14 ค่ำ เดือน 11,11,29,waning,14,
2046-11-06,2046,2589,星期二,wan_phra,泰國佛日,วันพระ,Wan Phra,thai-buddhist,ขึ้น 8 ค่ำ เดือน 12,12,8,waxing,8,
2046-11-13,2046,2589,星期二,wan_phra,泰國佛日,วันพระ,Wan Phra,thai-buddhist,ขึ้น 15 ค่ำ เดือน 12,12,15,waxing,15,
2046-11-21,2046,2589,星期三,wan_phra,泰國佛日,วันพระ,Wan Phra,thai-buddhist,แรม 8 ค่ำ เดือน 12,12,23,waning,8,
2046-11-28,2046,2589,星期三,wan_phra,泰國佛日,วันพระ,Wan Phra,thai-buddhist,แรม 15 ค่ำ เดือน 12,12,30,waning,15,
2046-12-06,2046,2589,星期四,wan_phra,泰國佛日,วันพระ,Wan Phra,thai-buddhist,ขึ้น 8 ค่ำ เดือน 1,1,8,waxing,8,
2046-12-13,2046,2589,星期四,wan_phra,泰國佛日,วันพระ,Wan Phra,thai-buddhist,ขึ้น 15 ค่ำ เดือน 1,1,15,waxing,15,
2046-12-21,2046,2589,星期五,wan_phra,泰國佛日,วันพระ,Wan Phra,thai-buddhist,แรม 8 ค่ำ เดือน 1,1,23,waning,8,
2046-12-27,2046,2589,星期四,wan_phra,泰國佛日,วันพระ,Wan Phra,thai-buddhist,แรม 14 ค่ำ เดือน 1,1,29,waning,14,
2047-01-04,2047,2590,星期五,wan_phra,泰國佛日,วันพระ,Wan Phra,thai-buddhist,ขึ้น 8 ค่ำ เดือน 2,2,8,waxing,8,
2047-01-11,2047,2590,星期五,wan_phra,泰國佛日,วันพระ,Wan Phra,thai-buddhist,ขึ้น 15 ค่ำ เดือน 2,2,15,waxing,15,
2047-01-19,2047,2590,星期六,wan_phra,泰國佛日,วันพระ,Wan Phra,thai-buddhist,แรม 8 ค่ำ เดือน 2,2,23,waning,8,
2047-01-26,2047,2590,星期六,wan_phra,泰國佛日,วันพระ,Wan Phra,thai-buddhist,แรม 15 ค่ำ เดือน 2,2,30,waning,15,
2047-02-03,2047,2590,星期日,wan_phra,泰國佛日,วันพระ,Wan Phra,thai-buddhist,ขึ้น 8 ค่ำ เดือน 3,3,8,waxing,8,
2047-02-10,2047,2590,星期日,makha_bucha,萬佛節,มาฆบูชา,Makha Bucha,thai-buddhist-major,ขึ้น 15 ค่ำ เดือน 3,3,15,waxing,15,
2047-02-10,2047,2590,星期日,wan_phra,泰國佛日,วันพระ,Wan Phra,thai-buddhist,ขึ้น 15 ค่ำ เดือน 3,3,15,waxing,15,
2047-02-18,2047,2590,星期一,wan_phra,泰國佛日,วันพระ,Wan Phra,thai-buddhist,แรม 8 ค่ำ เดือน 3,3,23,waning,8,
2047-02-24,2047,2590,星期日,wan_phra,泰國佛日,วันพระ,Wan Phra,thai-buddhist,แรม 14 ค่ำ เดือน 3,3,29,waning,14,
2047-03-04,2047,2590,星期一,wan_phra,泰國佛日,วันพระ,Wan Phra,thai-buddhist,ขึ้น 8 ค่ำ เดือน 4,4,8,waxing,8,
2047-03-11,2047,2590,星期一,wan_phra,泰國佛日,วันพระ,Wan Phra,thai-buddhist,ขึ้น 15 ค่ำ เดือน 4,4,15,waxing,15,
2047-03-19,2047,2590,星期二,wan_phra,泰國佛日,วันพระ,Wan Phra,thai-buddhist,แรม 8 ค่ำ เดือน 4,4,23,waning,8,
2047-03-26,2047,2590,星期二,wan_phra,泰國佛日,วันพระ,Wan Phra,thai-buddhist,แรม 15 ค่ำ เดือน 4,4,30,waning,15,
2047-04-03,2047,2590,星期三,wan_phra,泰國佛日,วันพระ,Wan Phra,thai-buddhist,ขึ้น 8 ค่ำ เดือน 5,5,8,waxing,8,
2047-04-10,2047,2590,星期三,wan_phra,泰國佛日,วันพระ,Wan Phra,thai-buddhist,ขึ้น 15 ค่ำ เดือน 5,5,15,waxing,15,
2047-04-18,2047,2590,星期四,wan_phra,泰國佛日,วันพระ,Wan Phra,thai-buddhist,แรม 8 ค่ำ เดือน 5,5,23,waning,8,
2047-04-24,2047,2590,星期三,wan_phra,泰國佛日,วันพระ,Wan Phra,thai-buddhist,แรม 14 ค่ำ เดือน 5,5,29,waning,14,
2047-05-02,2047,2590,星期四,wan_phra,泰國佛日,วันพระ,Wan Phra,thai-buddhist,ขึ้น 8 ค่ำ เดือน 6,6,8,waxing,8,
2047-05-09,2047,2590,星期四,visakha_bucha,衛塞節,วิสาขบูชา,Visakha Bucha,thai-buddhist-major,ขึ้น 15 ค่ำ เดือน 6,6,15,waxing,15,
2047-05-09,2047,2590,星期四,wan_phra,泰國佛日,วันพระ,Wan Phra,thai-buddhist,ขึ้น 15 ค่ำ เดือน 6,6,15,waxing,15,
2047-05-17,2047,2590,星期五,wan_phra,泰國佛日,วันพระ,Wan Phra,thai-buddhist,แรม 8 ค่ำ เดือน 6,6,23,waning,8,
2047-05-24,2047,2590,星期五,wan_phra,泰國佛日,วันพระ,Wan Phra,thai-buddhist,แรม 15 ค่ำ เดือน 6,6,30,waning,15,
2047-06-01,2047,2590,星期六,wan_phra,泰國佛日,วันพระ,Wan Phra,thai-buddhist,ขึ้น 8 ค่ำ เดือน 7,7,8,waxing,8,
2047-06-08,2047,2590,星期六,wan_phra,泰國佛日,วันพระ,Wan Phra,thai-buddhist,ขึ้น 15 ค่ำ เดือน 7,7,15,waxing,15,
2047-06-16,2047,2590,星期日,wan_phra,泰國佛日,วันพระ,Wan Phra,thai-buddhist,แรม 8 ค่ำ เดือน 7,7,23,waning,8,
2047-06-22,2047,2590,星期六,wan_phra,泰國佛日,วันพระ,Wan Phra,thai-buddhist,แรม 14 ค่ำ เดือน 7,7,29,waning,14,
2047-06-30,2047,2590,星期日,wan_phra,泰國佛日,วันพระ,Wan Phra,thai-buddhist,ขึ้น 8 ค่ำ เดือน 8,8,8,waxing,8,
2047-07-07,2047,2590,星期日,wan_phra,泰國佛日,วันพระ,Wan Phra,thai-buddhist,ขึ้น 15 ค่ำ เดือน 8,8,15,waxing,15,
2047-07-08,2047,2590,星期一,khao_phansa,入雨安居,เข้าพรรษา,Khao Phansa,thai-buddhist-major,แรม 1 ค่ำ เดือน 8,8,16,waning,1,
2047-07-15,2047,2590,星期一,wan_phra,泰國佛日,วันพระ,Wan Phra,thai-buddhist,แรม 8 ค่ำ เดือน 8,8,23,waning,8,
2047-07-22,2047,2590,星期一,wan_phra,泰國佛日,วันพระ,Wan Phra,thai-buddhist,แรม 15 ค่ำ เดือน 8,8,30,waning,15,
2047-07-30,2047,2590,星期二,wan_phra,泰國佛日,วันพระ,Wan Phra,thai-buddhist,ขึ้น 8 ค่ำ เดือน 9,9,8,waxing,8,
2047-08-06,2047,2590,星期二,wan_phra,泰國佛日,วันพระ,Wan Phra,thai-buddhist,ขึ้น 15 ค่ำ เดือน 9,9,15,waxing,15,
2047-08-14,2047,2590,星期三,wan_phra,泰國佛日,วันพระ,Wan Phra,thai-buddhist,แรม 8 ค่ำ เดือน 9,9,23,waning,8,
2047-08-20,2047,2590,星期二,wan_phra,泰國佛日,วันพระ,Wan Phra,thai-buddhist,แรม 14 ค่ำ เดือน 9,9,29,waning,14,
2047-08-28,2047,2590,星期三,wan_phra,泰國佛日,วันพระ,Wan Phra,thai-buddhist,ขึ้น 8 ค่ำ เดือน 10,10,8,waxing,8,
2047-09-04,2047,2590,星期三,wan_phra,泰國佛日,วันพระ,Wan Phra,thai-buddhist,ขึ้น 15 ค่ำ เดือน 10,10,15,waxing,15,
2047-09-12,2047,2590,星期四,wan_phra,泰國佛日,วันพระ,Wan Phra,thai-buddhist,แรม 8 ค่ำ เดือน 10,10,23,waning,8,
2047-09-19,2047,2590,星期四,wan_phra,泰國佛日,วันพระ,Wan Phra,thai-buddhist,แรม 15 ค่ำ เดือน 10,10,30,waning,15,
2047-09-27,2047,2590,星期五,wan_phra,泰國佛日,วันพระ,Wan Phra,thai-buddhist,ขึ้น 8 ค่ำ เดือน 11,11,8,waxing,8,
2047-10-04,2047,2590,星期五,ok_phansa,出雨安居,ออกพรรษา,Ok Phansa,thai-buddhist-major,ขึ้น 15 ค่ำ เดือน 11,11,15,waxing,15,
2047-10-04,2047,2590,星期五,wan_phra,泰國佛日,วันพระ,Wan Phra,thai-buddhist,ขึ้น 15 ค่ำ เดือน 11,11,15,waxing,15,
2047-10-12,2047,2590,星期六,wan_phra,泰國佛日,วันพระ,Wan Phra,thai-buddhist,แรม 8 ค่ำ เดือน 11,11,23,waning,8,
2047-10-18,2047,2590,星期五,wan_phra,泰國佛日,วันพระ,Wan Phra,thai-buddhist,แรม 14 ค่ำ เดือน 11,11,29,waning,14,
2047-10-26,2047,2590,星期六,wan_phra,泰國佛日,วันพระ,Wan Phra,thai-buddhist,ขึ้น 8 ค่ำ เดือน 12,12,8,waxing,8,
2047-11-02,2047,2590,星期六,wan_phra,泰國佛日,วันพระ,Wan Phra,thai-buddhist,ขึ้น 15 ค่ำ เดือน 12,12,15,waxing,15,
2047-11-10,2047,2590,星期日,wan_phra,泰國佛日,วันพระ,Wan Phra,thai-buddhist,แรม 8 ค่ำ เดือน 12,12,23,waning,8,
2047-11-17,2047,2590,星期日,wan_phra,泰國佛日,วันพระ,Wan Phra,thai-buddhist,แรม 15 ค่ำ เดือน 12,12,30,waning,15,
2047-11-25,2047,2590,星期一,wan_phra,泰國佛日,วันพระ,Wan Phra,thai-buddhist,ขึ้น 8 ค่ำ เดือน 1,1,8,waxing,8,
2047-12-02,2047,2590,星期一,wan_phra,泰國佛日,วันพระ,Wan Phra,thai-buddhist,ขึ้น 15 ค่ำ เดือน 1,1,15,waxing,15,
2047-12-10,2047,2590,星期二,wan_phra,泰國佛日,วันพระ,Wan Phra,thai-buddhist,แรม 8 ค่ำ เดือน 1,1,23,waning,8,
2047-12-16,2047,2590,星期一,wan_phra,泰國佛日,วันพระ,Wan Phra,thai-buddhist,แรม 14 ค่ำ เดือน 1,1,29,waning,14,
2047-12-24,2047,2590,星期二,wan_phra,泰國佛日,วันพระ,Wan Phra,thai-buddhist,ขึ้น 8 ค่ำ เดือน 2,2,8,waxing,8,
2047-12-31,2047,2590,星期二,wan_phra,泰國佛日,วันพระ,Wan Phra,thai-buddhist,ขึ้น 15 ค่ำ เดือน 2,2,15,waxing,15,
2048-01-08,2048,2591,星期三,wan_phra,泰國佛日,วันพระ,Wan Phra,thai-buddhist,แรม 8 ค่ำ เดือน 2,2,23,waning,8,
2048-01-15,2048,2591,星期三,wan_phra,泰國佛日,วันพระ,Wan Phra,thai-buddhist,แรม 15 ค่ำ เดือน 2,2,30,waning,15,
2048-01-23,2048,2591,星期四,wan_phra,泰國佛日,วันพระ,Wan Phra,thai-buddhist,ขึ้น 8 ค่ำ เดือน 3,3,8,waxing,8,
2048-01-30,2048,2591,星期四,wan_phra,泰國佛日,วันพระ,Wan Phra,thai-buddhist,ขึ้น 15 ค่ำ เดือน 3,3,15,waxing,15,
2048-02-07,2048,2591,星期五,wan_phra,泰國佛日,วันพระ,Wan Phra,thai-buddhist,แรม 8 ค่ำ เดือน 3,3,23,waning,8,
2048-02-13,2048,2591,星期四,wan_phra,泰國佛日,วันพระ,Wan Phra,thai-buddhist,แรม 14 ค่ำ เดือน 3,3,29,waning,14,
2048-02-21,2048,2591,星期五,wan_phra,泰國佛日,วันพระ,Wan Phra,thai-buddhist,ขึ้น 8 ค่ำ เดือน 4,4,8,waxing,8,
2048-02-28,2048,2591,星期五,makha_bucha,萬佛節,มาฆบูชา,Makha Bucha,thai-buddhist-major,ขึ้น 15 ค่ำ เดือน 4,4,15,waxing,15,
2048-02-28,2048,2591,星期五,wan_phra,泰國佛日,วันพระ,Wan Phra,thai-buddhist,ขึ้น 15 ค่ำ เดือน 4,4,15,waxing,15,
2048-03-07,2048,2591,星期六,wan_phra,泰國佛日,วันพระ,Wan Phra,thai-buddhist,แรม 8 ค่ำ เดือน 4,4,23,waning,8,
2048-03-14,2048,2591,星期六,wan_phra,泰國佛日,วันพระ,Wan Phra,thai-buddhist,แรม 15 ค่ำ เดือน 4,4,30,waning,15,
2048-03-22,2048,2591,星期日,wan_phra,泰國佛日,วันพระ,Wan Phra,thai-buddhist,ขึ้น 8 ค่ำ เดือน 5,5,8,waxing,8,
2048-03-29,2048,2591,星期日,wan_phra,泰國佛日,วันพระ,Wan Phra,thai-buddhist,ขึ้น 15 ค่ำ เดือน 5,5,15,waxing,15,
2048-04-06,2048,2591,星期一,wan_phra,泰國佛日,วันพระ,Wan Phra,thai-buddhist,แรม 8 ค่ำ เดือน 5,5,23,waning,8,
2048-04-12,2048,2591,星期日,wan_phra,泰國佛日,วันพระ,Wan Phra,thai-buddhist,แรม 14 ค่ำ เดือน 5,5,29,waning,14,
2048-04-20,2048,2591,星期一,wan_phra,泰國佛日,วันพระ,Wan Phra,thai-buddhist,ขึ้น 8 ค่ำ เดือน 6,6,8,waxing,8,
2048-04-27,2048,2591,星期一,wan_phra,泰國佛日,วันพระ,Wan Phra,thai-buddhist,ขึ้น 15 ค่ำ เดือน 6,6,15,waxing,15,
2048-05-05,2048,2591,星期二,wan_phra,泰國佛日,วันพระ,Wan Phra,thai-buddhist,แรม 8 ค่ำ เดือน 6,6,23,waning,8,
2048-05-12,2048,2591,星期二,wan_phra,泰國佛日,วันพระ,Wan Phra,thai-buddhist,แรม 15 ค่ำ เดือน 6,6,30,waning,15,
2048-05-20,2048,2591,星期三,wan_phra,泰國佛日,วันพระ,Wan Phra,thai-buddhist,ขึ้น 8 ค่ำ เดือน 7,7,8,waxing,8,
2048-05-27,2048,2591,星期三,visakha_bucha,衛塞節,วิสาขบูชา,Visakha Bucha,thai-buddhist-major,ขึ้น 15 ค่ำ เดือน 7,7,15,waxing,15,
2048-05-27,2048,2591,星期三,wan_phra,泰國佛日,วันพระ,Wan Phra,thai-buddhist,ขึ้น 15 ค่ำ เดือน 7,7,15,waxing,15,
2048-06-04,2048,2591,星期四,wan_phra,泰國佛日,วันพระ,Wan Phra,thai-buddhist,แรม 8 ค่ำ เดือน 7,7,23,waning,8,
2048-06-10,2048,2591,星期三,wan_phra,泰國佛日,วันพระ,Wan Phra,thai-buddhist,แรม 14 ค่ำ เดือน 7,7,29,waning,14,
2048-06-18,2048,2591,星期四,wan_phra,泰國佛日,วันพระ,Wan Phra,thai-buddhist,ขึ้น 8 ค่ำ เดือน 8,8,8,waxing,8,
2048-06-25,2048,2591,星期四,wan_phra,泰國佛日,วันพระ,Wan Phra,thai-buddhist,ขึ้น 15 ค่ำ เดือน 8,8,15,waxing,15,
2048-07-03,2048,2591,星期五,wan_phra,泰國佛日,วันพระ,Wan Phra,thai-buddhist,แรม 8 ค่ำ เดือน 8,8,23,waning,8,
2048-07-10,2048,2591,星期五,wan_phra,泰國佛日,วันพระ,Wan Phra,thai-buddhist,แรม 15 ค่ำ เดือน 8,8,30,waning,15,
2048-07-18,2048,2591,星期六,wan_phra,泰國佛日,วันพระ,Wan Phra,thai-buddhist,ขึ้น 8 ค่ำ เดือน 88,88,8,waxing,8,
2048-07-25,2048,2591,星期六,wan_phra,泰國佛日,วันพระ,Wan Phra,thai-buddhist,ขึ้น 15 ค่ำ เดือน 88,88,15,waxing,15,
2048-07-26,2048,2591,星期日,khao_phansa,入雨安居,เข้าพรรษา,Khao Phansa,thai-buddhist-major,แรม 1 ค่ำ เดือน 88,88,16,waning,1,
2048-08-02,2048,2591,星期日,wan_phra,泰國佛日,วันพระ,Wan Phra,thai-buddhist,แรม 8 ค่ำ เดือน 88,88,23,waning,8,
2048-08-09,2048,2591,星期日,wan_phra,泰國佛日,วันพระ,Wan Phra,thai-buddhist,แรม 15 ค่ำ เดือน 88,88,30,waning,15,
2048-08-17,2048,2591,星期一,wan_phra,泰國佛日,วันพระ,Wan Phra,thai-buddhist,ขึ้น 8 ค่ำ เดือน 9,9,8,waxing,8,
2048-08-24,2048,2591,星期一,wan_phra,泰國佛日,วันพระ,Wan Phra,thai-buddhist,ขึ้น 15 ค่ำ เดือน 9,9,15,waxing,15,
2048-09-01,2048,2591,星期二,wan_phra,泰國佛日,วันพระ,Wan Phra,thai-buddhist,แรม 8 ค่ำ เดือน 9,9,23,waning,8,
2048-09-07,2048,2591,星期一,wan_phra,泰國佛日,วันพระ,Wan Phra,thai-buddhist,แรม 14 ค่ำ เดือน 9,9,29,waning,14,
2048-09-15,2048,2591,星期二,wan_phra,泰國佛日,วันพระ,Wan Phra,thai-buddhist,ขึ้น 8 ค่ำ เดือน 10,10,8,waxing,8,
2048-09-22,2048,2591,星期二,wan_phra,泰國佛日,วันพระ,Wan Phra,thai-buddhist,ขึ้น 15 ค่ำ เดือน 10,10,15,waxing,15,
2048-09-30,2048,2591,星期三,wan_phra,泰國佛日,วันพระ,Wan Phra,thai-buddhist,แรม 8 ค่ำ เดือน 10,10,23,waning,8,
2048-10-07,2048,2591,星期三,wan_phra,泰國佛日,วันพระ,Wan Phra,thai-buddhist,แรม 15 ค่ำ เดือน 10,10,30,waning,15,
2048-10-15,2048,2591,星期四,wan_phra,泰國佛日,วันพระ,Wan Phra,thai-buddhist,ขึ้น 8 ค่ำ เดือน 11,11,8,waxing,8,
2048-10-22,2048,2591,星期四,ok_phansa,出雨安居,ออกพรรษา,Ok Phansa,thai-buddhist-major,ขึ้น 15 ค่ำ เดือน 11,11,15,waxing,15,
2048-10-22,2048,2591,星期四,wan_phra,泰國佛日,วันพระ,Wan Phra,thai-buddhist,ขึ้น 15 ค่ำ เดือน 11,11,15,waxing,15,
2048-10-30,2048,2591,星期五,wan_phra,泰國佛日,วันพระ,Wan Phra,thai-buddhist,แรม 8 ค่ำ เดือน 11,11,23,waning,8,
2048-11-05,2048,2591,星期四,wan_phra,泰國佛日,วันพระ,Wan Phra,thai-buddhist,แรม 14 ค่ำ เดือน 11,11,29,waning,14,
2048-11-13,2048,2591,星期五,wan_phra,泰國佛日,วันพระ,Wan Phra,thai-buddhist,ขึ้น 8 ค่ำ เดือน 12,12,8,waxing,8,
2048-11-20,2048,2591,星期五,wan_phra,泰國佛日,วันพระ,Wan Phra,thai-buddhist,ขึ้น 15 ค่ำ เดือน 12,12,15,waxing,15,
2048-11-28,2048,2591,星期六,wan_phra,泰國佛日,วันพระ,Wan Phra,thai-buddhist,แรม 8 ค่ำ เดือน 12,12,23,waning,8,
2048-12-05,2048,2591,星期六,wan_phra,泰國佛日,วันพระ,Wan Phra,thai-buddhist,แรม 15 ค่ำ เดือน 12,12,30,waning,15,
2048-12-13,2048,2591,星期日,wan_phra,泰國佛日,วันพระ,Wan Phra,thai-buddhist,ขึ้น 8 ค่ำ เดือน 1,1,8,waxing,8,
2048-12-20,2048,2591,星期日,wan_phra,泰國佛日,วันพระ,Wan Phra,thai-buddhist,ขึ้น 15 ค่ำ เดือน 1,1,15,waxing,15,
2048-12-28,2048,2591,星期一,wan_phra,泰國佛日,วันพระ,Wan Phra,thai-buddhist,แรม 8 ค่ำ เดือน 1,1,23,waning,8,
2049-01-03,2049,2592,星期日,wan_phra,泰國佛日,วันพระ,Wan Phra,thai-buddhist,แรม 14 ค่ำ เดือน 1,1,29,waning,14,
2049-01-11,2049,2592,星期一,wan_phra,泰國佛日,วันพระ,Wan Phra,thai-buddhist,ขึ้น 8 ค่ำ เดือน 2,2,8,waxing,8,
2049-01-18,2049,2592,星期一,wan_phra,泰國佛日,วันพระ,Wan Phra,thai-buddhist,ขึ้น 15 ค่ำ เดือน 2,2,15,waxing,15,
2049-01-26,2049,2592,星期二,wan_phra,泰國佛日,วันพระ,Wan Phra,thai-buddhist,แรม 8 ค่ำ เดือน 2,2,23,waning,8,
2049-02-02,2049,2592,星期二,wan_phra,泰國佛日,วันพระ,Wan Phra,thai-buddhist,แรม 15 ค่ำ เดือน 2,2,30,waning,15,
2049-02-10,2049,2592,星期三,wan_phra,泰國佛日,วันพระ,Wan Phra,thai-buddhist,ขึ้น 8 ค่ำ เดือน 3,3,8,waxing,8,
2049-02-17,2049,2592,星期三,makha_bucha,萬佛節,มาฆบูชา,Makha Bucha,thai-buddhist-major,ขึ้น 15 ค่ำ เดือน 3,3,15,waxing,15,
2049-02-17,2049,2592,星期三,wan_phra,泰國佛日,วันพระ,Wan Phra,thai-buddhist,ขึ้น 15 ค่ำ เดือน 3,3,15,waxing,15,
2049-02-25,2049,2592,星期四,wan_phra,泰國佛日,วันพระ,Wan Phra,thai-buddhist,แรม 8 ค่ำ เดือน 3,3,23,waning,8,
2049-03-03,2049,2592,星期三,wan_phra,泰國佛日,วันพระ,Wan Phra,thai-buddhist,แรม 14 ค่ำ เดือน 3,3,29,waning,14,
2049-03-11,2049,2592,星期四,wan_phra,泰國佛日,วันพระ,Wan Phra,thai-buddhist,ขึ้น 8 ค่ำ เดือน 4,4,8,waxing,8,
2049-03-18,2049,2592,星期四,wan_phra,泰國佛日,วันพระ,Wan Phra,thai-buddhist,ขึ้น 15 ค่ำ เดือน 4,4,15,waxing,15,
2049-03-26,2049,2592,星期五,wan_phra,泰國佛日,วันพระ,Wan Phra,thai-buddhist,แรม 8 ค่ำ เดือน 4,4,23,waning,8,
2049-04-02,2049,2592,星期五,wan_phra,泰國佛日,วันพระ,Wan Phra,thai-buddhist,แรม 15 ค่ำ เดือน 4,4,30,waning,15,
2049-04-10,2049,2592,星期六,wan_phra,泰國佛日,วันพระ,Wan Phra,thai-buddhist,ขึ้น 8 ค่ำ เดือน 5,5,8,waxing,8,
2049-04-17,2049,2592,星期六,wan_phra,泰國佛日,วันพระ,Wan Phra,thai-buddhist,ขึ้น 15 ค่ำ เดือน 5,5,15,waxing,15,
2049-04-25,2049,2592,星期日,wan_phra,泰國佛日,วันพระ,Wan Phra,thai-buddhist,แรม 8 ค่ำ เดือน 5,5,23,waning,8,
2049-05-01,2049,2592,星期六,wan_phra,泰國佛日,วันพระ,Wan Phra,thai-buddhist,แรม 14 ค่ำ เดือน 5,5,29,waning,14,
2049-05-09,2049,2592,星期日,wan_phra,泰國佛日,วันพระ,Wan Phra,thai-buddhist,ขึ้น 8 ค่ำ เดือน 6,6,8,waxing,8,
2049-05-16,2049,2592,星期日,visakha_bucha,衛塞節,วิสาขบูชา,Visakha Bucha,thai-buddhist-major,ขึ้น 15 ค่ำ เดือน 6,6,15,waxing,15,
2049-05-16,2049,2592,星期日,wan_phra,泰國佛日,วันพระ,Wan Phra,thai-buddhist,ขึ้น 15 ค่ำ เดือน 6,6,15,waxing,15,
2049-05-24,2049,2592,星期一,wan_phra,泰國佛日,วันพระ,Wan Phra,thai-buddhist,แรม 8 ค่ำ เดือน 6,6,23,waning,8,
2049-05-31,2049,2592,星期一,wan_phra,泰國佛日,วันพระ,Wan Phra,thai-buddhist,แรม 15 ค่ำ เดือน 6,6,30,waning,15,
2049-06-08,2049,2592,星期二,wan_phra,泰國佛日,วันพระ,Wan Phra,thai-buddhist,ขึ้น 8 ค่ำ เดือน 7,7,8,waxing,8,
2049-06-15,2049,2592,星期二,wan_phra,泰國佛日,วันพระ,Wan Phra,thai-buddhist,ขึ้น 15 ค่ำ เดือน 7,7,15,waxing,15,
2049-06-23,2049,2592,星期三,wan_phra,泰國佛日,วันพระ,Wan Phra,thai-buddhist,แรม 8 ค่ำ เดือน 7,7,23,waning,8,
2049-06-29,2049,2592,星期二,wan_phra,泰國佛日,วันพระ,Wan Phra,thai-buddhist,แรม 14 ค่ำ เดือน 7,7,29,waning,14,
2049-07-07,2049,2592,星期三,wan_phra,泰國佛日,วันพระ,Wan Phra,thai-buddhist,ขึ้น 8 ค่ำ เดือน 8,8,8,waxing,8,
2049-07-14,2049,2592,星期三,wan_phra,泰國佛日,วันพระ,Wan Phra,thai-buddhist,ขึ้น 15 ค่ำ เดือน 8,8,15,waxing,15,
2049-07-15,2049,2592,星期四,khao_phansa,入雨安居,เข้าพรรษา,Khao Phansa,thai-buddhist-major,แรม 1 ค่ำ เดือน 8,8,16,waning,1,
2049-07-22,2049,2592,星期四,wan_phra,泰國佛日,วันพระ,Wan Phra,thai-buddhist,แรม 8 ค่ำ เดือน 8,8,23,waning,8,
2049-07-29,2049,2592,星期四,wan_phra,泰國佛日,วันพระ,Wan Phra,thai-buddhist,แรม 15 ค่ำ เดือน 8,8,30,waning,15,
2049-08-06,2049,2592,星期五,wan_phra,泰國佛日,วันพระ,Wan Phra,thai-buddhist,ขึ้น 8 ค่ำ เดือน 9,9,8,waxing,8,
2049-08-13,2049,2592,星期五,wan_phra,泰國佛日,วันพระ,Wan Phra,thai-buddhist,ขึ้น 15 ค่ำ เดือน 9,9,15,waxing,15,
2049-08-21,2049,2592,星期六,wan_phra,泰國佛日,วันพระ,Wan Phra,thai-buddhist,แรม 8 ค่ำ เดือน 9,9,23,waning,8,
2049-08-27,2049,2592,星期五,wan_phra,泰國佛日,วันพระ,Wan Phra,thai-buddhist,แรม 14 ค่ำ เดือน 9,9,29,waning,14,
2049-09-04,2049,2592,星期六,wan_phra,泰國佛日,วันพระ,Wan Phra,thai-buddhist,ขึ้น 8 ค่ำ เดือน 10,10,8,waxing,8,
2049-09-11,2049,2592,星期六,wan_phra,泰國佛日,วันพระ,Wan Phra,thai-buddhist,ขึ้น 15 ค่ำ เดือน 10,10,15,waxing,15,
2049-09-19,2049,2592,星期日,wan_phra,泰國佛日,วันพระ,Wan Phra,thai-buddhist,แรม 8 ค่ำ เดือน 10,10,23,waning,8,
2049-09-26,2049,2592,星期日,wan_phra,泰國佛日,วันพระ,Wan Phra,thai-buddhist,แรม 15 ค่ำ เดือน 10,10,30,waning,15,
2049-10-04,2049,2592,星期一,wan_phra,泰國佛日,วันพระ,Wan Phra,thai-buddhist,ขึ้น 8 ค่ำ เดือน 11,11,8,waxing,8,
2049-10-11,2049,2592,星期一,ok_phansa,出雨安居,ออกพรรษา,Ok Phansa,thai-buddhist-major,ขึ้น 15 ค่ำ เดือน 11,11,15,waxing,15,
2049-10-11,2049,2592,星期一,wan_phra,泰國佛日,วันพระ,Wan Phra,thai-buddhist,ขึ้น 15 ค่ำ เดือน 11,11,15,waxing,15,
2049-10-19,2049,2592,星期二,wan_phra,泰國佛日,วันพระ,Wan Phra,thai-buddhist,แรม 8 ค่ำ เดือน 11,11,23,waning,8,
2049-10-25,2049,2592,星期一,wan_phra,泰國佛日,วันพระ,Wan Phra,thai-buddhist,แรม 14 ค่ำ เดือน 11,11,29,waning,14,
2049-11-02,2049,2592,星期二,wan_phra,泰國佛日,วันพระ,Wan Phra,thai-buddhist,ขึ้น 8 ค่ำ เดือน 12,12,8,waxing,8,
2049-11-09,2049,2592,星期二,wan_phra,泰國佛日,วันพระ,Wan Phra,thai-buddhist,ขึ้น 15 ค่ำ เดือน 12,12,15,waxing,15,
2049-11-17,2049,2592,星期三,wan_phra,泰國佛日,วันพระ,Wan Phra,thai-buddhist,แรม 8 ค่ำ เดือน 12,12,23,waning,8,
2049-11-24,2049,2592,星期三,wan_phra,泰國佛日,วันพระ,Wan Phra,thai-buddhist,แรม 15 ค่ำ เดือน 12,12,30,waning,15,
2049-12-02,2049,2592,星期四,wan_phra,泰國佛日,วันพระ,Wan Phra,thai-buddhist,ขึ้น 8 ค่ำ เดือน 1,1,8,waxing,8,
2049-12-09,2049,2592,星期四,wan_phra,泰國佛日,วันพระ,Wan Phra,thai-buddhist,ขึ้น 15 ค่ำ เดือน 1,1,15,waxing,15,
2049-12-17,2049,2592,星期五,wan_phra,泰國佛日,วันพระ,Wan Phra,thai-buddhist,แรม 8 ค่ำ เดือน 1,1,23,waning,8,
2049-12-23,2049,2592,星期四,wan_phra,泰國佛日,วันพระ,Wan Phra,thai-buddhist,แรม 14 ค่ำ เดือน 1,1,29,waning,14,
2049-12-31,2049,2592,星期五,wan_phra,泰國佛日,วันพระ,Wan Phra,thai-buddhist,ขึ้น 8 ค่ำ เดือน 2,2,8,waxing,8,
2050-01-07,2050,2593,星期五,wan_phra,泰國佛日,วันพระ,Wan Phra,thai-buddhist,ขึ้น 15 ค่ำ เดือน 2,2,15,waxing,15,
2050-01-15,2050,2593,星期六,wan_phra,泰國佛日,วันพระ,Wan Phra,thai-buddhist,แรม 8 ค่ำ เดือน 2,2,23,waning,8,
2050-01-22,2050,2593,星期六,wan_phra,泰國佛日,วันพระ,Wan Phra,thai-buddhist,แรม 15 ค่ำ เดือน 2,2,30,waning,15,
2050-01-30,2050,2593,星期日,wan_phra,泰國佛日,วันพระ,Wan Phra,thai-buddhist,ขึ้น 8 ค่ำ เดือน 3,3,8,waxing,8,
2050-02-06,2050,2593,星期日,wan_phra,泰國佛日,วันพระ,Wan Phra,thai-buddhist,ขึ้น 15 ค่ำ เดือน 3,3,15,waxing,15,
2050-02-14,2050,2593,星期一,wan_phra,泰國佛日,วันพระ,Wan Phra,thai-buddhist,แรม 8 ค่ำ เดือน 3,3,23,waning,8,
2050-02-20,2050,2593,星期日,wan_phra,泰國佛日,วันพระ,Wan Phra,thai-buddhist,แรม 14 ค่ำ เดือน 3,3,29,waning,14,
2050-02-28,2050,2593,星期一,wan_phra,泰國佛日,วันพระ,Wan Phra,thai-buddhist,ขึ้น 8 ค่ำ เดือน 4,4,8,waxing,8,
2050-03-07,2050,2593,星期一,makha_bucha,萬佛節,มาฆบูชา,Makha Bucha,thai-buddhist-major,ขึ้น 15 ค่ำ เดือน 4,4,15,waxing,15,
2050-03-07,2050,2593,星期一,wan_phra,泰國佛日,วันพระ,Wan Phra,thai-buddhist,ขึ้น 15 ค่ำ เดือน 4,4,15,waxing,15,
2050-03-15,2050,2593,星期二,wan_phra,泰國佛日,วันพระ,Wan Phra,thai-buddhist,แรม 8 ค่ำ เดือน 4,4,23,waning,8,
2050-03-22,2050,2593,星期二,wan_phra,泰國佛日,วันพระ,Wan Phra,thai-buddhist,แรม 15 ค่ำ เดือน 4,4,30,waning,15,
2050-03-30,2050,2593,星期三,wan_phra,泰國佛日,วันพระ,Wan Phra,thai-buddhist,ขึ้น 8 ค่ำ เดือน 5,5,8,waxing,8,
2050-04-06,2050,2593,星期三,wan_phra,泰國佛日,วันพระ,Wan Phra,thai-buddhist,ขึ้น 15 ค่ำ เดือน 5,5,15,waxing,15,
2050-04-14,2050,2593,星期四,wan_phra,泰國佛日,วันพระ,Wan Phra,thai-buddhist,แรม 8 ค่ำ เดือน 5,5,23,waning,8,
2050-04-20,2050,2593,星期三,wan_phra,泰國佛日,วันพระ,Wan Phra,thai-buddhist,แรม 14 ค่ำ เดือน 5,5,29,waning,14,
2050-04-28,2050,2593,星期四,wan_phra,泰國佛日,วันพระ,Wan Phra,thai-buddhist,ขึ้น 8 ค่ำ เดือน 6,6,8,waxing,8,
2050-05-05,2050,2593,星期四,wan_phra,泰國佛日,วันพระ,Wan Phra,thai-buddhist,ขึ้น 15 ค่ำ เดือน 6,6,15,waxing,15,
2050-05-13,2050,2593,星期五,wan_phra,泰國佛日,วันพระ,Wan Phra,thai-buddhist,แรม 8 ค่ำ เดือน 6,6,23,waning,8,
2050-05-20,2050,2593,星期五,wan_phra,泰國佛日,วันพระ,Wan Phra,thai-buddhist,แรม 15 ค่ำ เดือน 6,6,30,waning,15,
2050-05-28,2050,2593,星期六,wan_phra,泰國佛日,วันพระ,Wan Phra,thai-buddhist,ขึ้น 8 ค่ำ เดือน 7,7,8,waxing,8,
2050-06-04,2050,2593,星期六,visakha_bucha,衛塞節,วิสาขบูชา,Visakha Bucha,thai-buddhist-major,ขึ้น 15 ค่ำ เดือน 7,7,15,waxing,15,
2050-06-04,2050,2593,星期六,wan_phra,泰國佛日,วันพระ,Wan Phra,thai-buddhist,ขึ้น 15 ค่ำ เดือน 7,7,15,waxing,15,
2050-06-12,2050,2593,星期日,wan_phra,泰國佛日,วันพระ,Wan Phra,thai-buddhist,แรม 8 ค่ำ เดือน 7,7,23,waning,8,
2050-06-18,2050,2593,星期六,wan_phra,泰國佛日,วันพระ,Wan Phra,thai-buddhist,แรม 14 ค่ำ เดือน 7,7,29,waning,14,
2050-06-26,2050,2593,星期日,wan_phra,泰國佛日,วันพระ,Wan Phra,thai-buddhist,ขึ้น 8 ค่ำ เดือน 8,8,8,waxing,8,
2050-07-03,2050,2593,星期日,wan_phra,泰國佛日,วันพระ,Wan Phra,thai-buddhist,ขึ้น 15 ค่ำ เดือน 8,8,15,waxing,15,
2050-07-11,2050,2593,星期一,wan_phra,泰國佛日,วันพระ,Wan Phra,thai-buddhist,แรม 8 ค่ำ เดือน 8,8,23,waning,8,
2050-07-18,2050,2593,星期一,wan_phra,泰國佛日,วันพระ,Wan Phra,thai-buddhist,แรม 15 ค่ำ เดือน 8,8,30,waning,15,
2050-07-26,2050,2593,星期二,wan_phra,泰國佛日,วันพระ,Wan Phra,thai-buddhist,ขึ้น 8 ค่ำ เดือน 88,88,8,waxing,8,
2050-08-02,2050,2593,星期二,wan_phra,泰國佛日,วันพระ,Wan Phra,thai-buddhist,ขึ้น 15 ค่ำ เดือน 88,88,15,waxing,15,
2050-08-03,2050,2593,星期三,khao_phansa,入雨安居,เข้าพรรษา,Khao Phansa,thai-buddhist-major,แรม 1 ค่ำ เดือน 88,88,16,waning,1,
2050-08-10,2050,2593,星期三,wan_phra,泰國佛日,วันพระ,Wan Phra,thai-buddhist,แรม 8 ค่ำ เดือน 88,88,23,waning,8,
2050-08-17,2050,2593,星期三,wan_phra,泰國佛日,วันพระ,Wan Phra,thai-buddhist,แรม 15 ค่ำ เดือน 88,88,30,waning,15,
2050-08-25,2050,2593,星期四,wan_phra,泰國佛日,วันพระ,Wan Phra,thai-buddhist,ขึ้น 8 ค่ำ เดือน 9,9,8,waxing,8,
2050-09-01,2050,2593,星期四,wan_phra,泰國佛日,วันพระ,Wan Phra,thai-buddhist,ขึ้น 15 ค่ำ เดือน 9,9,15,waxing,15,
2050-09-09,2050,2593,星期五,wan_phra,泰國佛日,วันพระ,Wan Phra,thai-buddhist,แรม 8 ค่ำ เดือน 9,9,23,waning,8,
2050-09-15,2050,2593,星期四,wan_phra,泰國佛日,วันพระ,Wan Phra,thai-buddhist,แรม 14 ค่ำ เดือน 9,9,29,waning,14,
2050-09-23,2050,2593,星期五,wan_phra,泰國佛日,วันพระ,Wan Phra,thai-buddhist,ขึ้น 8 ค่ำ เดือน 10,10,8,waxing,8,
2050-09-30,2050,2593,星期五,wan_phra,泰國佛日,วันพระ,Wan Phra,thai-buddhist,ขึ้น 15 ค่ำ เดือน 10,10,15,waxing,15,
2050-10-08,2050,2593,星期六,wan_phra,泰國佛日,วันพระ,Wan Phra,thai-buddhist,แรม 8 ค่ำ เดือน 10,10,23,waning,8,
2050-10-15,2050,2593,星期六,wan_phra,泰國佛日,วันพระ,Wan Phra,thai-buddhist,แรม 15 ค่ำ เดือน 10,10,30,waning,15,
2050-10-23,2050,2593,星期日,wan_phra,泰國佛日,วันพระ,Wan Phra,thai-buddhist,ขึ้น 8 ค่ำ เดือน 11,11,8,waxing,8,
2050-10-30,2050,2593,星期日,ok_phansa,出雨安居,ออกพรรษา,Ok Phansa,thai-buddhist-major,ขึ้น 15 ค่ำ เดือน 11,11,15,waxing,15,
2050-10-30,2050,2593,星期日,wan_phra,泰國佛日,วันพระ,Wan Phra,thai-buddhist,ขึ้น 15 ค่ำ เดือน 11,11,15,waxing,15,
2050-11-07,2050,2593,星期一,wan_phra,泰國佛日,วันพระ,Wan Phra,thai-buddhist,แรม 8 ค่ำ เดือน 11,11,23,waning,8,
2050-11-13,2050,2593,星期日,wan_phra,泰國佛日,วันพระ,Wan Phra,thai-buddhist,แรม 14 ค่ำ เดือน 11,11,29,waning,14,
2050-11-21,2050,2593,星期一,wan_phra,泰國佛日,วันพระ,Wan Phra,thai-buddhist,ขึ้น 8 ค่ำ เดือน 12,12,8,waxing,8,
2050-11-28,2050,2593,星期一,wan_phra,泰國佛日,วันพระ,Wan Phra,thai-buddhist,ขึ้น 15 ค่ำ เดือน 12,12,15,waxing,15,
2050-12-06,2050,2593,星期二,wan_phra,泰國佛日,วันพระ,Wan Phra,thai-buddhist,แรม 8 ค่ำ เดือน 12,12,23,waning,8,
2050-12-13,2050,2593,星期二,wan_phra,泰國佛日,วันพระ,Wan Phra,thai-buddhist,แรม 15 ค่ำ เดือน 12,12,30,waning,15,
2050-12-21,2050,2593,星期三,wan_phra,泰國佛日,วันพระ,Wan Phra,thai-buddhist,ขึ้น 8 ค่ำ เดือน 1,1,8,waxing,8,
2050-12-28,2050,2593,星期三,wan_phra,泰國佛日,วันพระ,Wan Phra,thai-buddhist,ขึ้น 15 ค่ำ เดือน 1,1,15,waxing,15,
2051-01-05,2051,2594,星期四,wan_phra,泰國佛日,วันพระ,Wan Phra,thai-buddhist,แรม 8 ค่ำ เดือน 1,1,23,waning,8,
2051-01-11,2051,2594,星期三,wan_phra,泰國佛日,วันพระ,Wan Phra,thai-buddhist,แรม 14 ค่ำ เดือน 1,1,29,waning,14,
2051-01-19,2051,2594,星期四,wan_phra,泰國佛日,วันพระ,Wan Phra,thai-buddhist,ขึ้น 8 ค่ำ เดือน 2,2,8,waxing,8,
2051-01-26,2051,2594,星期四,wan_phra,泰國佛日,วันพระ,Wan Phra,thai-buddhist,ขึ้น 15 ค่ำ เดือน 2,2,15,waxing,15,
2051-02-03,2051,2594,星期五,wan_phra,泰國佛日,วันพระ,Wan Phra,thai-buddhist,แรม 8 ค่ำ เดือน 2,2,23,waning,8,
2051-02-10,2051,2594,星期五,wan_phra,泰國佛日,วันพระ,Wan Phra,thai-buddhist,แรม 15 ค่ำ เดือน 2,2,30,waning,15,
2051-02-18,2051,2594,星期六,wan_phra,泰國佛日,วันพระ,Wan Phra,thai-buddhist,ขึ้น 8 ค่ำ เดือน 3,3,8,waxing,8,
2051-02-25,2051,2594,星期六,makha_bucha,萬佛節,มาฆบูชา,Makha Bucha,thai-buddhist-major,ขึ้น 15 ค่ำ เดือน 3,3,15,waxing,15,
2051-02-25,2051,2594,星期六,wan_phra,泰國佛日,วันพระ,Wan Phra,thai-buddhist,ขึ้น 15 ค่ำ เดือน 3,3,15,waxing,15,
2051-03-05,2051,2594,星期日,wan_phra,泰國佛日,วันพระ,Wan Phra,thai-buddhist,แรม 8 ค่ำ เดือน 3,3,23,waning,8,
2051-03-11,2051,2594,星期六,wan_phra,泰國佛日,วันพระ,Wan Phra,thai-buddhist,แรม 14 ค่ำ เดือน 3,3,29,waning,14,
2051-03-19,2051,2594,星期日,wan_phra,泰國佛日,วันพระ,Wan Phra,thai-buddhist,ขึ้น 8 ค่ำ เดือน 4,4,8,waxing,8,
2051-03-26,2051,2594,星期日,wan_phra,泰國佛日,วันพระ,Wan Phra,thai-buddhist,ขึ้น 15 ค่ำ เดือน 4,4,15,waxing,15,
2051-04-03,2051,2594,星期一,wan_phra,泰國佛日,วันพระ,Wan Phra,thai-buddhist,แรม 8 ค่ำ เดือน 4,4,23,waning,8,
2051-04-10,2051,2594,星期一,wan_phra,泰國佛日,วันพระ,Wan Phra,thai-buddhist,แรม 15 ค่ำ เดือน 4,4,30,waning,15,
2051-04-15,2051,2594,星期六,sao_ha_candidate,騷哈日候選 / 稍哈日候選,เสาร์ 5,Sao Ha candidate,thai-amulet-auspicious-day,ขึ้น 5 ค่ำ เดือน 5,5,5,waxing,5,按規則產生：星期六 + 泰國陰曆 5 月 + ขึ้น 5 ค่ำ 或 แรม 5 ค่ำ。未做人工作法會或高僧認定。
2051-04-18,2051,2594,星期二,wan_phra,泰國佛日,วันพระ,Wan Phra,thai-buddhist,ขึ้น 8 ค่ำ เดือน 5,5,8,waxing,8,
2051-04-25,2051,2594,星期二,wan_phra,泰國佛日,วันพระ,Wan Phra,thai-buddhist,ขึ้น 15 ค่ำ เดือน 5,5,15,waxing,15,
2051-05-03,2051,2594,星期三,wan_phra,泰國佛日,วันพระ,Wan Phra,thai-buddhist,แรม 8 ค่ำ เดือน 5,5,23,waning,8,
2051-05-09,2051,2594,星期二,wan_phra,泰國佛日,วันพระ,Wan Phra,thai-buddhist,แรม 14 ค่ำ เดือน 5,5,29,waning,14,
2051-05-17,2051,2594,星期三,wan_phra,泰國佛日,วันพระ,Wan Phra,thai-buddhist,ขึ้น 8 ค่ำ เดือน 6,6,8,waxing,8,
2051-05-24,2051,2594,星期三,visakha_bucha,衛塞節,วิสาขบูชา,Visakha Bucha,thai-buddhist-major,ขึ้น 15 ค่ำ เดือน 6,6,15,waxing,15,
2051-05-24,2051,2594,星期三,wan_phra,泰國佛日,วันพระ,Wan Phra,thai-buddhist,ขึ้น 15 ค่ำ เดือน 6,6,15,waxing,15,
2051-06-01,2051,2594,星期四,wan_phra,泰國佛日,วันพระ,Wan Phra,thai-buddhist,แรม 8 ค่ำ เดือน 6,6,23,waning,8,
2051-06-08,2051,2594,星期四,wan_phra,泰國佛日,วันพระ,Wan Phra,thai-buddhist,แรม 15 ค่ำ เดือน 6,6,30,waning,15,
2051-06-16,2051,2594,星期五,wan_phra,泰國佛日,วันพระ,Wan Phra,thai-buddhist,ขึ้น 8 ค่ำ เดือน 7,7,8,waxing,8,
2051-06-23,2051,2594,星期五,wan_phra,泰國佛日,วันพระ,Wan Phra,thai-buddhist,ขึ้น 15 ค่ำ เดือน 7,7,15,waxing,15,
2051-07-01,2051,2594,星期六,wan_phra,泰國佛日,วันพระ,Wan Phra,thai-buddhist,แรม 8 ค่ำ เดือน 7,7,23,waning,8,
2051-07-08,2051,2594,星期六,wan_phra,泰國佛日,วันพระ,Wan Phra,thai-buddhist,แรม 15 ค่ำ เดือน 7,7,30,waning,15,
2051-07-16,2051,2594,星期日,wan_phra,泰國佛日,วันพระ,Wan Phra,thai-buddhist,ขึ้น 8 ค่ำ เดือน 8,8,8,waxing,8,
2051-07-23,2051,2594,星期日,wan_phra,泰國佛日,วันพระ,Wan Phra,thai-buddhist,ขึ้น 15 ค่ำ เดือน 8,8,15,waxing,15,
2051-07-24,2051,2594,星期一,khao_phansa,入雨安居,เข้าพรรษา,Khao Phansa,thai-buddhist-major,แรม 1 ค่ำ เดือน 8,8,16,waning,1,
2051-07-31,2051,2594,星期一,wan_phra,泰國佛日,วันพระ,Wan Phra,thai-buddhist,แรม 8 ค่ำ เดือน 8,8,23,waning,8,
2051-08-07,2051,2594,星期一,wan_phra,泰國佛日,วันพระ,Wan Phra,thai-buddhist,แรม 15 ค่ำ เดือน 8,8,30,waning,15,
2051-08-15,2051,2594,星期二,wan_phra,泰國佛日,วันพระ,Wan Phra,thai-buddhist,ขึ้น 8 ค่ำ เดือน 9,9,8,waxing,8,
2051-08-22,2051,2594,星期二,wan_phra,泰國佛日,วันพระ,Wan Phra,thai-buddhist,ขึ้น 15 ค่ำ เดือน 9,9,15,waxing,15,
2051-08-30,2051,2594,星期三,wan_phra,泰國佛日,วันพระ,Wan Phra,thai-buddhist,แรม 8 ค่ำ เดือน 9,9,23,waning,8,
2051-09-05,2051,2594,星期二,wan_phra,泰國佛日,วันพระ,Wan Phra,thai-buddhist,แรม 14 ค่ำ เดือน 9,9,29,waning,14,
2051-09-13,2051,2594,星期三,wan_phra,泰國佛日,วันพระ,Wan Phra,thai-buddhist,ขึ้น 8 ค่ำ เดือน 10,10,8,waxing,8,
2051-09-20,2051,2594,星期三,wan_phra,泰國佛日,วันพระ,Wan Phra,thai-buddhist,ขึ้น 15 ค่ำ เดือน 10,10,15,waxing,15,
2051-09-28,2051,2594,星期四,wan_phra,泰國佛日,วันพระ,Wan Phra,thai-buddhist,แรม 8 ค่ำ เดือน 10,10,23,waning,8,
2051-10-05,2051,2594,星期四,wan_phra,泰國佛日,วันพระ,Wan Phra,thai-buddhist,แรม 15 ค่ำ เดือน 10,10,30,waning,15,
2051-10-13,2051,2594,星期五,wan_phra,泰國佛日,วันพระ,Wan Phra,thai-buddhist,ขึ้น 8 ค่ำ เดือน 11,11,8,waxing,8,
2051-10-20,2051,2594,星期五,ok_phansa,出雨安居,ออกพรรษา,Ok Phansa,thai-buddhist-major,ขึ้น 15 ค่ำ เดือน 11,11,15,waxing,15,
2051-10-20,2051,2594,星期五,wan_phra,泰國佛日,วันพระ,Wan Phra,thai-buddhist,ขึ้น 15 ค่ำ เดือน 11,11,15,waxing,15,
2051-10-28,2051,2594,星期六,wan_phra,泰國佛日,วันพระ,Wan Phra,thai-buddhist,แรม 8 ค่ำ เดือน 11,11,23,waning,8,
2051-11-03,2051,2594,星期五,wan_phra,泰國佛日,วันพระ,Wan Phra,thai-buddhist,แรม 14 ค่ำ เดือน 11,11,29,waning,14,
2051-11-11,2051,2594,星期六,wan_phra,泰國佛日,วันพระ,Wan Phra,thai-buddhist,ขึ้น 8 ค่ำ เดือน 12,12,8,waxing,8,
2051-11-18,2051,2594,星期六,wan_phra,泰國佛日,วันพระ,Wan Phra,thai-buddhist,ขึ้น 15 ค่ำ เดือน 12,12,15,waxing,15,
2051-11-26,2051,2594,星期日,wan_phra,泰國佛日,วันพระ,Wan Phra,thai-buddhist,แรม 8 ค่ำ เดือน 12,12,23,waning,8,
2051-12-03,2051,2594,星期日,wan_phra,泰國佛日,วันพระ,Wan Phra,thai-buddhist,แรม 15 ค่ำ เดือน 12,12,30,waning,15,
2051-12-11,2051,2594,星期一,wan_phra,泰國佛日,วันพระ,Wan Phra,thai-buddhist,ขึ้น 8 ค่ำ เดือน 1,1,8,waxing,8,
2051-12-18,2051,2594,星期一,wan_phra,泰國佛日,วันพระ,Wan Phra,thai-buddhist,ขึ้น 15 ค่ำ เดือน 1,1,15,waxing,15,
2051-12-26,2051,2594,星期二,wan_phra,泰國佛日,วันพระ,Wan Phra,thai-buddhist,แรม 8 ค่ำ เดือน 1,1,23,waning,8,
2052-01-01,2052,2595,星期一,wan_phra,泰國佛日,วันพระ,Wan Phra,thai-buddhist,แรม 14 ค่ำ เดือน 1,1,29,waning,14,
2052-01-09,2052,2595,星期二,wan_phra,泰國佛日,วันพระ,Wan Phra,thai-buddhist,ขึ้น 8 ค่ำ เดือน 2,2,8,waxing,8,
2052-01-16,2052,2595,星期二,wan_phra,泰國佛日,วันพระ,Wan Phra,thai-buddhist,ขึ้น 15 ค่ำ เดือน 2,2,15,waxing,15,
2052-01-24,2052,2595,星期三,wan_phra,泰國佛日,วันพระ,Wan Phra,thai-buddhist,แรม 8 ค่ำ เดือน 2,2,23,waning,8,
2052-01-31,2052,2595,星期三,wan_phra,泰國佛日,วันพระ,Wan Phra,thai-buddhist,แรม 15 ค่ำ เดือน 2,2,30,waning,15,
2052-02-08,2052,2595,星期四,wan_phra,泰國佛日,วันพระ,Wan Phra,thai-buddhist,ขึ้น 8 ค่ำ เดือน 3,3,8,waxing,8,
2052-02-15,2052,2595,星期四,makha_bucha,萬佛節,มาฆบูชา,Makha Bucha,thai-buddhist-major,ขึ้น 15 ค่ำ เดือน 3,3,15,waxing,15,
2052-02-15,2052,2595,星期四,wan_phra,泰國佛日,วันพระ,Wan Phra,thai-buddhist,ขึ้น 15 ค่ำ เดือน 3,3,15,waxing,15,
2052-02-23,2052,2595,星期五,wan_phra,泰國佛日,วันพระ,Wan Phra,thai-buddhist,แรม 8 ค่ำ เดือน 3,3,23,waning,8,
2052-02-29,2052,2595,星期四,wan_phra,泰國佛日,วันพระ,Wan Phra,thai-buddhist,แรม 14 ค่ำ เดือน 3,3,29,waning,14,
2052-03-08,2052,2595,星期五,wan_phra,泰國佛日,วันพระ,Wan Phra,thai-buddhist,ขึ้น 8 ค่ำ เดือน 4,4,8,waxing,8,
2052-03-15,2052,2595,星期五,wan_phra,泰國佛日,วันพระ,Wan Phra,thai-buddhist,ขึ้น 15 ค่ำ เดือน 4,4,15,waxing,15,
2052-03-23,2052,2595,星期六,wan_phra,泰國佛日,วันพระ,Wan Phra,thai-buddhist,แรม 8 ค่ำ เดือน 4,4,23,waning,8,
2052-03-30,2052,2595,星期六,wan_phra,泰國佛日,วันพระ,Wan Phra,thai-buddhist,แรม 15 ค่ำ เดือน 4,4,30,waning,15,
2052-04-07,2052,2595,星期日,wan_phra,泰國佛日,วันพระ,Wan Phra,thai-buddhist,ขึ้น 8 ค่ำ เดือน 5,5,8,waxing,8,
2052-04-14,2052,2595,星期日,wan_phra,泰國佛日,วันพระ,Wan Phra,thai-buddhist,ขึ้น 15 ค่ำ เดือน 5,5,15,waxing,15,
2052-04-22,2052,2595,星期一,wan_phra,泰國佛日,วันพระ,Wan Phra,thai-buddhist,แรม 8 ค่ำ เดือน 5,5,23,waning,8,
2052-04-28,2052,2595,星期日,wan_phra,泰國佛日,วันพระ,Wan Phra,thai-buddhist,แรม 14 ค่ำ เดือน 5,5,29,waning,14,
2052-05-06,2052,2595,星期一,wan_phra,泰國佛日,วันพระ,Wan Phra,thai-buddhist,ขึ้น 8 ค่ำ เดือน 6,6,8,waxing,8,
2052-05-13,2052,2595,星期一,visakha_bucha,衛塞節,วิสาขบูชา,Visakha Bucha,thai-buddhist-major,ขึ้น 15 ค่ำ เดือน 6,6,15,waxing,15,
2052-05-13,2052,2595,星期一,wan_phra,泰國佛日,วันพระ,Wan Phra,thai-buddhist,ขึ้น 15 ค่ำ เดือน 6,6,15,waxing,15,
2052-05-21,2052,2595,星期二,wan_phra,泰國佛日,วันพระ,Wan Phra,thai-buddhist,แรม 8 ค่ำ เดือน 6,6,23,waning,8,
2052-05-28,2052,2595,星期二,wan_phra,泰國佛日,วันพระ,Wan Phra,thai-buddhist,แรม 15 ค่ำ เดือน 6,6,30,waning,15,
2052-06-05,2052,2595,星期三,wan_phra,泰國佛日,วันพระ,Wan Phra,thai-buddhist,ขึ้น 8 ค่ำ เดือน 7,7,8,waxing,8,
2052-06-12,2052,2595,星期三,wan_phra,泰國佛日,วันพระ,Wan Phra,thai-buddhist,ขึ้น 15 ค่ำ เดือน 7,7,15,waxing,15,
2052-06-20,2052,2595,星期四,wan_phra,泰國佛日,วันพระ,Wan Phra,thai-buddhist,แรม 8 ค่ำ เดือน 7,7,23,waning,8,
2052-06-26,2052,2595,星期三,wan_phra,泰國佛日,วันพระ,Wan Phra,thai-buddhist,แรม 14 ค่ำ เดือน 7,7,29,waning,14,
2052-07-04,2052,2595,星期四,wan_phra,泰國佛日,วันพระ,Wan Phra,thai-buddhist,ขึ้น 8 ค่ำ เดือน 8,8,8,waxing,8,
2052-07-11,2052,2595,星期四,wan_phra,泰國佛日,วันพระ,Wan Phra,thai-buddhist,ขึ้น 15 ค่ำ เดือน 8,8,15,waxing,15,
2052-07-12,2052,2595,星期五,khao_phansa,入雨安居,เข้าพรรษา,Khao Phansa,thai-buddhist-major,แรม 1 ค่ำ เดือน 8,8,16,waning,1,
2052-07-19,2052,2595,星期五,wan_phra,泰國佛日,วันพระ,Wan Phra,thai-buddhist,แรม 8 ค่ำ เดือน 8,8,23,waning,8,
2052-07-26,2052,2595,星期五,wan_phra,泰國佛日,วันพระ,Wan Phra,thai-buddhist,แรม 15 ค่ำ เดือน 8,8,30,waning,15,
2052-08-03,2052,2595,星期六,wan_phra,泰國佛日,วันพระ,Wan Phra,thai-buddhist,ขึ้น 8 ค่ำ เดือน 9,9,8,waxing,8,
2052-08-10,2052,2595,星期六,wan_phra,泰國佛日,วันพระ,Wan Phra,thai-buddhist,ขึ้น 15 ค่ำ เดือน 9,9,15,waxing,15,
2052-08-18,2052,2595,星期日,wan_phra,泰國佛日,วันพระ,Wan Phra,thai-buddhist,แรม 8 ค่ำ เดือน 9,9,23,waning,8,
2052-08-24,2052,2595,星期六,wan_phra,泰國佛日,วันพระ,Wan Phra,thai-buddhist,แรม 14 ค่ำ เดือน 9,9,29,waning,14,
2052-09-01,2052,2595,星期日,wan_phra,泰國佛日,วันพระ,Wan Phra,thai-buddhist,ขึ้น 8 ค่ำ เดือน 10,10,8,waxing,8,
2052-09-08,2052,2595,星期日,wan_phra,泰國佛日,วันพระ,Wan Phra,thai-buddhist,ขึ้น 15 ค่ำ เดือน 10,10,15,waxing,15,
2052-09-16,2052,2595,星期一,wan_phra,泰國佛日,วันพระ,Wan Phra,thai-buddhist,แรม 8 ค่ำ เดือน 10,10,23,waning,8,
2052-09-23,2052,2595,星期一,wan_phra,泰國佛日,วันพระ,Wan Phra,thai-buddhist,แรม 15 ค่ำ เดือน 10,10,30,waning,15,
2052-10-01,2052,2595,星期二,wan_phra,泰國佛日,วันพระ,Wan Phra,thai-buddhist,ขึ้น 8 ค่ำ เดือน 11,11,8,waxing,8,
2052-10-08,2052,2595,星期二,ok_phansa,出雨安居,ออกพรรษา,Ok Phansa,thai-buddhist-major,ขึ้น 15 ค่ำ เดือน 11,11,15,waxing,15,
2052-10-08,2052,2595,星期二,wan_phra,泰國佛日,วันพระ,Wan Phra,thai-buddhist,ขึ้น 15 ค่ำ เดือน 11,11,15,waxing,15,
2052-10-16,2052,2595,星期三,wan_phra,泰國佛日,วันพระ,Wan Phra,thai-buddhist,แรม 8 ค่ำ เดือน 11,11,23,waning,8,
2052-10-22,2052,2595,星期二,wan_phra,泰國佛日,วันพระ,Wan Phra,thai-buddhist,แรม 14 ค่ำ เดือน 11,11,29,waning,14,
2052-10-30,2052,2595,星期三,wan_phra,泰國佛日,วันพระ,Wan Phra,thai-buddhist,ขึ้น 8 ค่ำ เดือน 12,12,8,waxing,8,
2052-11-06,2052,2595,星期三,wan_phra,泰國佛日,วันพระ,Wan Phra,thai-buddhist,ขึ้น 15 ค่ำ เดือน 12,12,15,waxing,15,
2052-11-14,2052,2595,星期四,wan_phra,泰國佛日,วันพระ,Wan Phra,thai-buddhist,แรม 8 ค่ำ เดือน 12,12,23,waning,8,
2052-11-21,2052,2595,星期四,wan_phra,泰國佛日,วันพระ,Wan Phra,thai-buddhist,แรม 15 ค่ำ เดือน 12,12,30,waning,15,
2052-11-29,2052,2595,星期五,wan_phra,泰國佛日,วันพระ,Wan Phra,thai-buddhist,ขึ้น 8 ค่ำ เดือน 1,1,8,waxing,8,
2052-12-06,2052,2595,星期五,wan_phra,泰國佛日,วันพระ,Wan Phra,thai-buddhist,ขึ้น 15 ค่ำ เดือน 1,1,15,waxing,15,
2052-12-14,2052,2595,星期六,wan_phra,泰國佛日,วันพระ,Wan Phra,thai-buddhist,แรม 8 ค่ำ เดือน 1,1,23,waning,8,
2052-12-20,2052,2595,星期五,wan_phra,泰國佛日,วันพระ,Wan Phra,thai-buddhist,แรม 14 ค่ำ เดือน 1,1,29,waning,14,
2052-12-28,2052,2595,星期六,wan_phra,泰國佛日,วันพระ,Wan Phra,thai-buddhist,ขึ้น 8 ค่ำ เดือน 2,2,8,waxing,8,
2053-01-04,2053,2596,星期六,wan_phra,泰國佛日,วันพระ,Wan Phra,thai-buddhist,ขึ้น 15 ค่ำ เดือน 2,2,15,waxing,15,
2053-01-12,2053,2596,星期日,wan_phra,泰國佛日,วันพระ,Wan Phra,thai-buddhist,แรม 8 ค่ำ เดือน 2,2,23,waning,8,
2053-01-19,2053,2596,星期日,wan_phra,泰國佛日,วันพระ,Wan Phra,thai-buddhist,แรม 15 ค่ำ เดือน 2,2,30,waning,15,
2053-01-27,2053,2596,星期一,wan_phra,泰國佛日,วันพระ,Wan Phra,thai-buddhist,ขึ้น 8 ค่ำ เดือน 3,3,8,waxing,8,
2053-02-03,2053,2596,星期一,wan_phra,泰國佛日,วันพระ,Wan Phra,thai-buddhist,ขึ้น 15 ค่ำ เดือน 3,3,15,waxing,15,
2053-02-11,2053,2596,星期二,wan_phra,泰國佛日,วันพระ,Wan Phra,thai-buddhist,แรม 8 ค่ำ เดือน 3,3,23,waning,8,
2053-02-17,2053,2596,星期一,wan_phra,泰國佛日,วันพระ,Wan Phra,thai-buddhist,แรม 14 ค่ำ เดือน 3,3,29,waning,14,
2053-02-25,2053,2596,星期二,wan_phra,泰國佛日,วันพระ,Wan Phra,thai-buddhist,ขึ้น 8 ค่ำ เดือน 4,4,8,waxing,8,
2053-03-04,2053,2596,星期二,makha_bucha,萬佛節,มาฆบูชา,Makha Bucha,thai-buddhist-major,ขึ้น 15 ค่ำ เดือน 4,4,15,waxing,15,
2053-03-04,2053,2596,星期二,wan_phra,泰國佛日,วันพระ,Wan Phra,thai-buddhist,ขึ้น 15 ค่ำ เดือน 4,4,15,waxing,15,
2053-03-12,2053,2596,星期三,wan_phra,泰國佛日,วันพระ,Wan Phra,thai-buddhist,แรม 8 ค่ำ เดือน 4,4,23,waning,8,
2053-03-19,2053,2596,星期三,wan_phra,泰國佛日,วันพระ,Wan Phra,thai-buddhist,แรม 15 ค่ำ เดือน 4,4,30,waning,15,
2053-03-27,2053,2596,星期四,wan_phra,泰國佛日,วันพระ,Wan Phra,thai-buddhist,ขึ้น 8 ค่ำ เดือน 5,5,8,waxing,8,
2053-04-03,2053,2596,星期四,wan_phra,泰國佛日,วันพระ,Wan Phra,thai-buddhist,ขึ้น 15 ค่ำ เดือน 5,5,15,waxing,15,
2053-04-11,2053,2596,星期五,wan_phra,泰國佛日,วันพระ,Wan Phra,thai-buddhist,แรม 8 ค่ำ เดือน 5,5,23,waning,8,
2053-04-17,2053,2596,星期四,wan_phra,泰國佛日,วันพระ,Wan Phra,thai-buddhist,แรม 14 ค่ำ เดือน 5,5,29,waning,14,
2053-04-25,2053,2596,星期五,wan_phra,泰國佛日,วันพระ,Wan Phra,thai-buddhist,ขึ้น 8 ค่ำ เดือน 6,6,8,waxing,8,
2053-05-02,2053,2596,星期五,wan_phra,泰國佛日,วันพระ,Wan Phra,thai-buddhist,ขึ้น 15 ค่ำ เดือน 6,6,15,waxing,15,
2053-05-10,2053,2596,星期六,wan_phra,泰國佛日,วันพระ,Wan Phra,thai-buddhist,แรม 8 ค่ำ เดือน 6,6,23,waning,8,
2053-05-17,2053,2596,星期六,wan_phra,泰國佛日,วันพระ,Wan Phra,thai-buddhist,แรม 15 ค่ำ เดือน 6,6,30,waning,15,
2053-05-25,2053,2596,星期日,wan_phra,泰國佛日,วันพระ,Wan Phra,thai-buddhist,ขึ้น 8 ค่ำ เดือน 7,7,8,waxing,8,
2053-06-01,2053,2596,星期日,visakha_bucha,衛塞節,วิสาขบูชา,Visakha Bucha,thai-buddhist-major,ขึ้น 15 ค่ำ เดือน 7,7,15,waxing,15,
2053-06-01,2053,2596,星期日,wan_phra,泰國佛日,วันพระ,Wan Phra,thai-buddhist,ขึ้น 15 ค่ำ เดือน 7,7,15,waxing,15,
2053-06-09,2053,2596,星期一,wan_phra,泰國佛日,วันพระ,Wan Phra,thai-buddhist,แรม 8 ค่ำ เดือน 7,7,23,waning,8,
2053-06-15,2053,2596,星期日,wan_phra,泰國佛日,วันพระ,Wan Phra,thai-buddhist,แรม 14 ค่ำ เดือน 7,7,29,waning,14,
2053-06-23,2053,2596,星期一,wan_phra,泰國佛日,วันพระ,Wan Phra,thai-buddhist,ขึ้น 8 ค่ำ เดือน 8,8,8,waxing,8,
2053-06-30,2053,2596,星期一,wan_phra,泰國佛日,วันพระ,Wan Phra,thai-buddhist,ขึ้น 15 ค่ำ เดือน 8,8,15,waxing,15,
2053-07-08,2053,2596,星期二,wan_phra,泰國佛日,วันพระ,Wan Phra,thai-buddhist,แรม 8 ค่ำ เดือน 8,8,23,waning,8,
2053-07-15,2053,2596,星期二,wan_phra,泰國佛日,วันพระ,Wan Phra,thai-buddhist,แรม 15 ค่ำ เดือน 8,8,30,waning,15,
2053-07-23,2053,2596,星期三,wan_phra,泰國佛日,วันพระ,Wan Phra,thai-buddhist,ขึ้น 8 ค่ำ เดือน 88,88,8,waxing,8,
2053-07-30,2053,2596,星期三,wan_phra,泰國佛日,วันพระ,Wan Phra,thai-buddhist,ขึ้น 15 ค่ำ เดือน 88,88,15,waxing,15,
2053-07-31,2053,2596,星期四,khao_phansa,入雨安居,เข้าพรรษา,Khao Phansa,thai-buddhist-major,แรม 1 ค่ำ เดือน 88,88,16,waning,1,
2053-08-07,2053,2596,星期四,wan_phra,泰國佛日,วันพระ,Wan Phra,thai-buddhist,แรม 8 ค่ำ เดือน 88,88,23,waning,8,
2053-08-14,2053,2596,星期四,wan_phra,泰國佛日,วันพระ,Wan Phra,thai-buddhist,แรม 15 ค่ำ เดือน 88,88,30,waning,15,
2053-08-22,2053,2596,星期五,wan_phra,泰國佛日,วันพระ,Wan Phra,thai-buddhist,ขึ้น 8 ค่ำ เดือน 9,9,8,waxing,8,
2053-08-29,2053,2596,星期五,wan_phra,泰國佛日,วันพระ,Wan Phra,thai-buddhist,ขึ้น 15 ค่ำ เดือน 9,9,15,waxing,15,
2053-09-06,2053,2596,星期六,wan_phra,泰國佛日,วันพระ,Wan Phra,thai-buddhist,แรม 8 ค่ำ เดือน 9,9,23,waning,8,
2053-09-12,2053,2596,星期五,wan_phra,泰國佛日,วันพระ,Wan Phra,thai-buddhist,แรม 14 ค่ำ เดือน 9,9,29,waning,14,
2053-09-20,2053,2596,星期六,wan_phra,泰國佛日,วันพระ,Wan Phra,thai-buddhist,ขึ้น 8 ค่ำ เดือน 10,10,8,waxing,8,
2053-09-27,2053,2596,星期六,wan_phra,泰國佛日,วันพระ,Wan Phra,thai-buddhist,ขึ้น 15 ค่ำ เดือน 10,10,15,waxing,15,
2053-10-05,2053,2596,星期日,wan_phra,泰國佛日,วันพระ,Wan Phra,thai-buddhist,แรม 8 ค่ำ เดือน 10,10,23,waning,8,
2053-10-12,2053,2596,星期日,wan_phra,泰國佛日,วันพระ,Wan Phra,thai-buddhist,แรม 15 ค่ำ เดือน 10,10,30,waning,15,
2053-10-20,2053,2596,星期一,wan_phra,泰國佛日,วันพระ,Wan Phra,thai-buddhist,ขึ้น 8 ค่ำ เดือน 11,11,8,waxing,8,
2053-10-27,2053,2596,星期一,ok_phansa,出雨安居,ออกพรรษา,Ok Phansa,thai-buddhist-major,ขึ้น 15 ค่ำ เดือน 11,11,15,waxing,15,
2053-10-27,2053,2596,星期一,wan_phra,泰國佛日,วันพระ,Wan Phra,thai-buddhist,ขึ้น 15 ค่ำ เดือน 11,11,15,waxing,15,
2053-11-04,2053,2596,星期二,wan_phra,泰國佛日,วันพระ,Wan Phra,thai-buddhist,แรม 8 ค่ำ เดือน 11,11,23,waning,8,
2053-11-10,2053,2596,星期一,wan_phra,泰國佛日,วันพระ,Wan Phra,thai-buddhist,แรม 14 ค่ำ เดือน 11,11,29,waning,14,
2053-11-18,2053,2596,星期二,wan_phra,泰國佛日,วันพระ,Wan Phra,thai-buddhist,ขึ้น 8 ค่ำ เดือน 12,12,8,waxing,8,
2053-11-25,2053,2596,星期二,wan_phra,泰國佛日,วันพระ,Wan Phra,thai-buddhist,ขึ้น 15 ค่ำ เดือน 12,12,15,waxing,15,
2053-12-03,2053,2596,星期三,wan_phra,泰國佛日,วันพระ,Wan Phra,thai-buddhist,แรม 8 ค่ำ เดือน 12,12,23,waning,8,
2053-12-10,2053,2596,星期三,wan_phra,泰國佛日,วันพระ,Wan Phra,thai-buddhist,แรม 15 ค่ำ เดือน 12,12,30,waning,15,
2053-12-18,2053,2596,星期四,wan_phra,泰國佛日,วันพระ,Wan Phra,thai-buddhist,ขึ้น 8 ค่ำ เดือน 1,1,8,waxing,8,
2053-12-25,2053,2596,星期四,wan_phra,泰國佛日,วันพระ,Wan Phra,thai-buddhist,ขึ้น 15 ค่ำ เดือน 1,1,15,waxing,15,
2054-01-02,2054,2597,星期五,wan_phra,泰國佛日,วันพระ,Wan Phra,thai-buddhist,แรม 8 ค่ำ เดือน 1,1,23,waning,8,
2054-01-08,2054,2597,星期四,wan_phra,泰國佛日,วันพระ,Wan Phra,thai-buddhist,แรม 14 ค่ำ เดือน 1,1,29,waning,14,
2054-01-16,2054,2597,星期五,wan_phra,泰國佛日,วันพระ,Wan Phra,thai-buddhist,ขึ้น 8 ค่ำ เดือน 2,2,8,waxing,8,
2054-01-23,2054,2597,星期五,wan_phra,泰國佛日,วันพระ,Wan Phra,thai-buddhist,ขึ้น 15 ค่ำ เดือน 2,2,15,waxing,15,
2054-01-31,2054,2597,星期六,wan_phra,泰國佛日,วันพระ,Wan Phra,thai-buddhist,แรม 8 ค่ำ เดือน 2,2,23,waning,8,
2054-02-07,2054,2597,星期六,wan_phra,泰國佛日,วันพระ,Wan Phra,thai-buddhist,แรม 15 ค่ำ เดือน 2,2,30,waning,15,
2054-02-15,2054,2597,星期日,wan_phra,泰國佛日,วันพระ,Wan Phra,thai-buddhist,ขึ้น 8 ค่ำ เดือน 3,3,8,waxing,8,
2054-02-22,2054,2597,星期日,makha_bucha,萬佛節,มาฆบูชา,Makha Bucha,thai-buddhist-major,ขึ้น 15 ค่ำ เดือน 3,3,15,waxing,15,
2054-02-22,2054,2597,星期日,wan_phra,泰國佛日,วันพระ,Wan Phra,thai-buddhist,ขึ้น 15 ค่ำ เดือน 3,3,15,waxing,15,
2054-03-02,2054,2597,星期一,wan_phra,泰國佛日,วันพระ,Wan Phra,thai-buddhist,แรม 8 ค่ำ เดือน 3,3,23,waning,8,
2054-03-08,2054,2597,星期日,wan_phra,泰國佛日,วันพระ,Wan Phra,thai-buddhist,แรม 14 ค่ำ เดือน 3,3,29,waning,14,
2054-03-16,2054,2597,星期一,wan_phra,泰國佛日,วันพระ,Wan Phra,thai-buddhist,ขึ้น 8 ค่ำ เดือน 4,4,8,waxing,8,
2054-03-23,2054,2597,星期一,wan_phra,泰國佛日,วันพระ,Wan Phra,thai-buddhist,ขึ้น 15 ค่ำ เดือน 4,4,15,waxing,15,
2054-03-31,2054,2597,星期二,wan_phra,泰國佛日,วันพระ,Wan Phra,thai-buddhist,แรม 8 ค่ำ เดือน 4,4,23,waning,8,
2054-04-07,2054,2597,星期二,wan_phra,泰國佛日,วันพระ,Wan Phra,thai-buddhist,แรม 15 ค่ำ เดือน 4,4,30,waning,15,
2054-04-15,2054,2597,星期三,wan_phra,泰國佛日,วันพระ,Wan Phra,thai-buddhist,ขึ้น 8 ค่ำ เดือน 5,5,8,waxing,8,
2054-04-22,2054,2597,星期三,wan_phra,泰國佛日,วันพระ,Wan Phra,thai-buddhist,ขึ้น 15 ค่ำ เดือน 5,5,15,waxing,15,
2054-04-30,2054,2597,星期四,wan_phra,泰國佛日,วันพระ,Wan Phra,thai-buddhist,แรม 8 ค่ำ เดือน 5,5,23,waning,8,
2054-05-06,2054,2597,星期三,wan_phra,泰國佛日,วันพระ,Wan Phra,thai-buddhist,แรม 14 ค่ำ เดือน 5,5,29,waning,14,
2054-05-14,2054,2597,星期四,wan_phra,泰國佛日,วันพระ,Wan Phra,thai-buddhist,ขึ้น 8 ค่ำ เดือน 6,6,8,waxing,8,
2054-05-21,2054,2597,星期四,visakha_bucha,衛塞節,วิสาขบูชา,Visakha Bucha,thai-buddhist-major,ขึ้น 15 ค่ำ เดือน 6,6,15,waxing,15,
2054-05-21,2054,2597,星期四,wan_phra,泰國佛日,วันพระ,Wan Phra,thai-buddhist,ขึ้น 15 ค่ำ เดือน 6,6,15,waxing,15,
2054-05-29,2054,2597,星期五,wan_phra,泰國佛日,วันพระ,Wan Phra,thai-buddhist,แรม 8 ค่ำ เดือน 6,6,23,waning,8,
2054-06-05,2054,2597,星期五,wan_phra,泰國佛日,วันพระ,Wan Phra,thai-buddhist,แรม 15 ค่ำ เดือน 6,6,30,waning,15,
2054-06-13,2054,2597,星期六,wan_phra,泰國佛日,วันพระ,Wan Phra,thai-buddhist,ขึ้น 8 ค่ำ เดือน 7,7,8,waxing,8,
2054-06-20,2054,2597,星期六,wan_phra,泰國佛日,วันพระ,Wan Phra,thai-buddhist,ขึ้น 15 ค่ำ เดือน 7,7,15,waxing,15,
2054-06-28,2054,2597,星期日,wan_phra,泰國佛日,วันพระ,Wan Phra,thai-buddhist,แรม 8 ค่ำ เดือน 7,7,23,waning,8,
2054-07-04,2054,2597,星期六,wan_phra,泰國佛日,วันพระ,Wan Phra,thai-buddhist,แรม 14 ค่ำ เดือน 7,7,29,waning,14,
2054-07-12,2054,2597,星期日,wan_phra,泰國佛日,วันพระ,Wan Phra,thai-buddhist,ขึ้น 8 ค่ำ เดือน 8,8,8,waxing,8,
2054-07-19,2054,2597,星期日,wan_phra,泰國佛日,วันพระ,Wan Phra,thai-buddhist,ขึ้น 15 ค่ำ เดือน 8,8,15,waxing,15,
2054-07-20,2054,2597,星期一,khao_phansa,入雨安居,เข้าพรรษา,Khao Phansa,thai-buddhist-major,แรม 1 ค่ำ เดือน 8,8,16,waning,1,
2054-07-27,2054,2597,星期一,wan_phra,泰國佛日,วันพระ,Wan Phra,thai-buddhist,แรม 8 ค่ำ เดือน 8,8,23,waning,8,
2054-08-03,2054,2597,星期一,wan_phra,泰國佛日,วันพระ,Wan Phra,thai-buddhist,แรม 15 ค่ำ เดือน 8,8,30,waning,15,
2054-08-11,2054,2597,星期二,wan_phra,泰國佛日,วันพระ,Wan Phra,thai-buddhist,ขึ้น 8 ค่ำ เดือน 9,9,8,waxing,8,
2054-08-18,2054,2597,星期二,wan_phra,泰國佛日,วันพระ,Wan Phra,thai-buddhist,ขึ้น 15 ค่ำ เดือน 9,9,15,waxing,15,
2054-08-26,2054,2597,星期三,wan_phra,泰國佛日,วันพระ,Wan Phra,thai-buddhist,แรม 8 ค่ำ เดือน 9,9,23,waning,8,
2054-09-01,2054,2597,星期二,wan_phra,泰國佛日,วันพระ,Wan Phra,thai-buddhist,แรม 14 ค่ำ เดือน 9,9,29,waning,14,
2054-09-09,2054,2597,星期三,wan_phra,泰國佛日,วันพระ,Wan Phra,thai-buddhist,ขึ้น 8 ค่ำ เดือน 10,10,8,waxing,8,
2054-09-16,2054,2597,星期三,wan_phra,泰國佛日,วันพระ,Wan Phra,thai-buddhist,ขึ้น 15 ค่ำ เดือน 10,10,15,waxing,15,
2054-09-24,2054,2597,星期四,wan_phra,泰國佛日,วันพระ,Wan Phra,thai-buddhist,แรม 8 ค่ำ เดือน 10,10,23,waning,8,
2054-10-01,2054,2597,星期四,wan_phra,泰國佛日,วันพระ,Wan Phra,thai-buddhist,แรม 15 ค่ำ เดือน 10,10,30,waning,15,
2054-10-09,2054,2597,星期五,wan_phra,泰國佛日,วันพระ,Wan Phra,thai-buddhist,ขึ้น 8 ค่ำ เดือน 11,11,8,waxing,8,
2054-10-16,2054,2597,星期五,ok_phansa,出雨安居,ออกพรรษา,Ok Phansa,thai-buddhist-major,ขึ้น 15 ค่ำ เดือน 11,11,15,waxing,15,
2054-10-16,2054,2597,星期五,wan_phra,泰國佛日,วันพระ,Wan Phra,thai-buddhist,ขึ้น 15 ค่ำ เดือน 11,11,15,waxing,15,
2054-10-24,2054,2597,星期六,wan_phra,泰國佛日,วันพระ,Wan Phra,thai-buddhist,แรม 8 ค่ำ เดือน 11,11,23,waning,8,
2054-10-30,2054,2597,星期五,wan_phra,泰國佛日,วันพระ,Wan Phra,thai-buddhist,แรม 14 ค่ำ เดือน 11,11,29,waning,14,
2054-11-07,2054,2597,星期六,wan_phra,泰國佛日,วันพระ,Wan Phra,thai-buddhist,ขึ้น 8 ค่ำ เดือน 12,12,8,waxing,8,
2054-11-14,2054,2597,星期六,wan_phra,泰國佛日,วันพระ,Wan Phra,thai-buddhist,ขึ้น 15 ค่ำ เดือน 12,12,15,waxing,15,
2054-11-22,2054,2597,星期日,wan_phra,泰國佛日,วันพระ,Wan Phra,thai-buddhist,แรม 8 ค่ำ เดือน 12,12,23,waning,8,
2054-11-29,2054,2597,星期日,wan_phra,泰國佛日,วันพระ,Wan Phra,thai-buddhist,แรม 15 ค่ำ เดือน 12,12,30,waning,15,
2054-12-07,2054,2597,星期一,wan_phra,泰國佛日,วันพระ,Wan Phra,thai-buddhist,ขึ้น 8 ค่ำ เดือน 1,1,8,waxing,8,
2054-12-14,2054,2597,星期一,wan_phra,泰國佛日,วันพระ,Wan Phra,thai-buddhist,ขึ้น 15 ค่ำ เดือน 1,1,15,waxing,15,
2054-12-22,2054,2597,星期二,wan_phra,泰國佛日,วันพระ,Wan Phra,thai-buddhist,แรม 8 ค่ำ เดือน 1,1,23,waning,8,
2054-12-28,2054,2597,星期一,wan_phra,泰國佛日,วันพระ,Wan Phra,thai-buddhist,แรม 14 ค่ำ เดือน 1,1,29,waning,14,
2055-01-05,2055,2598,星期二,wan_phra,泰國佛日,วันพระ,Wan Phra,thai-buddhist,ขึ้น 8 ค่ำ เดือน 2,2,8,waxing,8,
2055-01-12,2055,2598,星期二,wan_phra,泰國佛日,วันพระ,Wan Phra,thai-buddhist,ขึ้น 15 ค่ำ เดือน 2,2,15,waxing,15,
2055-01-20,2055,2598,星期三,wan_phra,泰國佛日,วันพระ,Wan Phra,thai-buddhist,แรม 8 ค่ำ เดือน 2,2,23,waning,8,
2055-01-27,2055,2598,星期三,wan_phra,泰國佛日,วันพระ,Wan Phra,thai-buddhist,แรม 15 ค่ำ เดือน 2,2,30,waning,15,
2055-02-04,2055,2598,星期四,wan_phra,泰國佛日,วันพระ,Wan Phra,thai-buddhist,ขึ้น 8 ค่ำ เดือน 3,3,8,waxing,8,
2055-02-11,2055,2598,星期四,makha_bucha,萬佛節,มาฆบูชา,Makha Bucha,thai-buddhist-major,ขึ้น 15 ค่ำ เดือน 3,3,15,waxing,15,
2055-02-11,2055,2598,星期四,wan_phra,泰國佛日,วันพระ,Wan Phra,thai-buddhist,ขึ้น 15 ค่ำ เดือน 3,3,15,waxing,15,
2055-02-19,2055,2598,星期五,wan_phra,泰國佛日,วันพระ,Wan Phra,thai-buddhist,แรม 8 ค่ำ เดือน 3,3,23,waning,8,
2055-02-25,2055,2598,星期四,wan_phra,泰國佛日,วันพระ,Wan Phra,thai-buddhist,แรม 14 ค่ำ เดือน 3,3,29,waning,14,
2055-03-05,2055,2598,星期五,wan_phra,泰國佛日,วันพระ,Wan Phra,thai-buddhist,ขึ้น 8 ค่ำ เดือน 4,4,8,waxing,8,
2055-03-12,2055,2598,星期五,wan_phra,泰國佛日,วันพระ,Wan Phra,thai-buddhist,ขึ้น 15 ค่ำ เดือน 4,4,15,waxing,15,
2055-03-20,2055,2598,星期六,wan_phra,泰國佛日,วันพระ,Wan Phra,thai-buddhist,แรม 8 ค่ำ เดือน 4,4,23,waning,8,
2055-03-27,2055,2598,星期六,wan_phra,泰國佛日,วันพระ,Wan Phra,thai-buddhist,แรม 15 ค่ำ เดือน 4,4,30,waning,15,
2055-04-04,2055,2598,星期日,wan_phra,泰國佛日,วันพระ,Wan Phra,thai-buddhist,ขึ้น 8 ค่ำ เดือน 5,5,8,waxing,8,
2055-04-11,2055,2598,星期日,wan_phra,泰國佛日,วันพระ,Wan Phra,thai-buddhist,ขึ้น 15 ค่ำ เดือน 5,5,15,waxing,15,
2055-04-19,2055,2598,星期一,wan_phra,泰國佛日,วันพระ,Wan Phra,thai-buddhist,แรม 8 ค่ำ เดือน 5,5,23,waning,8,
2055-04-25,2055,2598,星期日,wan_phra,泰國佛日,วันพระ,Wan Phra,thai-buddhist,แรม 14 ค่ำ เดือน 5,5,29,waning,14,
2055-05-03,2055,2598,星期一,wan_phra,泰國佛日,วันพระ,Wan Phra,thai-buddhist,ขึ้น 8 ค่ำ เดือน 6,6,8,waxing,8,
2055-05-10,2055,2598,星期一,visakha_bucha,衛塞節,วิสาขบูชา,Visakha Bucha,thai-buddhist-major,ขึ้น 15 ค่ำ เดือน 6,6,15,waxing,15,
2055-05-10,2055,2598,星期一,wan_phra,泰國佛日,วันพระ,Wan Phra,thai-buddhist,ขึ้น 15 ค่ำ เดือน 6,6,15,waxing,15,
2055-05-18,2055,2598,星期二,wan_phra,泰國佛日,วันพระ,Wan Phra,thai-buddhist,แรม 8 ค่ำ เดือน 6,6,23,waning,8,
2055-05-25,2055,2598,星期二,wan_phra,泰國佛日,วันพระ,Wan Phra,thai-buddhist,แรม 15 ค่ำ เดือน 6,6,30,waning,15,
2055-06-02,2055,2598,星期三,wan_phra,泰國佛日,วันพระ,Wan Phra,thai-buddhist,ขึ้น 8 ค่ำ เดือน 7,7,8,waxing,8,
2055-06-09,2055,2598,星期三,wan_phra,泰國佛日,วันพระ,Wan Phra,thai-buddhist,ขึ้น 15 ค่ำ เดือน 7,7,15,waxing,15,
2055-06-17,2055,2598,星期四,wan_phra,泰國佛日,วันพระ,Wan Phra,thai-buddhist,แรม 8 ค่ำ เดือน 7,7,23,waning,8,
2055-06-24,2055,2598,星期四,wan_phra,泰國佛日,วันพระ,Wan Phra,thai-buddhist,แรม 15 ค่ำ เดือน 7,7,30,waning,15,
2055-07-02,2055,2598,星期五,wan_phra,泰國佛日,วันพระ,Wan Phra,thai-buddhist,ขึ้น 8 ค่ำ เดือน 8,8,8,waxing,8,
2055-07-09,2055,2598,星期五,wan_phra,泰國佛日,วันพระ,Wan Phra,thai-buddhist,ขึ้น 15 ค่ำ เดือน 8,8,15,waxing,15,
2055-07-10,2055,2598,星期六,khao_phansa,入雨安居,เข้าพรรษา,Khao Phansa,thai-buddhist-major,แรม 1 ค่ำ เดือน 8,8,16,waning,1,
2055-07-17,2055,2598,星期六,wan_phra,泰國佛日,วันพระ,Wan Phra,thai-buddhist,แรม 8 ค่ำ เดือน 8,8,23,waning,8,
2055-07-24,2055,2598,星期六,wan_phra,泰國佛日,วันพระ,Wan Phra,thai-buddhist,แรม 15 ค่ำ เดือน 8,8,30,waning,15,
2055-08-01,2055,2598,星期日,wan_phra,泰國佛日,วันพระ,Wan Phra,thai-buddhist,ขึ้น 8 ค่ำ เดือน 9,9,8,waxing,8,
2055-08-08,2055,2598,星期日,wan_phra,泰國佛日,วันพระ,Wan Phra,thai-buddhist,ขึ้น 15 ค่ำ เดือน 9,9,15,waxing,15,
2055-08-16,2055,2598,星期一,wan_phra,泰國佛日,วันพระ,Wan Phra,thai-buddhist,แรม 8 ค่ำ เดือน 9,9,23,waning,8,
2055-08-22,2055,2598,星期日,wan_phra,泰國佛日,วันพระ,Wan Phra,thai-buddhist,แรม 14 ค่ำ เดือน 9,9,29,waning,14,
2055-08-30,2055,2598,星期一,wan_phra,泰國佛日,วันพระ,Wan Phra,thai-buddhist,ขึ้น 8 ค่ำ เดือน 10,10,8,waxing,8,
2055-09-06,2055,2598,星期一,wan_phra,泰國佛日,วันพระ,Wan Phra,thai-buddhist,ขึ้น 15 ค่ำ เดือน 10,10,15,waxing,15,
2055-09-14,2055,2598,星期二,wan_phra,泰國佛日,วันพระ,Wan Phra,thai-buddhist,แรม 8 ค่ำ เดือน 10,10,23,waning,8,
2055-09-21,2055,2598,星期二,wan_phra,泰國佛日,วันพระ,Wan Phra,thai-buddhist,แรม 15 ค่ำ เดือน 10,10,30,waning,15,
2055-09-29,2055,2598,星期三,wan_phra,泰國佛日,วันพระ,Wan Phra,thai-buddhist,ขึ้น 8 ค่ำ เดือน 11,11,8,waxing,8,
2055-10-06,2055,2598,星期三,ok_phansa,出雨安居,ออกพรรษา,Ok Phansa,thai-buddhist-major,ขึ้น 15 ค่ำ เดือน 11,11,15,waxing,15,
2055-10-06,2055,2598,星期三,wan_phra,泰國佛日,วันพระ,Wan Phra,thai-buddhist,ขึ้น 15 ค่ำ เดือน 11,11,15,waxing,15,
2055-10-14,2055,2598,星期四,wan_phra,泰國佛日,วันพระ,Wan Phra,thai-buddhist,แรม 8 ค่ำ เดือน 11,11,23,waning,8,
2055-10-20,2055,2598,星期三,wan_phra,泰國佛日,วันพระ,Wan Phra,thai-buddhist,แรม 14 ค่ำ เดือน 11,11,29,waning,14,
2055-10-28,2055,2598,星期四,wan_phra,泰國佛日,วันพระ,Wan Phra,thai-buddhist,ขึ้น 8 ค่ำ เดือน 12,12,8,waxing,8,
2055-11-04,2055,2598,星期四,wan_phra,泰國佛日,วันพระ,Wan Phra,thai-buddhist,ขึ้น 15 ค่ำ เดือน 12,12,15,waxing,15,
2055-11-12,2055,2598,星期五,wan_phra,泰國佛日,วันพระ,Wan Phra,thai-buddhist,แรม 8 ค่ำ เดือน 12,12,23,waning,8,
2055-11-19,2055,2598,星期五,wan_phra,泰國佛日,วันพระ,Wan Phra,thai-buddhist,แรม 15 ค่ำ เดือน 12,12,30,waning,15,
2055-11-27,2055,2598,星期六,wan_phra,泰國佛日,วันพระ,Wan Phra,thai-buddhist,ขึ้น 8 ค่ำ เดือน 1,1,8,waxing,8,
2055-12-04,2055,2598,星期六,wan_phra,泰國佛日,วันพระ,Wan Phra,thai-buddhist,ขึ้น 15 ค่ำ เดือน 1,1,15,waxing,15,
2055-12-12,2055,2598,星期日,wan_phra,泰國佛日,วันพระ,Wan Phra,thai-buddhist,แรม 8 ค่ำ เดือน 1,1,23,waning,8,
2055-12-18,2055,2598,星期六,wan_phra,泰國佛日,วันพระ,Wan Phra,thai-buddhist,แรม 14 ค่ำ เดือน 1,1,29,waning,14,
2055-12-26,2055,2598,星期日,wan_phra,泰國佛日,วันพระ,Wan Phra,thai-buddhist,ขึ้น 8 ค่ำ เดือน 2,2,8,waxing,8,
2056-01-02,2056,2599,星期日,wan_phra,泰國佛日,วันพระ,Wan Phra,thai-buddhist,ขึ้น 15 ค่ำ เดือน 2,2,15,waxing,15,
2056-01-10,2056,2599,星期一,wan_phra,泰國佛日,วันพระ,Wan Phra,thai-buddhist,แรม 8 ค่ำ เดือน 2,2,23,waning,8,
2056-01-17,2056,2599,星期一,wan_phra,泰國佛日,วันพระ,Wan Phra,thai-buddhist,แรม 15 ค่ำ เดือน 2,2,30,waning,15,
2056-01-25,2056,2599,星期二,wan_phra,泰國佛日,วันพระ,Wan Phra,thai-buddhist,ขึ้น 8 ค่ำ เดือน 3,3,8,waxing,8,
2056-02-01,2056,2599,星期二,wan_phra,泰國佛日,วันพระ,Wan Phra,thai-buddhist,ขึ้น 15 ค่ำ เดือน 3,3,15,waxing,15,
2056-02-09,2056,2599,星期三,wan_phra,泰國佛日,วันพระ,Wan Phra,thai-buddhist,แรม 8 ค่ำ เดือน 3,3,23,waning,8,
2056-02-15,2056,2599,星期二,wan_phra,泰國佛日,วันพระ,Wan Phra,thai-buddhist,แรม 14 ค่ำ เดือน 3,3,29,waning,14,
2056-02-23,2056,2599,星期三,wan_phra,泰國佛日,วันพระ,Wan Phra,thai-buddhist,ขึ้น 8 ค่ำ เดือน 4,4,8,waxing,8,
2056-03-01,2056,2599,星期三,makha_bucha,萬佛節,มาฆบูชา,Makha Bucha,thai-buddhist-major,ขึ้น 15 ค่ำ เดือน 4,4,15,waxing,15,
2056-03-01,2056,2599,星期三,wan_phra,泰國佛日,วันพระ,Wan Phra,thai-buddhist,ขึ้น 15 ค่ำ เดือน 4,4,15,waxing,15,
2056-03-09,2056,2599,星期四,wan_phra,泰國佛日,วันพระ,Wan Phra,thai-buddhist,แรม 8 ค่ำ เดือน 4,4,23,waning,8,
2056-03-16,2056,2599,星期四,wan_phra,泰國佛日,วันพระ,Wan Phra,thai-buddhist,แรม 15 ค่ำ เดือน 4,4,30,waning,15,
2056-03-24,2056,2599,星期五,wan_phra,泰國佛日,วันพระ,Wan Phra,thai-buddhist,ขึ้น 8 ค่ำ เดือน 5,5,8,waxing,8,
2056-03-31,2056,2599,星期五,wan_phra,泰國佛日,วันพระ,Wan Phra,thai-buddhist,ขึ้น 15 ค่ำ เดือน 5,5,15,waxing,15,
2056-04-08,2056,2599,星期六,wan_phra,泰國佛日,วันพระ,Wan Phra,thai-buddhist,แรม 8 ค่ำ เดือน 5,5,23,waning,8,
2056-04-14,2056,2599,星期五,wan_phra,泰國佛日,วันพระ,Wan Phra,thai-buddhist,แรม 14 ค่ำ เดือน 5,5,29,waning,14,
2056-04-22,2056,2599,星期六,wan_phra,泰國佛日,วันพระ,Wan Phra,thai-buddhist,ขึ้น 8 ค่ำ เดือน 6,6,8,waxing,8,
2056-04-29,2056,2599,星期六,wan_phra,泰國佛日,วันพระ,Wan Phra,thai-buddhist,ขึ้น 15 ค่ำ เดือน 6,6,15,waxing,15,
2056-05-07,2056,2599,星期日,wan_phra,泰國佛日,วันพระ,Wan Phra,thai-buddhist,แรม 8 ค่ำ เดือน 6,6,23,waning,8,
2056-05-14,2056,2599,星期日,wan_phra,泰國佛日,วันพระ,Wan Phra,thai-buddhist,แรม 15 ค่ำ เดือน 6,6,30,waning,15,
2056-05-22,2056,2599,星期一,wan_phra,泰國佛日,วันพระ,Wan Phra,thai-buddhist,ขึ้น 8 ค่ำ เดือน 7,7,8,waxing,8,
2056-05-29,2056,2599,星期一,visakha_bucha,衛塞節,วิสาขบูชา,Visakha Bucha,thai-buddhist-major,ขึ้น 15 ค่ำ เดือน 7,7,15,waxing,15,
2056-05-29,2056,2599,星期一,wan_phra,泰國佛日,วันพระ,Wan Phra,thai-buddhist,ขึ้น 15 ค่ำ เดือน 7,7,15,waxing,15,
2056-06-06,2056,2599,星期二,wan_phra,泰國佛日,วันพระ,Wan Phra,thai-buddhist,แรม 8 ค่ำ เดือน 7,7,23,waning,8,
2056-06-12,2056,2599,星期一,wan_phra,泰國佛日,วันพระ,Wan Phra,thai-buddhist,แรม 14 ค่ำ เดือน 7,7,29,waning,14,
2056-06-20,2056,2599,星期二,wan_phra,泰國佛日,วันพระ,Wan Phra,thai-buddhist,ขึ้น 8 ค่ำ เดือน 8,8,8,waxing,8,
2056-06-27,2056,2599,星期二,wan_phra,泰國佛日,วันพระ,Wan Phra,thai-buddhist,ขึ้น 15 ค่ำ เดือน 8,8,15,waxing,15,
2056-07-05,2056,2599,星期三,wan_phra,泰國佛日,วันพระ,Wan Phra,thai-buddhist,แรม 8 ค่ำ เดือน 8,8,23,waning,8,
2056-07-12,2056,2599,星期三,wan_phra,泰國佛日,วันพระ,Wan Phra,thai-buddhist,แรม 15 ค่ำ เดือน 8,8,30,waning,15,
2056-07-20,2056,2599,星期四,wan_phra,泰國佛日,วันพระ,Wan Phra,thai-buddhist,ขึ้น 8 ค่ำ เดือน 88,88,8,waxing,8,
2056-07-27,2056,2599,星期四,wan_phra,泰國佛日,วันพระ,Wan Phra,thai-buddhist,ขึ้น 15 ค่ำ เดือน 88,88,15,waxing,15,
2056-07-28,2056,2599,星期五,khao_phansa,入雨安居,เข้าพรรษา,Khao Phansa,thai-buddhist-major,แรม 1 ค่ำ เดือน 88,88,16,waning,1,
2056-08-04,2056,2599,星期五,wan_phra,泰國佛日,วันพระ,Wan Phra,thai-buddhist,แรม 8 ค่ำ เดือน 88,88,23,waning,8,
2056-08-11,2056,2599,星期五,wan_phra,泰國佛日,วันพระ,Wan Phra,thai-buddhist,แรม 15 ค่ำ เดือน 88,88,30,waning,15,
2056-08-19,2056,2599,星期六,wan_phra,泰國佛日,วันพระ,Wan Phra,thai-buddhist,ขึ้น 8 ค่ำ เดือน 9,9,8,waxing,8,
2056-08-26,2056,2599,星期六,wan_phra,泰國佛日,วันพระ,Wan Phra,thai-buddhist,ขึ้น 15 ค่ำ เดือน 9,9,15,waxing,15,
2056-09-03,2056,2599,星期日,wan_phra,泰國佛日,วันพระ,Wan Phra,thai-buddhist,แรม 8 ค่ำ เดือน 9,9,23,waning,8,
2056-09-09,2056,2599,星期六,wan_phra,泰國佛日,วันพระ,Wan Phra,thai-buddhist,แรม 14 ค่ำ เดือน 9,9,29,waning,14,
2056-09-17,2056,2599,星期日,wan_phra,泰國佛日,วันพระ,Wan Phra,thai-buddhist,ขึ้น 8 ค่ำ เดือน 10,10,8,waxing,8,
2056-09-24,2056,2599,星期日,wan_phra,泰國佛日,วันพระ,Wan Phra,thai-buddhist,ขึ้น 15 ค่ำ เดือน 10,10,15,waxing,15,
2056-10-02,2056,2599,星期一,wan_phra,泰國佛日,วันพระ,Wan Phra,thai-buddhist,แรม 8 ค่ำ เดือน 10,10,23,waning,8,
2056-10-09,2056,2599,星期一,wan_phra,泰國佛日,วันพระ,Wan Phra,thai-buddhist,แรม 15 ค่ำ เดือน 10,10,30,waning,15,
2056-10-17,2056,2599,星期二,wan_phra,泰國佛日,วันพระ,Wan Phra,thai-buddhist,ขึ้น 8 ค่ำ เดือน 11,11,8,waxing,8,
2056-10-24,2056,2599,星期二,ok_phansa,出雨安居,ออกพรรษา,Ok Phansa,thai-buddhist-major,ขึ้น 15 ค่ำ เดือน 11,11,15,waxing,15,
2056-10-24,2056,2599,星期二,wan_phra,泰國佛日,วันพระ,Wan Phra,thai-buddhist,ขึ้น 15 ค่ำ เดือน 11,11,15,waxing,15,
2056-11-01,2056,2599,星期三,wan_phra,泰國佛日,วันพระ,Wan Phra,thai-buddhist,แรม 8 ค่ำ เดือน 11,11,23,waning,8,
2056-11-07,2056,2599,星期二,wan_phra,泰國佛日,วันพระ,Wan Phra,thai-buddhist,แรม 14 ค่ำ เดือน 11,11,29,waning,14,
2056-11-15,2056,2599,星期三,wan_phra,泰國佛日,วันพระ,Wan Phra,thai-buddhist,ขึ้น 8 ค่ำ เดือน 12,12,8,waxing,8,
2056-11-22,2056,2599,星期三,wan_phra,泰國佛日,วันพระ,Wan Phra,thai-buddhist,ขึ้น 15 ค่ำ เดือน 12,12,15,waxing,15,
2056-11-30,2056,2599,星期四,wan_phra,泰國佛日,วันพระ,Wan Phra,thai-buddhist,แรม 8 ค่ำ เดือน 12,12,23,waning,8,
2056-12-07,2056,2599,星期四,wan_phra,泰國佛日,วันพระ,Wan Phra,thai-buddhist,แรม 15 ค่ำ เดือน 12,12,30,waning,15,
2056-12-15,2056,2599,星期五,wan_phra,泰國佛日,วันพระ,Wan Phra,thai-buddhist,ขึ้น 8 ค่ำ เดือน 1,1,8,waxing,8,
2056-12-22,2056,2599,星期五,wan_phra,泰國佛日,วันพระ,Wan Phra,thai-buddhist,ขึ้น 15 ค่ำ เดือน 1,1,15,waxing,15,
2056-12-30,2056,2599,星期六,wan_phra,泰國佛日,วันพระ,Wan Phra,thai-buddhist,แรม 8 ค่ำ เดือน 1,1,23,waning,8,
2057-01-05,2057,2600,星期五,wan_phra,泰國佛日,วันพระ,Wan Phra,thai-buddhist,แรม 14 ค่ำ เดือน 1,1,29,waning,14,
2057-01-13,2057,2600,星期六,wan_phra,泰國佛日,วันพระ,Wan Phra,thai-buddhist,ขึ้น 8 ค่ำ เดือน 2,2,8,waxing,8,
2057-01-20,2057,2600,星期六,wan_phra,泰國佛日,วันพระ,Wan Phra,thai-buddhist,ขึ้น 15 ค่ำ เดือน 2,2,15,waxing,15,
2057-01-28,2057,2600,星期日,wan_phra,泰國佛日,วันพระ,Wan Phra,thai-buddhist,แรม 8 ค่ำ เดือน 2,2,23,waning,8,
2057-02-04,2057,2600,星期日,wan_phra,泰國佛日,วันพระ,Wan Phra,thai-buddhist,แรม 15 ค่ำ เดือน 2,2,30,waning,15,
2057-02-12,2057,2600,星期一,wan_phra,泰國佛日,วันพระ,Wan Phra,thai-buddhist,ขึ้น 8 ค่ำ เดือน 3,3,8,waxing,8,
2057-02-19,2057,2600,星期一,makha_bucha,萬佛節,มาฆบูชา,Makha Bucha,thai-buddhist-major,ขึ้น 15 ค่ำ เดือน 3,3,15,waxing,15,
2057-02-19,2057,2600,星期一,wan_phra,泰國佛日,วันพระ,Wan Phra,thai-buddhist,ขึ้น 15 ค่ำ เดือน 3,3,15,waxing,15,
2057-02-27,2057,2600,星期二,wan_phra,泰國佛日,วันพระ,Wan Phra,thai-buddhist,แรม 8 ค่ำ เดือน 3,3,23,waning,8,
2057-03-05,2057,2600,星期一,wan_phra,泰國佛日,วันพระ,Wan Phra,thai-buddhist,แรม 14 ค่ำ เดือน 3,3,29,waning,14,
2057-03-13,2057,2600,星期二,wan_phra,泰國佛日,วันพระ,Wan Phra,thai-buddhist,ขึ้น 8 ค่ำ เดือน 4,4,8,waxing,8,
2057-03-20,2057,2600,星期二,wan_phra,泰國佛日,วันพระ,Wan Phra,thai-buddhist,ขึ้น 15 ค่ำ เดือน 4,4,15,waxing,15,
2057-03-28,2057,2600,星期三,wan_phra,泰國佛日,วันพระ,Wan Phra,thai-buddhist,แรม 8 ค่ำ เดือน 4,4,23,waning,8,
2057-04-04,2057,2600,星期三,wan_phra,泰國佛日,วันพระ,Wan Phra,thai-buddhist,แรม 15 ค่ำ เดือน 4,4,30,waning,15,
2057-04-12,2057,2600,星期四,wan_phra,泰國佛日,วันพระ,Wan Phra,thai-buddhist,ขึ้น 8 ค่ำ เดือน 5,5,8,waxing,8,
2057-04-19,2057,2600,星期四,wan_phra,泰國佛日,วันพระ,Wan Phra,thai-buddhist,ขึ้น 15 ค่ำ เดือน 5,5,15,waxing,15,
2057-04-27,2057,2600,星期五,wan_phra,泰國佛日,วันพระ,Wan Phra,thai-buddhist,แรม 8 ค่ำ เดือน 5,5,23,waning,8,
2057-05-03,2057,2600,星期四,wan_phra,泰國佛日,วันพระ,Wan Phra,thai-buddhist,แรม 14 ค่ำ เดือน 5,5,29,waning,14,
2057-05-11,2057,2600,星期五,wan_phra,泰國佛日,วันพระ,Wan Phra,thai-buddhist,ขึ้น 8 ค่ำ เดือน 6,6,8,waxing,8,
2057-05-18,2057,2600,星期五,visakha_bucha,衛塞節,วิสาขบูชา,Visakha Bucha,thai-buddhist-major,ขึ้น 15 ค่ำ เดือน 6,6,15,waxing,15,
2057-05-18,2057,2600,星期五,wan_phra,泰國佛日,วันพระ,Wan Phra,thai-buddhist,ขึ้น 15 ค่ำ เดือน 6,6,15,waxing,15,
2057-05-26,2057,2600,星期六,wan_phra,泰國佛日,วันพระ,Wan Phra,thai-buddhist,แรม 8 ค่ำ เดือน 6,6,23,waning,8,
2057-06-02,2057,2600,星期六,wan_phra,泰國佛日,วันพระ,Wan Phra,thai-buddhist,แรม 15 ค่ำ เดือน 6,6,30,waning,15,
2057-06-10,2057,2600,星期日,wan_phra,泰國佛日,วันพระ,Wan Phra,thai-buddhist,ขึ้น 8 ค่ำ เดือน 7,7,8,waxing,8,
2057-06-17,2057,2600,星期日,wan_phra,泰國佛日,วันพระ,Wan Phra,thai-buddhist,ขึ้น 15 ค่ำ เดือน 7,7,15,waxing,15,
2057-06-25,2057,2600,星期一,wan_phra,泰國佛日,วันพระ,Wan Phra,thai-buddhist,แรม 8 ค่ำ เดือน 7,7,23,waning,8,
2057-07-01,2057,2600,星期日,wan_phra,泰國佛日,วันพระ,Wan Phra,thai-buddhist,แรม 14 ค่ำ เดือน 7,7,29,waning,14,
2057-07-09,2057,2600,星期一,wan_phra,泰國佛日,วันพระ,Wan Phra,thai-buddhist,ขึ้น 8 ค่ำ เดือน 8,8,8,waxing,8,
2057-07-16,2057,2600,星期一,wan_phra,泰國佛日,วันพระ,Wan Phra,thai-buddhist,ขึ้น 15 ค่ำ เดือน 8,8,15,waxing,15,
2057-07-17,2057,2600,星期二,khao_phansa,入雨安居,เข้าพรรษา,Khao Phansa,thai-buddhist-major,แรม 1 ค่ำ เดือน 8,8,16,waning,1,
2057-07-24,2057,2600,星期二,wan_phra,泰國佛日,วันพระ,Wan Phra,thai-buddhist,แรม 8 ค่ำ เดือน 8,8,23,waning,8,
2057-07-31,2057,2600,星期二,wan_phra,泰國佛日,วันพระ,Wan Phra,thai-buddhist,แรม 15 ค่ำ เดือน 8,8,30,waning,15,
2057-08-08,2057,2600,星期三,wan_phra,泰國佛日,วันพระ,Wan Phra,thai-buddhist,ขึ้น 8 ค่ำ เดือน 9,9,8,waxing,8,
2057-08-15,2057,2600,星期三,wan_phra,泰國佛日,วันพระ,Wan Phra,thai-buddhist,ขึ้น 15 ค่ำ เดือน 9,9,15,waxing,15,
2057-08-23,2057,2600,星期四,wan_phra,泰國佛日,วันพระ,Wan Phra,thai-buddhist,แรม 8 ค่ำ เดือน 9,9,23,waning,8,
2057-08-29,2057,2600,星期三,wan_phra,泰國佛日,วันพระ,Wan Phra,thai-buddhist,แรม 14 ค่ำ เดือน 9,9,29,waning,14,
2057-09-06,2057,2600,星期四,wan_phra,泰國佛日,วันพระ,Wan Phra,thai-buddhist,ขึ้น 8 ค่ำ เดือน 10,10,8,waxing,8,
2057-09-13,2057,2600,星期四,wan_phra,泰國佛日,วันพระ,Wan Phra,thai-buddhist,ขึ้น 15 ค่ำ เดือน 10,10,15,waxing,15,
2057-09-21,2057,2600,星期五,wan_phra,泰國佛日,วันพระ,Wan Phra,thai-buddhist,แรม 8 ค่ำ เดือน 10,10,23,waning,8,
2057-09-28,2057,2600,星期五,wan_phra,泰國佛日,วันพระ,Wan Phra,thai-buddhist,แรม 15 ค่ำ เดือน 10,10,30,waning,15,
2057-10-06,2057,2600,星期六,wan_phra,泰國佛日,วันพระ,Wan Phra,thai-buddhist,ขึ้น 8 ค่ำ เดือน 11,11,8,waxing,8,
2057-10-13,2057,2600,星期六,ok_phansa,出雨安居,ออกพรรษา,Ok Phansa,thai-buddhist-major,ขึ้น 15 ค่ำ เดือน 11,11,15,waxing,15,
2057-10-13,2057,2600,星期六,wan_phra,泰國佛日,วันพระ,Wan Phra,thai-buddhist,ขึ้น 15 ค่ำ เดือน 11,11,15,waxing,15,
2057-10-21,2057,2600,星期日,wan_phra,泰國佛日,วันพระ,Wan Phra,thai-buddhist,แรม 8 ค่ำ เดือน 11,11,23,waning,8,
2057-10-27,2057,2600,星期六,wan_phra,泰國佛日,วันพระ,Wan Phra,thai-buddhist,แรม 14 ค่ำ เดือน 11,11,29,waning,14,
2057-11-04,2057,2600,星期日,wan_phra,泰國佛日,วันพระ,Wan Phra,thai-buddhist,ขึ้น 8 ค่ำ เดือน 12,12,8,waxing,8,
2057-11-11,2057,2600,星期日,wan_phra,泰國佛日,วันพระ,Wan Phra,thai-buddhist,ขึ้น 15 ค่ำ เดือน 12,12,15,waxing,15,
2057-11-19,2057,2600,星期一,wan_phra,泰國佛日,วันพระ,Wan Phra,thai-buddhist,แรม 8 ค่ำ เดือน 12,12,23,waning,8,
2057-11-26,2057,2600,星期一,wan_phra,泰國佛日,วันพระ,Wan Phra,thai-buddhist,แรม 15 ค่ำ เดือน 12,12,30,waning,15,
2057-12-04,2057,2600,星期二,wan_phra,泰國佛日,วันพระ,Wan Phra,thai-buddhist,ขึ้น 8 ค่ำ เดือน 1,1,8,waxing,8,
2057-12-11,2057,2600,星期二,wan_phra,泰國佛日,วันพระ,Wan Phra,thai-buddhist,ขึ้น 15 ค่ำ เดือน 1,1,15,waxing,15,
2057-12-19,2057,2600,星期三,wan_phra,泰國佛日,วันพระ,Wan Phra,thai-buddhist,แรม 8 ค่ำ เดือน 1,1,23,waning,8,
2057-12-25,2057,2600,星期二,wan_phra,泰國佛日,วันพระ,Wan Phra,thai-buddhist,แรม 14 ค่ำ เดือน 1,1,29,waning,14,
2058-01-02,2058,2601,星期三,wan_phra,泰國佛日,วันพระ,Wan Phra,thai-buddhist,ขึ้น 8 ค่ำ เดือน 2,2,8,waxing,8,
2058-01-09,2058,2601,星期三,wan_phra,泰國佛日,วันพระ,Wan Phra,thai-buddhist,ขึ้น 15 ค่ำ เดือน 2,2,15,waxing,15,
2058-01-17,2058,2601,星期四,wan_phra,泰國佛日,วันพระ,Wan Phra,thai-buddhist,แรม 8 ค่ำ เดือน 2,2,23,waning,8,
2058-01-24,2058,2601,星期四,wan_phra,泰國佛日,วันพระ,Wan Phra,thai-buddhist,แรม 15 ค่ำ เดือน 2,2,30,waning,15,
2058-02-01,2058,2601,星期五,wan_phra,泰國佛日,วันพระ,Wan Phra,thai-buddhist,ขึ้น 8 ค่ำ เดือน 3,3,8,waxing,8,
2058-02-08,2058,2601,星期五,makha_bucha,萬佛節,มาฆบูชา,Makha Bucha,thai-buddhist-major,ขึ้น 15 ค่ำ เดือน 3,3,15,waxing,15,
2058-02-08,2058,2601,星期五,wan_phra,泰國佛日,วันพระ,Wan Phra,thai-buddhist,ขึ้น 15 ค่ำ เดือน 3,3,15,waxing,15,
2058-02-16,2058,2601,星期六,wan_phra,泰國佛日,วันพระ,Wan Phra,thai-buddhist,แรม 8 ค่ำ เดือน 3,3,23,waning,8,
2058-02-22,2058,2601,星期五,wan_phra,泰國佛日,วันพระ,Wan Phra,thai-buddhist,แรม 14 ค่ำ เดือน 3,3,29,waning,14,
2058-03-02,2058,2601,星期六,wan_phra,泰國佛日,วันพระ,Wan Phra,thai-buddhist,ขึ้น 8 ค่ำ เดือน 4,4,8,waxing,8,
2058-03-09,2058,2601,星期六,wan_phra,泰國佛日,วันพระ,Wan Phra,thai-buddhist,ขึ้น 15 ค่ำ เดือน 4,4,15,waxing,15,
2058-03-17,2058,2601,星期日,wan_phra,泰國佛日,วันพระ,Wan Phra,thai-buddhist,แรม 8 ค่ำ เดือน 4,4,23,waning,8,
2058-03-24,2058,2601,星期日,wan_phra,泰國佛日,วันพระ,Wan Phra,thai-buddhist,แรม 15 ค่ำ เดือน 4,4,30,waning,15,
2058-04-01,2058,2601,星期一,wan_phra,泰國佛日,วันพระ,Wan Phra,thai-buddhist,ขึ้น 8 ค่ำ เดือน 5,5,8,waxing,8,
2058-04-08,2058,2601,星期一,wan_phra,泰國佛日,วันพระ,Wan Phra,thai-buddhist,ขึ้น 15 ค่ำ เดือน 5,5,15,waxing,15,
2058-04-13,2058,2601,星期六,sao_ha_candidate,騷哈日候選 / 稍哈日候選,เสาร์ 5,Sao Ha candidate,thai-amulet-auspicious-day,แรม 5 ค่ำ เดือน 5,5,20,waning,5,按規則產生：星期六 + 泰國陰曆 5 月 + ขึ้น 5 ค่ำ 或 แรม 5 ค่ำ。未做人工作法會或高僧認定。
2058-04-16,2058,2601,星期二,wan_phra,泰國佛日,วันพระ,Wan Phra,thai-buddhist,แรม 8 ค่ำ เดือน 5,5,23,waning,8,
2058-04-22,2058,2601,星期一,wan_phra,泰國佛日,วันพระ,Wan Phra,thai-buddhist,แรม 14 ค่ำ เดือน 5,5,29,waning,14,
2058-04-30,2058,2601,星期二,wan_phra,泰國佛日,วันพระ,Wan Phra,thai-buddhist,ขึ้น 8 ค่ำ เดือน 6,6,8,waxing,8,
2058-05-07,2058,2601,星期二,visakha_bucha,衛塞節,วิสาขบูชา,Visakha Bucha,thai-buddhist-major,ขึ้น 15 ค่ำ เดือน 6,6,15,waxing,15,
2058-05-07,2058,2601,星期二,wan_phra,泰國佛日,วันพระ,Wan Phra,thai-buddhist,ขึ้น 15 ค่ำ เดือน 6,6,15,waxing,15,
2058-05-15,2058,2601,星期三,wan_phra,泰國佛日,วันพระ,Wan Phra,thai-buddhist,แรม 8 ค่ำ เดือน 6,6,23,waning,8,
2058-05-22,2058,2601,星期三,wan_phra,泰國佛日,วันพระ,Wan Phra,thai-buddhist,แรม 15 ค่ำ เดือน 6,6,30,waning,15,
2058-05-30,2058,2601,星期四,wan_phra,泰國佛日,วันพระ,Wan Phra,thai-buddhist,ขึ้น 8 ค่ำ เดือน 7,7,8,waxing,8,
2058-06-06,2058,2601,星期四,wan_phra,泰國佛日,วันพระ,Wan Phra,thai-buddhist,ขึ้น 15 ค่ำ เดือน 7,7,15,waxing,15,
2058-06-14,2058,2601,星期五,wan_phra,泰國佛日,วันพระ,Wan Phra,thai-buddhist,แรม 8 ค่ำ เดือน 7,7,23,waning,8,
2058-06-20,2058,2601,星期四,wan_phra,泰國佛日,วันพระ,Wan Phra,thai-buddhist,แรม 14 ค่ำ เดือน 7,7,29,waning,14,
2058-06-28,2058,2601,星期五,wan_phra,泰國佛日,วันพระ,Wan Phra,thai-buddhist,ขึ้น 8 ค่ำ เดือน 8,8,8,waxing,8,
2058-07-05,2058,2601,星期五,wan_phra,泰國佛日,วันพระ,Wan Phra,thai-buddhist,ขึ้น 15 ค่ำ เดือน 8,8,15,waxing,15,
2058-07-06,2058,2601,星期六,khao_phansa,入雨安居,เข้าพรรษา,Khao Phansa,thai-buddhist-major,แรม 1 ค่ำ เดือน 8,8,16,waning,1,
2058-07-13,2058,2601,星期六,wan_phra,泰國佛日,วันพระ,Wan Phra,thai-buddhist,แรม 8 ค่ำ เดือน 8,8,23,waning,8,
2058-07-20,2058,2601,星期六,wan_phra,泰國佛日,วันพระ,Wan Phra,thai-buddhist,แรม 15 ค่ำ เดือน 8,8,30,waning,15,
2058-07-28,2058,2601,星期日,wan_phra,泰國佛日,วันพระ,Wan Phra,thai-buddhist,ขึ้น 8 ค่ำ เดือน 9,9,8,waxing,8,
2058-08-04,2058,2601,星期日,wan_phra,泰國佛日,วันพระ,Wan Phra,thai-buddhist,ขึ้น 15 ค่ำ เดือน 9,9,15,waxing,15,
2058-08-12,2058,2601,星期一,wan_phra,泰國佛日,วันพระ,Wan Phra,thai-buddhist,แรม 8 ค่ำ เดือน 9,9,23,waning,8,
2058-08-18,2058,2601,星期日,wan_phra,泰國佛日,วันพระ,Wan Phra,thai-buddhist,แรม 14 ค่ำ เดือน 9,9,29,waning,14,
2058-08-26,2058,2601,星期一,wan_phra,泰國佛日,วันพระ,Wan Phra,thai-buddhist,ขึ้น 8 ค่ำ เดือน 10,10,8,waxing,8,
2058-09-02,2058,2601,星期一,wan_phra,泰國佛日,วันพระ,Wan Phra,thai-buddhist,ขึ้น 15 ค่ำ เดือน 10,10,15,waxing,15,
2058-09-10,2058,2601,星期二,wan_phra,泰國佛日,วันพระ,Wan Phra,thai-buddhist,แรม 8 ค่ำ เดือน 10,10,23,waning,8,
2058-09-17,2058,2601,星期二,wan_phra,泰國佛日,วันพระ,Wan Phra,thai-buddhist,แรม 15 ค่ำ เดือน 10,10,30,waning,15,
2058-09-25,2058,2601,星期三,wan_phra,泰國佛日,วันพระ,Wan Phra,thai-buddhist,ขึ้น 8 ค่ำ เดือน 11,11,8,waxing,8,
2058-10-02,2058,2601,星期三,ok_phansa,出雨安居,ออกพรรษา,Ok Phansa,thai-buddhist-major,ขึ้น 15 ค่ำ เดือน 11,11,15,waxing,15,
2058-10-02,2058,2601,星期三,wan_phra,泰國佛日,วันพระ,Wan Phra,thai-buddhist,ขึ้น 15 ค่ำ เดือน 11,11,15,waxing,15,
2058-10-10,2058,2601,星期四,wan_phra,泰國佛日,วันพระ,Wan Phra,thai-buddhist,แรม 8 ค่ำ เดือน 11,11,23,waning,8,
2058-10-16,2058,2601,星期三,wan_phra,泰國佛日,วันพระ,Wan Phra,thai-buddhist,แรม 14 ค่ำ เดือน 11,11,29,waning,14,
2058-10-24,2058,2601,星期四,wan_phra,泰國佛日,วันพระ,Wan Phra,thai-buddhist,ขึ้น 8 ค่ำ เดือน 12,12,8,waxing,8,
2058-10-31,2058,2601,星期四,wan_phra,泰國佛日,วันพระ,Wan Phra,thai-buddhist,ขึ้น 15 ค่ำ เดือน 12,12,15,waxing,15,
2058-11-08,2058,2601,星期五,wan_phra,泰國佛日,วันพระ,Wan Phra,thai-buddhist,แรม 8 ค่ำ เดือน 12,12,23,waning,8,
2058-11-15,2058,2601,星期五,wan_phra,泰國佛日,วันพระ,Wan Phra,thai-buddhist,แรม 15 ค่ำ เดือน 12,12,30,waning,15,
2058-11-23,2058,2601,星期六,wan_phra,泰國佛日,วันพระ,Wan Phra,thai-buddhist,ขึ้น 8 ค่ำ เดือน 1,1,8,waxing,8,
2058-11-30,2058,2601,星期六,wan_phra,泰國佛日,วันพระ,Wan Phra,thai-buddhist,ขึ้น 15 ค่ำ เดือน 1,1,15,waxing,15,
2058-12-08,2058,2601,星期日,wan_phra,泰國佛日,วันพระ,Wan Phra,thai-buddhist,แรม 8 ค่ำ เดือน 1,1,23,waning,8,
2058-12-14,2058,2601,星期六,wan_phra,泰國佛日,วันพระ,Wan Phra,thai-buddhist,แรม 14 ค่ำ เดือน 1,1,29,waning,14,
2058-12-22,2058,2601,星期日,wan_phra,泰國佛日,วันพระ,Wan Phra,thai-buddhist,ขึ้น 8 ค่ำ เดือน 2,2,8,waxing,8,
2058-12-29,2058,2601,星期日,wan_phra,泰國佛日,วันพระ,Wan Phra,thai-buddhist,ขึ้น 15 ค่ำ เดือน 2,2,15,waxing,15,
2059-01-06,2059,2602,星期一,wan_phra,泰國佛日,วันพระ,Wan Phra,thai-buddhist,แรม 8 ค่ำ เดือน 2,2,23,waning,8,
2059-01-13,2059,2602,星期一,wan_phra,泰國佛日,วันพระ,Wan Phra,thai-buddhist,แรม 15 ค่ำ เดือน 2,2,30,waning,15,
2059-01-21,2059,2602,星期二,wan_phra,泰國佛日,วันพระ,Wan Phra,thai-buddhist,ขึ้น 8 ค่ำ เดือน 3,3,8,waxing,8,
2059-01-28,2059,2602,星期二,wan_phra,泰國佛日,วันพระ,Wan Phra,thai-buddhist,ขึ้น 15 ค่ำ เดือน 3,3,15,waxing,15,
2059-02-05,2059,2602,星期三,wan_phra,泰國佛日,วันพระ,Wan Phra,thai-buddhist,แรม 8 ค่ำ เดือน 3,3,23,waning,8,
2059-02-11,2059,2602,星期二,wan_phra,泰國佛日,วันพระ,Wan Phra,thai-buddhist,แรม 14 ค่ำ เดือน 3,3,29,waning,14,
2059-02-19,2059,2602,星期三,wan_phra,泰國佛日,วันพระ,Wan Phra,thai-buddhist,ขึ้น 8 ค่ำ เดือน 4,4,8,waxing,8,
2059-02-26,2059,2602,星期三,makha_bucha,萬佛節,มาฆบูชา,Makha Bucha,thai-buddhist-major,ขึ้น 15 ค่ำ เดือน 4,4,15,waxing,15,
2059-02-26,2059,2602,星期三,wan_phra,泰國佛日,วันพระ,Wan Phra,thai-buddhist,ขึ้น 15 ค่ำ เดือน 4,4,15,waxing,15,
2059-03-06,2059,2602,星期四,wan_phra,泰國佛日,วันพระ,Wan Phra,thai-buddhist,แรม 8 ค่ำ เดือน 4,4,23,waning,8,
2059-03-13,2059,2602,星期四,wan_phra,泰國佛日,วันพระ,Wan Phra,thai-buddhist,แรม 15 ค่ำ เดือน 4,4,30,waning,15,
2059-03-21,2059,2602,星期五,wan_phra,泰國佛日,วันพระ,Wan Phra,thai-buddhist,ขึ้น 8 ค่ำ เดือน 5,5,8,waxing,8,
2059-03-28,2059,2602,星期五,wan_phra,泰國佛日,วันพระ,Wan Phra,thai-buddhist,ขึ้น 15 ค่ำ เดือน 5,5,15,waxing,15,
2059-04-05,2059,2602,星期六,wan_phra,泰國佛日,วันพระ,Wan Phra,thai-buddhist,แรม 8 ค่ำ เดือน 5,5,23,waning,8,
2059-04-11,2059,2602,星期五,wan_phra,泰國佛日,วันพระ,Wan Phra,thai-buddhist,แรม 14 ค่ำ เดือน 5,5,29,waning,14,
2059-04-19,2059,2602,星期六,wan_phra,泰國佛日,วันพระ,Wan Phra,thai-buddhist,ขึ้น 8 ค่ำ เดือน 6,6,8,waxing,8,
2059-04-26,2059,2602,星期六,wan_phra,泰國佛日,วันพระ,Wan Phra,thai-buddhist,ขึ้น 15 ค่ำ เดือน 6,6,15,waxing,15,
2059-05-04,2059,2602,星期日,wan_phra,泰國佛日,วันพระ,Wan Phra,thai-buddhist,แรม 8 ค่ำ เดือน 6,6,23,waning,8,
2059-05-11,2059,2602,星期日,wan_phra,泰國佛日,วันพระ,Wan Phra,thai-buddhist,แรม 15 ค่ำ เดือน 6,6,30,waning,15,
2059-05-19,2059,2602,星期一,wan_phra,泰國佛日,วันพระ,Wan Phra,thai-buddhist,ขึ้น 8 ค่ำ เดือน 7,7,8,waxing,8,
2059-05-26,2059,2602,星期一,visakha_bucha,衛塞節,วิสาขบูชา,Visakha Bucha,thai-buddhist-major,ขึ้น 15 ค่ำ เดือน 7,7,15,waxing,15,
2059-05-26,2059,2602,星期一,wan_phra,泰國佛日,วันพระ,Wan Phra,thai-buddhist,ขึ้น 15 ค่ำ เดือน 7,7,15,waxing,15,
2059-06-03,2059,2602,星期二,wan_phra,泰國佛日,วันพระ,Wan Phra,thai-buddhist,แรม 8 ค่ำ เดือน 7,7,23,waning,8,
2059-06-09,2059,2602,星期一,wan_phra,泰國佛日,วันพระ,Wan Phra,thai-buddhist,แรม 14 ค่ำ เดือน 7,7,29,waning,14,
2059-06-17,2059,2602,星期二,wan_phra,泰國佛日,วันพระ,Wan Phra,thai-buddhist,ขึ้น 8 ค่ำ เดือน 8,8,8,waxing,8,
2059-06-24,2059,2602,星期二,wan_phra,泰國佛日,วันพระ,Wan Phra,thai-buddhist,ขึ้น 15 ค่ำ เดือน 8,8,15,waxing,15,
2059-07-02,2059,2602,星期三,wan_phra,泰國佛日,วันพระ,Wan Phra,thai-buddhist,แรม 8 ค่ำ เดือน 8,8,23,waning,8,
2059-07-09,2059,2602,星期三,wan_phra,泰國佛日,วันพระ,Wan Phra,thai-buddhist,แรม 15 ค่ำ เดือน 8,8,30,waning,15,
2059-07-17,2059,2602,星期四,wan_phra,泰國佛日,วันพระ,Wan Phra,thai-buddhist,ขึ้น 8 ค่ำ เดือน 88,88,8,waxing,8,
2059-07-24,2059,2602,星期四,wan_phra,泰國佛日,วันพระ,Wan Phra,thai-buddhist,ขึ้น 15 ค่ำ เดือน 88,88,15,waxing,15,
2059-07-25,2059,2602,星期五,khao_phansa,入雨安居,เข้าพรรษา,Khao Phansa,thai-buddhist-major,แรม 1 ค่ำ เดือน 88,88,16,waning,1,
2059-08-01,2059,2602,星期五,wan_phra,泰國佛日,วันพระ,Wan Phra,thai-buddhist,แรม 8 ค่ำ เดือน 88,88,23,waning,8,
2059-08-08,2059,2602,星期五,wan_phra,泰國佛日,วันพระ,Wan Phra,thai-buddhist,แรม 15 ค่ำ เดือน 88,88,30,waning,15,
2059-08-16,2059,2602,星期六,wan_phra,泰國佛日,วันพระ,Wan Phra,thai-buddhist,ขึ้น 8 ค่ำ เดือน 9,9,8,waxing,8,
2059-08-23,2059,2602,星期六,wan_phra,泰國佛日,วันพระ,Wan Phra,thai-buddhist,ขึ้น 15 ค่ำ เดือน 9,9,15,waxing,15,
2059-08-31,2059,2602,星期日,wan_phra,泰國佛日,วันพระ,Wan Phra,thai-buddhist,แรม 8 ค่ำ เดือน 9,9,23,waning,8,
2059-09-06,2059,2602,星期六,wan_phra,泰國佛日,วันพระ,Wan Phra,thai-buddhist,แรม 14 ค่ำ เดือน 9,9,29,waning,14,
2059-09-14,2059,2602,星期日,wan_phra,泰國佛日,วันพระ,Wan Phra,thai-buddhist,ขึ้น 8 ค่ำ เดือน 10,10,8,waxing,8,
2059-09-21,2059,2602,星期日,wan_phra,泰國佛日,วันพระ,Wan Phra,thai-buddhist,ขึ้น 15 ค่ำ เดือน 10,10,15,waxing,15,
2059-09-29,2059,2602,星期一,wan_phra,泰國佛日,วันพระ,Wan Phra,thai-buddhist,แรม 8 ค่ำ เดือน 10,10,23,waning,8,
2059-10-06,2059,2602,星期一,wan_phra,泰國佛日,วันพระ,Wan Phra,thai-buddhist,แรม 15 ค่ำ เดือน 10,10,30,waning,15,
2059-10-14,2059,2602,星期二,wan_phra,泰國佛日,วันพระ,Wan Phra,thai-buddhist,ขึ้น 8 ค่ำ เดือน 11,11,8,waxing,8,
2059-10-21,2059,2602,星期二,ok_phansa,出雨安居,ออกพรรษา,Ok Phansa,thai-buddhist-major,ขึ้น 15 ค่ำ เดือน 11,11,15,waxing,15,
2059-10-21,2059,2602,星期二,wan_phra,泰國佛日,วันพระ,Wan Phra,thai-buddhist,ขึ้น 15 ค่ำ เดือน 11,11,15,waxing,15,
2059-10-29,2059,2602,星期三,wan_phra,泰國佛日,วันพระ,Wan Phra,thai-buddhist,แรม 8 ค่ำ เดือน 11,11,23,waning,8,
2059-11-04,2059,2602,星期二,wan_phra,泰國佛日,วันพระ,Wan Phra,thai-buddhist,แรม 14 ค่ำ เดือน 11,11,29,waning,14,
2059-11-12,2059,2602,星期三,wan_phra,泰國佛日,วันพระ,Wan Phra,thai-buddhist,ขึ้น 8 ค่ำ เดือน 12,12,8,waxing,8,
2059-11-19,2059,2602,星期三,wan_phra,泰國佛日,วันพระ,Wan Phra,thai-buddhist,ขึ้น 15 ค่ำ เดือน 12,12,15,waxing,15,
2059-11-27,2059,2602,星期四,wan_phra,泰國佛日,วันพระ,Wan Phra,thai-buddhist,แรม 8 ค่ำ เดือน 12,12,23,waning,8,
2059-12-04,2059,2602,星期四,wan_phra,泰國佛日,วันพระ,Wan Phra,thai-buddhist,แรม 15 ค่ำ เดือน 12,12,30,waning,15,
2059-12-12,2059,2602,星期五,wan_phra,泰國佛日,วันพระ,Wan Phra,thai-buddhist,ขึ้น 8 ค่ำ เดือน 1,1,8,waxing,8,
2059-12-19,2059,2602,星期五,wan_phra,泰國佛日,วันพระ,Wan Phra,thai-buddhist,ขึ้น 15 ค่ำ เดือน 1,1,15,waxing,15,
2059-12-27,2059,2602,星期六,wan_phra,泰國佛日,วันพระ,Wan Phra,thai-buddhist,แรม 8 ค่ำ เดือน 1,1,23,waning,8,
2060-01-02,2060,2603,星期五,wan_phra,泰國佛日,วันพระ,Wan Phra,thai-buddhist,แรม 14 ค่ำ เดือน 1,1,29,waning,14,
2060-01-10,2060,2603,星期六,wan_phra,泰國佛日,วันพระ,Wan Phra,thai-buddhist,ขึ้น 8 ค่ำ เดือน 2,2,8,waxing,8,
2060-01-17,2060,2603,星期六,wan_phra,泰國佛日,วันพระ,Wan Phra,thai-buddhist,ขึ้น 15 ค่ำ เดือน 2,2,15,waxing,15,
2060-01-25,2060,2603,星期日,wan_phra,泰國佛日,วันพระ,Wan Phra,thai-buddhist,แรม 8 ค่ำ เดือน 2,2,23,waning,8,
2060-02-01,2060,2603,星期日,wan_phra,泰國佛日,วันพระ,Wan Phra,thai-buddhist,แรม 15 ค่ำ เดือน 2,2,30,waning,15,
2060-02-09,2060,2603,星期一,wan_phra,泰國佛日,วันพระ,Wan Phra,thai-buddhist,ขึ้น 8 ค่ำ เดือน 3,3,8,waxing,8,
2060-02-16,2060,2603,星期一,makha_bucha,萬佛節,มาฆบูชา,Makha Bucha,thai-buddhist-major,ขึ้น 15 ค่ำ เดือน 3,3,15,waxing,15,
2060-02-16,2060,2603,星期一,wan_phra,泰國佛日,วันพระ,Wan Phra,thai-buddhist,ขึ้น 15 ค่ำ เดือน 3,3,15,waxing,15,
2060-02-24,2060,2603,星期二,wan_phra,泰國佛日,วันพระ,Wan Phra,thai-buddhist,แรม 8 ค่ำ เดือน 3,3,23,waning,8,
2060-03-01,2060,2603,星期一,wan_phra,泰國佛日,วันพระ,Wan Phra,thai-buddhist,แรม 14 ค่ำ เดือน 3,3,29,waning,14,
2060-03-09,2060,2603,星期二,wan_phra,泰國佛日,วันพระ,Wan Phra,thai-buddhist,ขึ้น 8 ค่ำ เดือน 4,4,8,waxing,8,
2060-03-16,2060,2603,星期二,wan_phra,泰國佛日,วันพระ,Wan Phra,thai-buddhist,ขึ้น 15 ค่ำ เดือน 4,4,15,waxing,15,
2060-03-24,2060,2603,星期三,wan_phra,泰國佛日,วันพระ,Wan Phra,thai-buddhist,แรม 8 ค่ำ เดือน 4,4,23,waning,8,
2060-03-31,2060,2603,星期三,wan_phra,泰國佛日,วันพระ,Wan Phra,thai-buddhist,แรม 15 ค่ำ เดือน 4,4,30,waning,15,
2060-04-08,2060,2603,星期四,wan_phra,泰國佛日,วันพระ,Wan Phra,thai-buddhist,ขึ้น 8 ค่ำ เดือน 5,5,8,waxing,8,
2060-04-15,2060,2603,星期四,wan_phra,泰國佛日,วันพระ,Wan Phra,thai-buddhist,ขึ้น 15 ค่ำ เดือน 5,5,15,waxing,15,
2060-04-23,2060,2603,星期五,wan_phra,泰國佛日,วันพระ,Wan Phra,thai-buddhist,แรม 8 ค่ำ เดือน 5,5,23,waning,8,
2060-04-29,2060,2603,星期四,wan_phra,泰國佛日,วันพระ,Wan Phra,thai-buddhist,แรม 14 ค่ำ เดือน 5,5,29,waning,14,
2060-05-07,2060,2603,星期五,wan_phra,泰國佛日,วันพระ,Wan Phra,thai-buddhist,ขึ้น 8 ค่ำ เดือน 6,6,8,waxing,8,
2060-05-14,2060,2603,星期五,visakha_bucha,衛塞節,วิสาขบูชา,Visakha Bucha,thai-buddhist-major,ขึ้น 15 ค่ำ เดือน 6,6,15,waxing,15,
2060-05-14,2060,2603,星期五,wan_phra,泰國佛日,วันพระ,Wan Phra,thai-buddhist,ขึ้น 15 ค่ำ เดือน 6,6,15,waxing,15,
2060-05-22,2060,2603,星期六,wan_phra,泰國佛日,วันพระ,Wan Phra,thai-buddhist,แรม 8 ค่ำ เดือน 6,6,23,waning,8,
2060-05-29,2060,2603,星期六,wan_phra,泰國佛日,วันพระ,Wan Phra,thai-buddhist,แรม 15 ค่ำ เดือน 6,6,30,waning,15,
2060-06-06,2060,2603,星期日,wan_phra,泰國佛日,วันพระ,Wan Phra,thai-buddhist,ขึ้น 8 ค่ำ เดือน 7,7,8,waxing,8,
2060-06-13,2060,2603,星期日,wan_phra,泰國佛日,วันพระ,Wan Phra,thai-buddhist,ขึ้น 15 ค่ำ เดือน 7,7,15,waxing,15,
2060-06-21,2060,2603,星期一,wan_phra,泰國佛日,วันพระ,Wan Phra,thai-buddhist,แรม 8 ค่ำ เดือน 7,7,23,waning,8,
2060-06-27,2060,2603,星期日,wan_phra,泰國佛日,วันพระ,Wan Phra,thai-buddhist,แรม 14 ค่ำ เดือน 7,7,29,waning,14,
2060-07-05,2060,2603,星期一,wan_phra,泰國佛日,วันพระ,Wan Phra,thai-buddhist,ขึ้น 8 ค่ำ เดือน 8,8,8,waxing,8,
2060-07-12,2060,2603,星期一,wan_phra,泰國佛日,วันพระ,Wan Phra,thai-buddhist,ขึ้น 15 ค่ำ เดือน 8,8,15,waxing,15,
2060-07-13,2060,2603,星期二,khao_phansa,入雨安居,เข้าพรรษา,Khao Phansa,thai-buddhist-major,แรม 1 ค่ำ เดือน 8,8,16,waning,1,
2060-07-20,2060,2603,星期二,wan_phra,泰國佛日,วันพระ,Wan Phra,thai-buddhist,แรม 8 ค่ำ เดือน 8,8,23,waning,8,
2060-07-27,2060,2603,星期二,wan_phra,泰國佛日,วันพระ,Wan Phra,thai-buddhist,แรม 15 ค่ำ เดือน 8,8,30,waning,15,
2060-08-04,2060,2603,星期三,wan_phra,泰國佛日,วันพระ,Wan Phra,thai-buddhist,ขึ้น 8 ค่ำ เดือน 9,9,8,waxing,8,
2060-08-11,2060,2603,星期三,wan_phra,泰國佛日,วันพระ,Wan Phra,thai-buddhist,ขึ้น 15 ค่ำ เดือน 9,9,15,waxing,15,
2060-08-19,2060,2603,星期四,wan_phra,泰國佛日,วันพระ,Wan Phra,thai-buddhist,แรม 8 ค่ำ เดือน 9,9,23,waning,8,
2060-08-25,2060,2603,星期三,wan_phra,泰國佛日,วันพระ,Wan Phra,thai-buddhist,แรม 14 ค่ำ เดือน 9,9,29,waning,14,
2060-09-02,2060,2603,星期四,wan_phra,泰國佛日,วันพระ,Wan Phra,thai-buddhist,ขึ้น 8 ค่ำ เดือน 10,10,8,waxing,8,
2060-09-09,2060,2603,星期四,wan_phra,泰國佛日,วันพระ,Wan Phra,thai-buddhist,ขึ้น 15 ค่ำ เดือน 10,10,15,waxing,15,
2060-09-17,2060,2603,星期五,wan_phra,泰國佛日,วันพระ,Wan Phra,thai-buddhist,แรม 8 ค่ำ เดือน 10,10,23,waning,8,
2060-09-24,2060,2603,星期五,wan_phra,泰國佛日,วันพระ,Wan Phra,thai-buddhist,แรม 15 ค่ำ เดือน 10,10,30,waning,15,
2060-10-02,2060,2603,星期六,wan_phra,泰國佛日,วันพระ,Wan Phra,thai-buddhist,ขึ้น 8 ค่ำ เดือน 11,11,8,waxing,8,
2060-10-09,2060,2603,星期六,ok_phansa,出雨安居,ออกพรรษา,Ok Phansa,thai-buddhist-major,ขึ้น 15 ค่ำ เดือน 11,11,15,waxing,15,
2060-10-09,2060,2603,星期六,wan_phra,泰國佛日,วันพระ,Wan Phra,thai-buddhist,ขึ้น 15 ค่ำ เดือน 11,11,15,waxing,15,
2060-10-17,2060,2603,星期日,wan_phra,泰國佛日,วันพระ,Wan Phra,thai-buddhist,แรม 8 ค่ำ เดือน 11,11,23,waning,8,
2060-10-23,2060,2603,星期六,wan_phra,泰國佛日,วันพระ,Wan Phra,thai-buddhist,แรม 14 ค่ำ เดือน 11,11,29,waning,14,
2060-10-31,2060,2603,星期日,wan_phra,泰國佛日,วันพระ,Wan Phra,thai-buddhist,ขึ้น 8 ค่ำ เดือน 12,12,8,waxing,8,
2060-11-07,2060,2603,星期日,wan_phra,泰國佛日,วันพระ,Wan Phra,thai-buddhist,ขึ้น 15 ค่ำ เดือน 12,12,15,waxing,15,
2060-11-15,2060,2603,星期一,wan_phra,泰國佛日,วันพระ,Wan Phra,thai-buddhist,แรม 8 ค่ำ เดือน 12,12,23,waning,8,
2060-11-22,2060,2603,星期一,wan_phra,泰國佛日,วันพระ,Wan Phra,thai-buddhist,แรม 15 ค่ำ เดือน 12,12,30,waning,15,
2060-11-30,2060,2603,星期二,wan_phra,泰國佛日,วันพระ,Wan Phra,thai-buddhist,ขึ้น 8 ค่ำ เดือน 1,1,8,waxing,8,
2060-12-07,2060,2603,星期二,wan_phra,泰國佛日,วันพระ,Wan Phra,thai-buddhist,ขึ้น 15 ค่ำ เดือน 1,1,15,waxing,15,
2060-12-15,2060,2603,星期三,wan_phra,泰國佛日,วันพระ,Wan Phra,thai-buddhist,แรม 8 ค่ำ เดือน 1,1,23,waning,8,
2060-12-21,2060,2603,星期二,wan_phra,泰國佛日,วันพระ,Wan Phra,thai-buddhist,แรม 14 ค่ำ เดือน 1,1,29,waning,14,
2060-12-29,2060,2603,星期三,wan_phra,泰國佛日,วันพระ,Wan Phra,thai-buddhist,ขึ้น 8 ค่ำ เดือน 2,2,8,waxing,8,
2061-01-05,2061,2604,星期三,wan_phra,泰國佛日,วันพระ,Wan Phra,thai-buddhist,ขึ้น 15 ค่ำ เดือน 2,2,15,waxing,15,
2061-01-13,2061,2604,星期四,wan_phra,泰國佛日,วันพระ,Wan Phra,thai-buddhist,แรม 8 ค่ำ เดือน 2,2,23,waning,8,
2061-01-20,2061,2604,星期四,wan_phra,泰國佛日,วันพระ,Wan Phra,thai-buddhist,แรม 15 ค่ำ เดือน 2,2,30,waning,15,
2061-01-28,2061,2604,星期五,wan_phra,泰國佛日,วันพระ,Wan Phra,thai-buddhist,ขึ้น 8 ค่ำ เดือน 3,3,8,waxing,8,
2061-02-04,2061,2604,星期五,wan_phra,泰國佛日,วันพระ,Wan Phra,thai-buddhist,ขึ้น 15 ค่ำ เดือน 3,3,15,waxing,15,
2061-02-12,2061,2604,星期六,wan_phra,泰國佛日,วันพระ,Wan Phra,thai-buddhist,แรม 8 ค่ำ เดือน 3,3,23,waning,8,
2061-02-18,2061,2604,星期五,wan_phra,泰國佛日,วันพระ,Wan Phra,thai-buddhist,แรม 14 ค่ำ เดือน 3,3,29,waning,14,
2061-02-26,2061,2604,星期六,wan_phra,泰國佛日,วันพระ,Wan Phra,thai-buddhist,ขึ้น 8 ค่ำ เดือน 4,4,8,waxing,8,
2061-03-05,2061,2604,星期六,makha_bucha,萬佛節,มาฆบูชา,Makha Bucha,thai-buddhist-major,ขึ้น 15 ค่ำ เดือน 4,4,15,waxing,15,
2061-03-05,2061,2604,星期六,wan_phra,泰國佛日,วันพระ,Wan Phra,thai-buddhist,ขึ้น 15 ค่ำ เดือน 4,4,15,waxing,15,
2061-03-13,2061,2604,星期日,wan_phra,泰國佛日,วันพระ,Wan Phra,thai-buddhist,แรม 8 ค่ำ เดือน 4,4,23,waning,8,
2061-03-20,2061,2604,星期日,wan_phra,泰國佛日,วันพระ,Wan Phra,thai-buddhist,แรม 15 ค่ำ เดือน 4,4,30,waning,15,
2061-03-28,2061,2604,星期一,wan_phra,泰國佛日,วันพระ,Wan Phra,thai-buddhist,ขึ้น 8 ค่ำ เดือน 5,5,8,waxing,8,
2061-04-04,2061,2604,星期一,wan_phra,泰國佛日,วันพระ,Wan Phra,thai-buddhist,ขึ้น 15 ค่ำ เดือน 5,5,15,waxing,15,
2061-04-09,2061,2604,星期六,sao_ha_candidate,騷哈日候選 / 稍哈日候選,เสาร์ 5,Sao Ha candidate,thai-amulet-auspicious-day,แรม 5 ค่ำ เดือน 5,5,20,waning,5,按規則產生：星期六 + 泰國陰曆 5 月 + ขึ้น 5 ค่ำ 或 แรม 5 ค่ำ。未做人工作法會或高僧認定。
2061-04-12,2061,2604,星期二,wan_phra,泰國佛日,วันพระ,Wan Phra,thai-buddhist,แรม 8 ค่ำ เดือน 5,5,23,waning,8,
2061-04-18,2061,2604,星期一,wan_phra,泰國佛日,วันพระ,Wan Phra,thai-buddhist,แรม 14 ค่ำ เดือน 5,5,29,waning,14,
2061-04-26,2061,2604,星期二,wan_phra,泰國佛日,วันพระ,Wan Phra,thai-buddhist,ขึ้น 8 ค่ำ เดือน 6,6,8,waxing,8,
2061-05-03,2061,2604,星期二,wan_phra,泰國佛日,วันพระ,Wan Phra,thai-buddhist,ขึ้น 15 ค่ำ เดือน 6,6,15,waxing,15,
2061-05-11,2061,2604,星期三,wan_phra,泰國佛日,วันพระ,Wan Phra,thai-buddhist,แรม 8 ค่ำ เดือน 6,6,23,waning,8,
2061-05-18,2061,2604,星期三,wan_phra,泰國佛日,วันพระ,Wan Phra,thai-buddhist,แรม 15 ค่ำ เดือน 6,6,30,waning,15,
2061-05-26,2061,2604,星期四,wan_phra,泰國佛日,วันพระ,Wan Phra,thai-buddhist,ขึ้น 8 ค่ำ เดือน 7,7,8,waxing,8,
2061-06-02,2061,2604,星期四,visakha_bucha,衛塞節,วิสาขบูชา,Visakha Bucha,thai-buddhist-major,ขึ้น 15 ค่ำ เดือน 7,7,15,waxing,15,
2061-06-02,2061,2604,星期四,wan_phra,泰國佛日,วันพระ,Wan Phra,thai-buddhist,ขึ้น 15 ค่ำ เดือน 7,7,15,waxing,15,
2061-06-10,2061,2604,星期五,wan_phra,泰國佛日,วันพระ,Wan Phra,thai-buddhist,แรม 8 ค่ำ เดือน 7,7,23,waning,8,
2061-06-16,2061,2604,星期四,wan_phra,泰國佛日,วันพระ,Wan Phra,thai-buddhist,แรม 14 ค่ำ เดือน 7,7,29,waning,14,
2061-06-24,2061,2604,星期五,wan_phra,泰國佛日,วันพระ,Wan Phra,thai-buddhist,ขึ้น 8 ค่ำ เดือน 8,8,8,waxing,8,
2061-07-01,2061,2604,星期五,wan_phra,泰國佛日,วันพระ,Wan Phra,thai-buddhist,ขึ้น 15 ค่ำ เดือน 8,8,15,waxing,15,
2061-07-09,2061,2604,星期六,wan_phra,泰國佛日,วันพระ,Wan Phra,thai-buddhist,แรม 8 ค่ำ เดือน 8,8,23,waning,8,
2061-07-16,2061,2604,星期六,wan_phra,泰國佛日,วันพระ,Wan Phra,thai-buddhist,แรม 15 ค่ำ เดือน 8,8,30,waning,15,
2061-07-24,2061,2604,星期日,wan_phra,泰國佛日,วันพระ,Wan Phra,thai-buddhist,ขึ้น 8 ค่ำ เดือน 88,88,8,waxing,8,
2061-07-31,2061,2604,星期日,wan_phra,泰國佛日,วันพระ,Wan Phra,thai-buddhist,ขึ้น 15 ค่ำ เดือน 88,88,15,waxing,15,
2061-08-01,2061,2604,星期一,khao_phansa,入雨安居,เข้าพรรษา,Khao Phansa,thai-buddhist-major,แรม 1 ค่ำ เดือน 88,88,16,waning,1,
2061-08-08,2061,2604,星期一,wan_phra,泰國佛日,วันพระ,Wan Phra,thai-buddhist,แรม 8 ค่ำ เดือน 88,88,23,waning,8,
2061-08-15,2061,2604,星期一,wan_phra,泰國佛日,วันพระ,Wan Phra,thai-buddhist,แรม 15 ค่ำ เดือน 88,88,30,waning,15,
2061-08-23,2061,2604,星期二,wan_phra,泰國佛日,วันพระ,Wan Phra,thai-buddhist,ขึ้น 8 ค่ำ เดือน 9,9,8,waxing,8,
2061-08-30,2061,2604,星期二,wan_phra,泰國佛日,วันพระ,Wan Phra,thai-buddhist,ขึ้น 15 ค่ำ เดือน 9,9,15,waxing,15,
2061-09-07,2061,2604,星期三,wan_phra,泰國佛日,วันพระ,Wan Phra,thai-buddhist,แรม 8 ค่ำ เดือน 9,9,23,waning,8,
2061-09-13,2061,2604,星期二,wan_phra,泰國佛日,วันพระ,Wan Phra,thai-buddhist,แรม 14 ค่ำ เดือน 9,9,29,waning,14,
2061-09-21,2061,2604,星期三,wan_phra,泰國佛日,วันพระ,Wan Phra,thai-buddhist,ขึ้น 8 ค่ำ เดือน 10,10,8,waxing,8,
2061-09-28,2061,2604,星期三,wan_phra,泰國佛日,วันพระ,Wan Phra,thai-buddhist,ขึ้น 15 ค่ำ เดือน 10,10,15,waxing,15,
2061-10-06,2061,2604,星期四,wan_phra,泰國佛日,วันพระ,Wan Phra,thai-buddhist,แรม 8 ค่ำ เดือน 10,10,23,waning,8,
2061-10-13,2061,2604,星期四,wan_phra,泰國佛日,วันพระ,Wan Phra,thai-buddhist,แรม 15 ค่ำ เดือน 10,10,30,waning,15,
2061-10-21,2061,2604,星期五,wan_phra,泰國佛日,วันพระ,Wan Phra,thai-buddhist,ขึ้น 8 ค่ำ เดือน 11,11,8,waxing,8,
2061-10-28,2061,2604,星期五,ok_phansa,出雨安居,ออกพรรษา,Ok Phansa,thai-buddhist-major,ขึ้น 15 ค่ำ เดือน 11,11,15,waxing,15,
2061-10-28,2061,2604,星期五,wan_phra,泰國佛日,วันพระ,Wan Phra,thai-buddhist,ขึ้น 15 ค่ำ เดือน 11,11,15,waxing,15,
2061-11-05,2061,2604,星期六,wan_phra,泰國佛日,วันพระ,Wan Phra,thai-buddhist,แรม 8 ค่ำ เดือน 11,11,23,waning,8,
2061-11-11,2061,2604,星期五,wan_phra,泰國佛日,วันพระ,Wan Phra,thai-buddhist,แรม 14 ค่ำ เดือน 11,11,29,waning,14,
2061-11-19,2061,2604,星期六,wan_phra,泰國佛日,วันพระ,Wan Phra,thai-buddhist,ขึ้น 8 ค่ำ เดือน 12,12,8,waxing,8,
2061-11-26,2061,2604,星期六,wan_phra,泰國佛日,วันพระ,Wan Phra,thai-buddhist,ขึ้น 15 ค่ำ เดือน 12,12,15,waxing,15,
2061-12-04,2061,2604,星期日,wan_phra,泰國佛日,วันพระ,Wan Phra,thai-buddhist,แรม 8 ค่ำ เดือน 12,12,23,waning,8,
2061-12-11,2061,2604,星期日,wan_phra,泰國佛日,วันพระ,Wan Phra,thai-buddhist,แรม 15 ค่ำ เดือน 12,12,30,waning,15,
2061-12-19,2061,2604,星期一,wan_phra,泰國佛日,วันพระ,Wan Phra,thai-buddhist,ขึ้น 8 ค่ำ เดือน 1,1,8,waxing,8,
2061-12-26,2061,2604,星期一,wan_phra,泰國佛日,วันพระ,Wan Phra,thai-buddhist,ขึ้น 15 ค่ำ เดือน 1,1,15,waxing,15,
2062-01-03,2062,2605,星期二,wan_phra,泰國佛日,วันพระ,Wan Phra,thai-buddhist,แรม 8 ค่ำ เดือน 1,1,23,waning,8,
2062-01-09,2062,2605,星期一,wan_phra,泰國佛日,วันพระ,Wan Phra,thai-buddhist,แรม 14 ค่ำ เดือน 1,1,29,waning,14,
2062-01-17,2062,2605,星期二,wan_phra,泰國佛日,วันพระ,Wan Phra,thai-buddhist,ขึ้น 8 ค่ำ เดือน 2,2,8,waxing,8,
2062-01-24,2062,2605,星期二,wan_phra,泰國佛日,วันพระ,Wan Phra,thai-buddhist,ขึ้น 15 ค่ำ เดือน 2,2,15,waxing,15,
2062-02-01,2062,2605,星期三,wan_phra,泰國佛日,วันพระ,Wan Phra,thai-buddhist,แรม 8 ค่ำ เดือน 2,2,23,waning,8,
2062-02-08,2062,2605,星期三,wan_phra,泰國佛日,วันพระ,Wan Phra,thai-buddhist,แรม 15 ค่ำ เดือน 2,2,30,waning,15,
2062-02-16,2062,2605,星期四,wan_phra,泰國佛日,วันพระ,Wan Phra,thai-buddhist,ขึ้น 8 ค่ำ เดือน 3,3,8,waxing,8,
2062-02-23,2062,2605,星期四,makha_bucha,萬佛節,มาฆบูชา,Makha Bucha,thai-buddhist-major,ขึ้น 15 ค่ำ เดือน 3,3,15,waxing,15,
2062-02-23,2062,2605,星期四,wan_phra,泰國佛日,วันพระ,Wan Phra,thai-buddhist,ขึ้น 15 ค่ำ เดือน 3,3,15,waxing,15,
2062-03-03,2062,2605,星期五,wan_phra,泰國佛日,วันพระ,Wan Phra,thai-buddhist,แรม 8 ค่ำ เดือน 3,3,23,waning,8,
2062-03-09,2062,2605,星期四,wan_phra,泰國佛日,วันพระ,Wan Phra,thai-buddhist,แรม 14 ค่ำ เดือน 3,3,29,waning,14,
2062-03-17,2062,2605,星期五,wan_phra,泰國佛日,วันพระ,Wan Phra,thai-buddhist,ขึ้น 8 ค่ำ เดือน 4,4,8,waxing,8,
2062-03-24,2062,2605,星期五,wan_phra,泰國佛日,วันพระ,Wan Phra,thai-buddhist,ขึ้น 15 ค่ำ เดือน 4,4,15,waxing,15,
2062-04-01,2062,2605,星期六,wan_phra,泰國佛日,วันพระ,Wan Phra,thai-buddhist,แรม 8 ค่ำ เดือน 4,4,23,waning,8,
2062-04-08,2062,2605,星期六,wan_phra,泰國佛日,วันพระ,Wan Phra,thai-buddhist,แรม 15 ค่ำ เดือน 4,4,30,waning,15,
2062-04-16,2062,2605,星期日,wan_phra,泰國佛日,วันพระ,Wan Phra,thai-buddhist,ขึ้น 8 ค่ำ เดือน 5,5,8,waxing,8,
2062-04-23,2062,2605,星期日,wan_phra,泰國佛日,วันพระ,Wan Phra,thai-buddhist,ขึ้น 15 ค่ำ เดือน 5,5,15,waxing,15,
2062-05-01,2062,2605,星期一,wan_phra,泰國佛日,วันพระ,Wan Phra,thai-buddhist,แรม 8 ค่ำ เดือน 5,5,23,waning,8,
2062-05-07,2062,2605,星期日,wan_phra,泰國佛日,วันพระ,Wan Phra,thai-buddhist,แรม 14 ค่ำ เดือน 5,5,29,waning,14,
2062-05-15,2062,2605,星期一,wan_phra,泰國佛日,วันพระ,Wan Phra,thai-buddhist,ขึ้น 8 ค่ำ เดือน 6,6,8,waxing,8,
2062-05-22,2062,2605,星期一,visakha_bucha,衛塞節,วิสาขบูชา,Visakha Bucha,thai-buddhist-major,ขึ้น 15 ค่ำ เดือน 6,6,15,waxing,15,
2062-05-22,2062,2605,星期一,wan_phra,泰國佛日,วันพระ,Wan Phra,thai-buddhist,ขึ้น 15 ค่ำ เดือน 6,6,15,waxing,15,
2062-05-30,2062,2605,星期二,wan_phra,泰國佛日,วันพระ,Wan Phra,thai-buddhist,แรม 8 ค่ำ เดือน 6,6,23,waning,8,
2062-06-06,2062,2605,星期二,wan_phra,泰國佛日,วันพระ,Wan Phra,thai-buddhist,แรม 15 ค่ำ เดือน 6,6,30,waning,15,
2062-06-14,2062,2605,星期三,wan_phra,泰國佛日,วันพระ,Wan Phra,thai-buddhist,ขึ้น 8 ค่ำ เดือน 7,7,8,waxing,8,
2062-06-21,2062,2605,星期三,wan_phra,泰國佛日,วันพระ,Wan Phra,thai-buddhist,ขึ้น 15 ค่ำ เดือน 7,7,15,waxing,15,
2062-06-29,2062,2605,星期四,wan_phra,泰國佛日,วันพระ,Wan Phra,thai-buddhist,แรม 8 ค่ำ เดือน 7,7,23,waning,8,
2062-07-06,2062,2605,星期四,wan_phra,泰國佛日,วันพระ,Wan Phra,thai-buddhist,แรม 15 ค่ำ เดือน 7,7,30,waning,15,
2062-07-14,2062,2605,星期五,wan_phra,泰國佛日,วันพระ,Wan Phra,thai-buddhist,ขึ้น 8 ค่ำ เดือน 8,8,8,waxing,8,
2062-07-21,2062,2605,星期五,wan_phra,泰國佛日,วันพระ,Wan Phra,thai-buddhist,ขึ้น 15 ค่ำ เดือน 8,8,15,waxing,15,
2062-07-22,2062,2605,星期六,khao_phansa,入雨安居,เข้าพรรษา,Khao Phansa,thai-buddhist-major,แรม 1 ค่ำ เดือน 8,8,16,waning,1,
2062-07-29,2062,2605,星期六,wan_phra,泰國佛日,วันพระ,Wan Phra,thai-buddhist,แรม 8 ค่ำ เดือน 8,8,23,waning,8,
2062-08-05,2062,2605,星期六,wan_phra,泰國佛日,วันพระ,Wan Phra,thai-buddhist,แรม 15 ค่ำ เดือน 8,8,30,waning,15,
2062-08-13,2062,2605,星期日,wan_phra,泰國佛日,วันพระ,Wan Phra,thai-buddhist,ขึ้น 8 ค่ำ เดือน 9,9,8,waxing,8,
2062-08-20,2062,2605,星期日,wan_phra,泰國佛日,วันพระ,Wan Phra,thai-buddhist,ขึ้น 15 ค่ำ เดือน 9,9,15,waxing,15,
2062-08-28,2062,2605,星期一,wan_phra,泰國佛日,วันพระ,Wan Phra,thai-buddhist,แรม 8 ค่ำ เดือน 9,9,23,waning,8,
2062-09-03,2062,2605,星期日,wan_phra,泰國佛日,วันพระ,Wan Phra,thai-buddhist,แรม 14 ค่ำ เดือน 9,9,29,waning,14,
2062-09-11,2062,2605,星期一,wan_phra,泰國佛日,วันพระ,Wan Phra,thai-buddhist,ขึ้น 8 ค่ำ เดือน 10,10,8,waxing,8,
2062-09-18,2062,2605,星期一,wan_phra,泰國佛日,วันพระ,Wan Phra,thai-buddhist,ขึ้น 15 ค่ำ เดือน 10,10,15,waxing,15,
2062-09-26,2062,2605,星期二,wan_phra,泰國佛日,วันพระ,Wan Phra,thai-buddhist,แรม 8 ค่ำ เดือน 10,10,23,waning,8,
2062-10-03,2062,2605,星期二,wan_phra,泰國佛日,วันพระ,Wan Phra,thai-buddhist,แรม 15 ค่ำ เดือน 10,10,30,waning,15,
2062-10-11,2062,2605,星期三,wan_phra,泰國佛日,วันพระ,Wan Phra,thai-buddhist,ขึ้น 8 ค่ำ เดือน 11,11,8,waxing,8,
2062-10-18,2062,2605,星期三,ok_phansa,出雨安居,ออกพรรษา,Ok Phansa,thai-buddhist-major,ขึ้น 15 ค่ำ เดือน 11,11,15,waxing,15,
2062-10-18,2062,2605,星期三,wan_phra,泰國佛日,วันพระ,Wan Phra,thai-buddhist,ขึ้น 15 ค่ำ เดือน 11,11,15,waxing,15,
2062-10-26,2062,2605,星期四,wan_phra,泰國佛日,วันพระ,Wan Phra,thai-buddhist,แรม 8 ค่ำ เดือน 11,11,23,waning,8,
2062-11-01,2062,2605,星期三,wan_phra,泰國佛日,วันพระ,Wan Phra,thai-buddhist,แรม 14 ค่ำ เดือน 11,11,29,waning,14,
2062-11-09,2062,2605,星期四,wan_phra,泰國佛日,วันพระ,Wan Phra,thai-buddhist,ขึ้น 8 ค่ำ เดือน 12,12,8,waxing,8,
2062-11-16,2062,2605,星期四,wan_phra,泰國佛日,วันพระ,Wan Phra,thai-buddhist,ขึ้น 15 ค่ำ เดือน 12,12,15,waxing,15,
2062-11-24,2062,2605,星期五,wan_phra,泰國佛日,วันพระ,Wan Phra,thai-buddhist,แรม 8 ค่ำ เดือน 12,12,23,waning,8,
2062-12-01,2062,2605,星期五,wan_phra,泰國佛日,วันพระ,Wan Phra,thai-buddhist,แรม 15 ค่ำ เดือน 12,12,30,waning,15,
2062-12-09,2062,2605,星期六,wan_phra,泰國佛日,วันพระ,Wan Phra,thai-buddhist,ขึ้น 8 ค่ำ เดือน 1,1,8,waxing,8,
2062-12-16,2062,2605,星期六,wan_phra,泰國佛日,วันพระ,Wan Phra,thai-buddhist,ขึ้น 15 ค่ำ เดือน 1,1,15,waxing,15,
2062-12-24,2062,2605,星期日,wan_phra,泰國佛日,วันพระ,Wan Phra,thai-buddhist,แรม 8 ค่ำ เดือน 1,1,23,waning,8,
2062-12-30,2062,2605,星期六,wan_phra,泰國佛日,วันพระ,Wan Phra,thai-buddhist,แรม 14 ค่ำ เดือน 1,1,29,waning,14,
2063-01-07,2063,2606,星期日,wan_phra,泰國佛日,วันพระ,Wan Phra,thai-buddhist,ขึ้น 8 ค่ำ เดือน 2,2,8,waxing,8,
2063-01-14,2063,2606,星期日,wan_phra,泰國佛日,วันพระ,Wan Phra,thai-buddhist,ขึ้น 15 ค่ำ เดือน 2,2,15,waxing,15,
2063-01-22,2063,2606,星期一,wan_phra,泰國佛日,วันพระ,Wan Phra,thai-buddhist,แรม 8 ค่ำ เดือน 2,2,23,waning,8,
2063-01-29,2063,2606,星期一,wan_phra,泰國佛日,วันพระ,Wan Phra,thai-buddhist,แรม 15 ค่ำ เดือน 2,2,30,waning,15,
2063-02-06,2063,2606,星期二,wan_phra,泰國佛日,วันพระ,Wan Phra,thai-buddhist,ขึ้น 8 ค่ำ เดือน 3,3,8,waxing,8,
2063-02-13,2063,2606,星期二,makha_bucha,萬佛節,มาฆบูชา,Makha Bucha,thai-buddhist-major,ขึ้น 15 ค่ำ เดือน 3,3,15,waxing,15,
2063-02-13,2063,2606,星期二,wan_phra,泰國佛日,วันพระ,Wan Phra,thai-buddhist,ขึ้น 15 ค่ำ เดือน 3,3,15,waxing,15,
2063-02-21,2063,2606,星期三,wan_phra,泰國佛日,วันพระ,Wan Phra,thai-buddhist,แรม 8 ค่ำ เดือน 3,3,23,waning,8,
2063-02-27,2063,2606,星期二,wan_phra,泰國佛日,วันพระ,Wan Phra,thai-buddhist,แรม 14 ค่ำ เดือน 3,3,29,waning,14,
2063-03-07,2063,2606,星期三,wan_phra,泰國佛日,วันพระ,Wan Phra,thai-buddhist,ขึ้น 8 ค่ำ เดือน 4,4,8,waxing,8,
2063-03-14,2063,2606,星期三,wan_phra,泰國佛日,วันพระ,Wan Phra,thai-buddhist,ขึ้น 15 ค่ำ เดือน 4,4,15,waxing,15,
2063-03-22,2063,2606,星期四,wan_phra,泰國佛日,วันพระ,Wan Phra,thai-buddhist,แรม 8 ค่ำ เดือน 4,4,23,waning,8,
2063-03-29,2063,2606,星期四,wan_phra,泰國佛日,วันพระ,Wan Phra,thai-buddhist,แรม 15 ค่ำ เดือน 4,4,30,waning,15,
2063-04-06,2063,2606,星期五,wan_phra,泰國佛日,วันพระ,Wan Phra,thai-buddhist,ขึ้น 8 ค่ำ เดือน 5,5,8,waxing,8,
2063-04-13,2063,2606,星期五,wan_phra,泰國佛日,วันพระ,Wan Phra,thai-buddhist,ขึ้น 15 ค่ำ เดือน 5,5,15,waxing,15,
2063-04-21,2063,2606,星期六,wan_phra,泰國佛日,วันพระ,Wan Phra,thai-buddhist,แรม 8 ค่ำ เดือน 5,5,23,waning,8,
2063-04-27,2063,2606,星期五,wan_phra,泰國佛日,วันพระ,Wan Phra,thai-buddhist,แรม 14 ค่ำ เดือน 5,5,29,waning,14,
2063-05-05,2063,2606,星期六,wan_phra,泰國佛日,วันพระ,Wan Phra,thai-buddhist,ขึ้น 8 ค่ำ เดือน 6,6,8,waxing,8,
2063-05-12,2063,2606,星期六,visakha_bucha,衛塞節,วิสาขบูชา,Visakha Bucha,thai-buddhist-major,ขึ้น 15 ค่ำ เดือน 6,6,15,waxing,15,
2063-05-12,2063,2606,星期六,wan_phra,泰國佛日,วันพระ,Wan Phra,thai-buddhist,ขึ้น 15 ค่ำ เดือน 6,6,15,waxing,15,
2063-05-20,2063,2606,星期日,wan_phra,泰國佛日,วันพระ,Wan Phra,thai-buddhist,แรม 8 ค่ำ เดือน 6,6,23,waning,8,
2063-05-27,2063,2606,星期日,wan_phra,泰國佛日,วันพระ,Wan Phra,thai-buddhist,แรม 15 ค่ำ เดือน 6,6,30,waning,15,
2063-06-04,2063,2606,星期一,wan_phra,泰國佛日,วันพระ,Wan Phra,thai-buddhist,ขึ้น 8 ค่ำ เดือน 7,7,8,waxing,8,
2063-06-11,2063,2606,星期一,wan_phra,泰國佛日,วันพระ,Wan Phra,thai-buddhist,ขึ้น 15 ค่ำ เดือน 7,7,15,waxing,15,
2063-06-19,2063,2606,星期二,wan_phra,泰國佛日,วันพระ,Wan Phra,thai-buddhist,แรม 8 ค่ำ เดือน 7,7,23,waning,8,
2063-06-25,2063,2606,星期一,wan_phra,泰國佛日,วันพระ,Wan Phra,thai-buddhist,แรม 14 ค่ำ เดือน 7,7,29,waning,14,
2063-07-03,2063,2606,星期二,wan_phra,泰國佛日,วันพระ,Wan Phra,thai-buddhist,ขึ้น 8 ค่ำ เดือน 8,8,8,waxing,8,
2063-07-10,2063,2606,星期二,wan_phra,泰國佛日,วันพระ,Wan Phra,thai-buddhist,ขึ้น 15 ค่ำ เดือน 8,8,15,waxing,15,
2063-07-11,2063,2606,星期三,khao_phansa,入雨安居,เข้าพรรษา,Khao Phansa,thai-buddhist-major,แรม 1 ค่ำ เดือน 8,8,16,waning,1,
2063-07-18,2063,2606,星期三,wan_phra,泰國佛日,วันพระ,Wan Phra,thai-buddhist,แรม 8 ค่ำ เดือน 8,8,23,waning,8,
2063-07-25,2063,2606,星期三,wan_phra,泰國佛日,วันพระ,Wan Phra,thai-buddhist,แรม 15 ค่ำ เดือน 8,8,30,waning,15,
2063-08-02,2063,2606,星期四,wan_phra,泰國佛日,วันพระ,Wan Phra,thai-buddhist,ขึ้น 8 ค่ำ เดือน 9,9,8,waxing,8,
2063-08-09,2063,2606,星期四,wan_phra,泰國佛日,วันพระ,Wan Phra,thai-buddhist,ขึ้น 15 ค่ำ เดือน 9,9,15,waxing,15,
2063-08-17,2063,2606,星期五,wan_phra,泰國佛日,วันพระ,Wan Phra,thai-buddhist,แรม 8 ค่ำ เดือน 9,9,23,waning,8,
2063-08-23,2063,2606,星期四,wan_phra,泰國佛日,วันพระ,Wan Phra,thai-buddhist,แรม 14 ค่ำ เดือน 9,9,29,waning,14,
2063-08-31,2063,2606,星期五,wan_phra,泰國佛日,วันพระ,Wan Phra,thai-buddhist,ขึ้น 8 ค่ำ เดือน 10,10,8,waxing,8,
2063-09-07,2063,2606,星期五,wan_phra,泰國佛日,วันพระ,Wan Phra,thai-buddhist,ขึ้น 15 ค่ำ เดือน 10,10,15,waxing,15,
2063-09-15,2063,2606,星期六,wan_phra,泰國佛日,วันพระ,Wan Phra,thai-buddhist,แรม 8 ค่ำ เดือน 10,10,23,waning,8,
2063-09-22,2063,2606,星期六,wan_phra,泰國佛日,วันพระ,Wan Phra,thai-buddhist,แรม 15 ค่ำ เดือน 10,10,30,waning,15,
2063-09-30,2063,2606,星期日,wan_phra,泰國佛日,วันพระ,Wan Phra,thai-buddhist,ขึ้น 8 ค่ำ เดือน 11,11,8,waxing,8,
2063-10-07,2063,2606,星期日,ok_phansa,出雨安居,ออกพรรษา,Ok Phansa,thai-buddhist-major,ขึ้น 15 ค่ำ เดือน 11,11,15,waxing,15,
2063-10-07,2063,2606,星期日,wan_phra,泰國佛日,วันพระ,Wan Phra,thai-buddhist,ขึ้น 15 ค่ำ เดือน 11,11,15,waxing,15,
2063-10-15,2063,2606,星期一,wan_phra,泰國佛日,วันพระ,Wan Phra,thai-buddhist,แรม 8 ค่ำ เดือน 11,11,23,waning,8,
2063-10-21,2063,2606,星期日,wan_phra,泰國佛日,วันพระ,Wan Phra,thai-buddhist,แรม 14 ค่ำ เดือน 11,11,29,waning,14,
2063-10-29,2063,2606,星期一,wan_phra,泰國佛日,วันพระ,Wan Phra,thai-buddhist,ขึ้น 8 ค่ำ เดือน 12,12,8,waxing,8,
2063-11-05,2063,2606,星期一,wan_phra,泰國佛日,วันพระ,Wan Phra,thai-buddhist,ขึ้น 15 ค่ำ เดือน 12,12,15,waxing,15,
2063-11-13,2063,2606,星期二,wan_phra,泰國佛日,วันพระ,Wan Phra,thai-buddhist,แรม 8 ค่ำ เดือน 12,12,23,waning,8,
2063-11-20,2063,2606,星期二,wan_phra,泰國佛日,วันพระ,Wan Phra,thai-buddhist,แรม 15 ค่ำ เดือน 12,12,30,waning,15,
2063-11-28,2063,2606,星期三,wan_phra,泰國佛日,วันพระ,Wan Phra,thai-buddhist,ขึ้น 8 ค่ำ เดือน 1,1,8,waxing,8,
2063-12-05,2063,2606,星期三,wan_phra,泰國佛日,วันพระ,Wan Phra,thai-buddhist,ขึ้น 15 ค่ำ เดือน 1,1,15,waxing,15,
2063-12-13,2063,2606,星期四,wan_phra,泰國佛日,วันพระ,Wan Phra,thai-buddhist,แรม 8 ค่ำ เดือน 1,1,23,waning,8,
2063-12-19,2063,2606,星期三,wan_phra,泰國佛日,วันพระ,Wan Phra,thai-buddhist,แรม 14 ค่ำ เดือน 1,1,29,waning,14,
2063-12-27,2063,2606,星期四,wan_phra,泰國佛日,วันพระ,Wan Phra,thai-buddhist,ขึ้น 8 ค่ำ เดือน 2,2,8,waxing,8,
2064-01-03,2064,2607,星期四,wan_phra,泰國佛日,วันพระ,Wan Phra,thai-buddhist,ขึ้น 15 ค่ำ เดือน 2,2,15,waxing,15,
2064-01-11,2064,2607,星期五,wan_phra,泰國佛日,วันพระ,Wan Phra,thai-buddhist,แรม 8 ค่ำ เดือน 2,2,23,waning,8,
2064-01-18,2064,2607,星期五,wan_phra,泰國佛日,วันพระ,Wan Phra,thai-buddhist,แรม 15 ค่ำ เดือน 2,2,30,waning,15,
2064-01-26,2064,2607,星期六,wan_phra,泰國佛日,วันพระ,Wan Phra,thai-buddhist,ขึ้น 8 ค่ำ เดือน 3,3,8,waxing,8,
2064-02-02,2064,2607,星期六,wan_phra,泰國佛日,วันพระ,Wan Phra,thai-buddhist,ขึ้น 15 ค่ำ เดือน 3,3,15,waxing,15,
2064-02-10,2064,2607,星期日,wan_phra,泰國佛日,วันพระ,Wan Phra,thai-buddhist,แรม 8 ค่ำ เดือน 3,3,23,waning,8,
2064-02-16,2064,2607,星期六,wan_phra,泰國佛日,วันพระ,Wan Phra,thai-buddhist,แรม 14 ค่ำ เดือน 3,3,29,waning,14,
2064-02-24,2064,2607,星期日,wan_phra,泰國佛日,วันพระ,Wan Phra,thai-buddhist,ขึ้น 8 ค่ำ เดือน 4,4,8,waxing,8,
2064-03-02,2064,2607,星期日,makha_bucha,萬佛節,มาฆบูชา,Makha Bucha,thai-buddhist-major,ขึ้น 15 ค่ำ เดือน 4,4,15,waxing,15,
2064-03-02,2064,2607,星期日,wan_phra,泰國佛日,วันพระ,Wan Phra,thai-buddhist,ขึ้น 15 ค่ำ เดือน 4,4,15,waxing,15,
2064-03-10,2064,2607,星期一,wan_phra,泰國佛日,วันพระ,Wan Phra,thai-buddhist,แรม 8 ค่ำ เดือน 4,4,23,waning,8,
2064-03-17,2064,2607,星期一,wan_phra,泰國佛日,วันพระ,Wan Phra,thai-buddhist,แรม 15 ค่ำ เดือน 4,4,30,waning,15,
2064-03-22,2064,2607,星期六,sao_ha_candidate,騷哈日候選 / 稍哈日候選,เสาร์ 5,Sao Ha candidate,thai-amulet-auspicious-day,ขึ้น 5 ค่ำ เดือน 5,5,5,waxing,5,按規則產生：星期六 + 泰國陰曆 5 月 + ขึ้น 5 ค่ำ 或 แรม 5 ค่ำ。未做人工作法會或高僧認定。
2064-03-25,2064,2607,星期二,wan_phra,泰國佛日,วันพระ,Wan Phra,thai-buddhist,ขึ้น 8 ค่ำ เดือน 5,5,8,waxing,8,
2064-04-01,2064,2607,星期二,wan_phra,泰國佛日,วันพระ,Wan Phra,thai-buddhist,ขึ้น 15 ค่ำ เดือน 5,5,15,waxing,15,
2064-04-09,2064,2607,星期三,wan_phra,泰國佛日,วันพระ,Wan Phra,thai-buddhist,แรม 8 ค่ำ เดือน 5,5,23,waning,8,
2064-04-15,2064,2607,星期二,wan_phra,泰國佛日,วันพระ,Wan Phra,thai-buddhist,แรม 14 ค่ำ เดือน 5,5,29,waning,14,
2064-04-23,2064,2607,星期三,wan_phra,泰國佛日,วันพระ,Wan Phra,thai-buddhist,ขึ้น 8 ค่ำ เดือน 6,6,8,waxing,8,
2064-04-30,2064,2607,星期三,wan_phra,泰國佛日,วันพระ,Wan Phra,thai-buddhist,ขึ้น 15 ค่ำ เดือน 6,6,15,waxing,15,
2064-05-08,2064,2607,星期四,wan_phra,泰國佛日,วันพระ,Wan Phra,thai-buddhist,แรม 8 ค่ำ เดือน 6,6,23,waning,8,
2064-05-15,2064,2607,星期四,wan_phra,泰國佛日,วันพระ,Wan Phra,thai-buddhist,แรม 15 ค่ำ เดือน 6,6,30,waning,15,
2064-05-23,2064,2607,星期五,wan_phra,泰國佛日,วันพระ,Wan Phra,thai-buddhist,ขึ้น 8 ค่ำ เดือน 7,7,8,waxing,8,
2064-05-30,2064,2607,星期五,visakha_bucha,衛塞節,วิสาขบูชา,Visakha Bucha,thai-buddhist-major,ขึ้น 15 ค่ำ เดือน 7,7,15,waxing,15,
2064-05-30,2064,2607,星期五,wan_phra,泰國佛日,วันพระ,Wan Phra,thai-buddhist,ขึ้น 15 ค่ำ เดือน 7,7,15,waxing,15,
2064-06-07,2064,2607,星期六,wan_phra,泰國佛日,วันพระ,Wan Phra,thai-buddhist,แรม 8 ค่ำ เดือน 7,7,23,waning,8,
2064-06-13,2064,2607,星期五,wan_phra,泰國佛日,วันพระ,Wan Phra,thai-buddhist,แรม 14 ค่ำ เดือน 7,7,29,waning,14,
2064-06-21,2064,2607,星期六,wan_phra,泰國佛日,วันพระ,Wan Phra,thai-buddhist,ขึ้น 8 ค่ำ เดือน 8,8,8,waxing,8,
2064-06-28,2064,2607,星期六,wan_phra,泰國佛日,วันพระ,Wan Phra,thai-buddhist,ขึ้น 15 ค่ำ เดือน 8,8,15,waxing,15,
2064-07-06,2064,2607,星期日,wan_phra,泰國佛日,วันพระ,Wan Phra,thai-buddhist,แรม 8 ค่ำ เดือน 8,8,23,waning,8,
2064-07-13,2064,2607,星期日,wan_phra,泰國佛日,วันพระ,Wan Phra,thai-buddhist,แรม 15 ค่ำ เดือน 8,8,30,waning,15,
2064-07-21,2064,2607,星期一,wan_phra,泰國佛日,วันพระ,Wan Phra,thai-buddhist,ขึ้น 8 ค่ำ เดือน 88,88,8,waxing,8,
2064-07-28,2064,2607,星期一,wan_phra,泰國佛日,วันพระ,Wan Phra,thai-buddhist,ขึ้น 15 ค่ำ เดือน 88,88,15,waxing,15,
2064-07-29,2064,2607,星期二,khao_phansa,入雨安居,เข้าพรรษา,Khao Phansa,thai-buddhist-major,แรม 1 ค่ำ เดือน 88,88,16,waning,1,
2064-08-05,2064,2607,星期二,wan_phra,泰國佛日,วันพระ,Wan Phra,thai-buddhist,แรม 8 ค่ำ เดือน 88,88,23,waning,8,
2064-08-12,2064,2607,星期二,wan_phra,泰國佛日,วันพระ,Wan Phra,thai-buddhist,แรม 15 ค่ำ เดือน 88,88,30,waning,15,
2064-08-20,2064,2607,星期三,wan_phra,泰國佛日,วันพระ,Wan Phra,thai-buddhist,ขึ้น 8 ค่ำ เดือน 9,9,8,waxing,8,
2064-08-27,2064,2607,星期三,wan_phra,泰國佛日,วันพระ,Wan Phra,thai-buddhist,ขึ้น 15 ค่ำ เดือน 9,9,15,waxing,15,
2064-09-04,2064,2607,星期四,wan_phra,泰國佛日,วันพระ,Wan Phra,thai-buddhist,แรม 8 ค่ำ เดือน 9,9,23,waning,8,
2064-09-10,2064,2607,星期三,wan_phra,泰國佛日,วันพระ,Wan Phra,thai-buddhist,แรม 14 ค่ำ เดือน 9,9,29,waning,14,
2064-09-18,2064,2607,星期四,wan_phra,泰國佛日,วันพระ,Wan Phra,thai-buddhist,ขึ้น 8 ค่ำ เดือน 10,10,8,waxing,8,
2064-09-25,2064,2607,星期四,wan_phra,泰國佛日,วันพระ,Wan Phra,thai-buddhist,ขึ้น 15 ค่ำ เดือน 10,10,15,waxing,15,
2064-10-03,2064,2607,星期五,wan_phra,泰國佛日,วันพระ,Wan Phra,thai-buddhist,แรม 8 ค่ำ เดือน 10,10,23,waning,8,
2064-10-10,2064,2607,星期五,wan_phra,泰國佛日,วันพระ,Wan Phra,thai-buddhist,แรม 15 ค่ำ เดือน 10,10,30,waning,15,
2064-10-18,2064,2607,星期六,wan_phra,泰國佛日,วันพระ,Wan Phra,thai-buddhist,ขึ้น 8 ค่ำ เดือน 11,11,8,waxing,8,
2064-10-25,2064,2607,星期六,ok_phansa,出雨安居,ออกพรรษา,Ok Phansa,thai-buddhist-major,ขึ้น 15 ค่ำ เดือน 11,11,15,waxing,15,
2064-10-25,2064,2607,星期六,wan_phra,泰國佛日,วันพระ,Wan Phra,thai-buddhist,ขึ้น 15 ค่ำ เดือน 11,11,15,waxing,15,
2064-11-02,2064,2607,星期日,wan_phra,泰國佛日,วันพระ,Wan Phra,thai-buddhist,แรม 8 ค่ำ เดือน 11,11,23,waning,8,
2064-11-08,2064,2607,星期六,wan_phra,泰國佛日,วันพระ,Wan Phra,thai-buddhist,แรม 14 ค่ำ เดือน 11,11,29,waning,14,
2064-11-16,2064,2607,星期日,wan_phra,泰國佛日,วันพระ,Wan Phra,thai-buddhist,ขึ้น 8 ค่ำ เดือน 12,12,8,waxing,8,
2064-11-23,2064,2607,星期日,wan_phra,泰國佛日,วันพระ,Wan Phra,thai-buddhist,ขึ้น 15 ค่ำ เดือน 12,12,15,waxing,15,
2064-12-01,2064,2607,星期一,wan_phra,泰國佛日,วันพระ,Wan Phra,thai-buddhist,แรม 8 ค่ำ เดือน 12,12,23,waning,8,
2064-12-08,2064,2607,星期一,wan_phra,泰國佛日,วันพระ,Wan Phra,thai-buddhist,แรม 15 ค่ำ เดือน 12,12,30,waning,15,
2064-12-16,2064,2607,星期二,wan_phra,泰國佛日,วันพระ,Wan Phra,thai-buddhist,ขึ้น 8 ค่ำ เดือน 1,1,8,waxing,8,
2064-12-23,2064,2607,星期二,wan_phra,泰國佛日,วันพระ,Wan Phra,thai-buddhist,ขึ้น 15 ค่ำ เดือน 1,1,15,waxing,15,
2064-12-31,2064,2607,星期三,wan_phra,泰國佛日,วันพระ,Wan Phra,thai-buddhist,แรม 8 ค่ำ เดือน 1,1,23,waning,8,
2065-01-06,2065,2608,星期二,wan_phra,泰國佛日,วันพระ,Wan Phra,thai-buddhist,แรม 14 ค่ำ เดือน 1,1,29,waning,14,
2065-01-14,2065,2608,星期三,wan_phra,泰國佛日,วันพระ,Wan Phra,thai-buddhist,ขึ้น 8 ค่ำ เดือน 2,2,8,waxing,8,
2065-01-21,2065,2608,星期三,wan_phra,泰國佛日,วันพระ,Wan Phra,thai-buddhist,ขึ้น 15 ค่ำ เดือน 2,2,15,waxing,15,
2065-01-29,2065,2608,星期四,wan_phra,泰國佛日,วันพระ,Wan Phra,thai-buddhist,แรม 8 ค่ำ เดือน 2,2,23,waning,8,
2065-02-05,2065,2608,星期四,wan_phra,泰國佛日,วันพระ,Wan Phra,thai-buddhist,แรม 15 ค่ำ เดือน 2,2,30,waning,15,
2065-02-13,2065,2608,星期五,wan_phra,泰國佛日,วันพระ,Wan Phra,thai-buddhist,ขึ้น 8 ค่ำ เดือน 3,3,8,waxing,8,
2065-02-20,2065,2608,星期五,makha_bucha,萬佛節,มาฆบูชา,Makha Bucha,thai-buddhist-major,ขึ้น 15 ค่ำ เดือน 3,3,15,waxing,15,
2065-02-20,2065,2608,星期五,wan_phra,泰國佛日,วันพระ,Wan Phra,thai-buddhist,ขึ้น 15 ค่ำ เดือน 3,3,15,waxing,15,
2065-02-28,2065,2608,星期六,wan_phra,泰國佛日,วันพระ,Wan Phra,thai-buddhist,แรม 8 ค่ำ เดือน 3,3,23,waning,8,
2065-03-06,2065,2608,星期五,wan_phra,泰國佛日,วันพระ,Wan Phra,thai-buddhist,แรม 14 ค่ำ เดือน 3,3,29,waning,14,
2065-03-14,2065,2608,星期六,wan_phra,泰國佛日,วันพระ,Wan Phra,thai-buddhist,ขึ้น 8 ค่ำ เดือน 4,4,8,waxing,8,
2065-03-21,2065,2608,星期六,wan_phra,泰國佛日,วันพระ,Wan Phra,thai-buddhist,ขึ้น 15 ค่ำ เดือน 4,4,15,waxing,15,
2065-03-29,2065,2608,星期日,wan_phra,泰國佛日,วันพระ,Wan Phra,thai-buddhist,แรม 8 ค่ำ เดือน 4,4,23,waning,8,
2065-04-05,2065,2608,星期日,wan_phra,泰國佛日,วันพระ,Wan Phra,thai-buddhist,แรม 15 ค่ำ เดือน 4,4,30,waning,15,
2065-04-13,2065,2608,星期一,wan_phra,泰國佛日,วันพระ,Wan Phra,thai-buddhist,ขึ้น 8 ค่ำ เดือน 5,5,8,waxing,8,
2065-04-20,2065,2608,星期一,wan_phra,泰國佛日,วันพระ,Wan Phra,thai-buddhist,ขึ้น 15 ค่ำ เดือน 5,5,15,waxing,15,
2065-04-25,2065,2608,星期六,sao_ha_candidate,騷哈日候選 / 稍哈日候選,เสาร์ 5,Sao Ha candidate,thai-amulet-auspicious-day,แรม 5 ค่ำ เดือน 5,5,20,waning,5,按規則產生：星期六 + 泰國陰曆 5 月 + ขึ้น 5 ค่ำ 或 แรม 5 ค่ำ。未做人工作法會或高僧認定。
2065-04-28,2065,2608,星期二,wan_phra,泰國佛日,วันพระ,Wan Phra,thai-buddhist,แรม 8 ค่ำ เดือน 5,5,23,waning,8,
2065-05-04,2065,2608,星期一,wan_phra,泰國佛日,วันพระ,Wan Phra,thai-buddhist,แรม 14 ค่ำ เดือน 5,5,29,waning,14,
2065-05-12,2065,2608,星期二,wan_phra,泰國佛日,วันพระ,Wan Phra,thai-buddhist,ขึ้น 8 ค่ำ เดือน 6,6,8,waxing,8,
2065-05-19,2065,2608,星期二,visakha_bucha,衛塞節,วิสาขบูชา,Visakha Bucha,thai-buddhist-major,ขึ้น 15 ค่ำ เดือน 6,6,15,waxing,15,
2065-05-19,2065,2608,星期二,wan_phra,泰國佛日,วันพระ,Wan Phra,thai-buddhist,ขึ้น 15 ค่ำ เดือน 6,6,15,waxing,15,
2065-05-27,2065,2608,星期三,wan_phra,泰國佛日,วันพระ,Wan Phra,thai-buddhist,แรม 8 ค่ำ เดือน 6,6,23,waning,8,
2065-06-03,2065,2608,星期三,wan_phra,泰國佛日,วันพระ,Wan Phra,thai-buddhist,แรม 15 ค่ำ เดือน 6,6,30,waning,15,
2065-06-11,2065,2608,星期四,wan_phra,泰國佛日,วันพระ,Wan Phra,thai-buddhist,ขึ้น 8 ค่ำ เดือน 7,7,8,waxing,8,
2065-06-18,2065,2608,星期四,wan_phra,泰國佛日,วันพระ,Wan Phra,thai-buddhist,ขึ้น 15 ค่ำ เดือน 7,7,15,waxing,15,
2065-06-26,2065,2608,星期五,wan_phra,泰國佛日,วันพระ,Wan Phra,thai-buddhist,แรม 8 ค่ำ เดือน 7,7,23,waning,8,
2065-07-02,2065,2608,星期四,wan_phra,泰國佛日,วันพระ,Wan Phra,thai-buddhist,แรม 14 ค่ำ เดือน 7,7,29,waning,14,
2065-07-10,2065,2608,星期五,wan_phra,泰國佛日,วันพระ,Wan Phra,thai-buddhist,ขึ้น 8 ค่ำ เดือน 8,8,8,waxing,8,
2065-07-17,2065,2608,星期五,wan_phra,泰國佛日,วันพระ,Wan Phra,thai-buddhist,ขึ้น 15 ค่ำ เดือน 8,8,15,waxing,15,
2065-07-18,2065,2608,星期六,khao_phansa,入雨安居,เข้าพรรษา,Khao Phansa,thai-buddhist-major,แรม 1 ค่ำ เดือน 8,8,16,waning,1,
2065-07-25,2065,2608,星期六,wan_phra,泰國佛日,วันพระ,Wan Phra,thai-buddhist,แรม 8 ค่ำ เดือน 8,8,23,waning,8,
2065-08-01,2065,2608,星期六,wan_phra,泰國佛日,วันพระ,Wan Phra,thai-buddhist,แรม 15 ค่ำ เดือน 8,8,30,waning,15,
2065-08-09,2065,2608,星期日,wan_phra,泰國佛日,วันพระ,Wan Phra,thai-buddhist,ขึ้น 8 ค่ำ เดือน 9,9,8,waxing,8,
2065-08-16,2065,2608,星期日,wan_phra,泰國佛日,วันพระ,Wan Phra,thai-buddhist,ขึ้น 15 ค่ำ เดือน 9,9,15,waxing,15,
2065-08-24,2065,2608,星期一,wan_phra,泰國佛日,วันพระ,Wan Phra,thai-buddhist,แรม 8 ค่ำ เดือน 9,9,23,waning,8,
2065-08-30,2065,2608,星期日,wan_phra,泰國佛日,วันพระ,Wan Phra,thai-buddhist,แรม 14 ค่ำ เดือน 9,9,29,waning,14,
2065-09-07,2065,2608,星期一,wan_phra,泰國佛日,วันพระ,Wan Phra,thai-buddhist,ขึ้น 8 ค่ำ เดือน 10,10,8,waxing,8,
2065-09-14,2065,2608,星期一,wan_phra,泰國佛日,วันพระ,Wan Phra,thai-buddhist,ขึ้น 15 ค่ำ เดือน 10,10,15,waxing,15,
2065-09-22,2065,2608,星期二,wan_phra,泰國佛日,วันพระ,Wan Phra,thai-buddhist,แรม 8 ค่ำ เดือน 10,10,23,waning,8,
2065-09-29,2065,2608,星期二,wan_phra,泰國佛日,วันพระ,Wan Phra,thai-buddhist,แรม 15 ค่ำ เดือน 10,10,30,waning,15,
2065-10-07,2065,2608,星期三,wan_phra,泰國佛日,วันพระ,Wan Phra,thai-buddhist,ขึ้น 8 ค่ำ เดือน 11,11,8,waxing,8,
2065-10-14,2065,2608,星期三,ok_phansa,出雨安居,ออกพรรษา,Ok Phansa,thai-buddhist-major,ขึ้น 15 ค่ำ เดือน 11,11,15,waxing,15,
2065-10-14,2065,2608,星期三,wan_phra,泰國佛日,วันพระ,Wan Phra,thai-buddhist,ขึ้น 15 ค่ำ เดือน 11,11,15,waxing,15,
2065-10-22,2065,2608,星期四,wan_phra,泰國佛日,วันพระ,Wan Phra,thai-buddhist,แรม 8 ค่ำ เดือน 11,11,23,waning,8,
2065-10-28,2065,2608,星期三,wan_phra,泰國佛日,วันพระ,Wan Phra,thai-buddhist,แรม 14 ค่ำ เดือน 11,11,29,waning,14,
2065-11-05,2065,2608,星期四,wan_phra,泰國佛日,วันพระ,Wan Phra,thai-buddhist,ขึ้น 8 ค่ำ เดือน 12,12,8,waxing,8,
2065-11-12,2065,2608,星期四,wan_phra,泰國佛日,วันพระ,Wan Phra,thai-buddhist,ขึ้น 15 ค่ำ เดือน 12,12,15,waxing,15,
2065-11-20,2065,2608,星期五,wan_phra,泰國佛日,วันพระ,Wan Phra,thai-buddhist,แรม 8 ค่ำ เดือน 12,12,23,waning,8,
2065-11-27,2065,2608,星期五,wan_phra,泰國佛日,วันพระ,Wan Phra,thai-buddhist,แรม 15 ค่ำ เดือน 12,12,30,waning,15,
2065-12-05,2065,2608,星期六,wan_phra,泰國佛日,วันพระ,Wan Phra,thai-buddhist,ขึ้น 8 ค่ำ เดือน 1,1,8,waxing,8,
2065-12-12,2065,2608,星期六,wan_phra,泰國佛日,วันพระ,Wan Phra,thai-buddhist,ขึ้น 15 ค่ำ เดือน 1,1,15,waxing,15,
2065-12-20,2065,2608,星期日,wan_phra,泰國佛日,วันพระ,Wan Phra,thai-buddhist,แรม 8 ค่ำ เดือน 1,1,23,waning,8,
2065-12-26,2065,2608,星期六,wan_phra,泰國佛日,วันพระ,Wan Phra,thai-buddhist,แรม 14 ค่ำ เดือน 1,1,29,waning,14,
2066-01-03,2066,2609,星期日,wan_phra,泰國佛日,วันพระ,Wan Phra,thai-buddhist,ขึ้น 8 ค่ำ เดือน 2,2,8,waxing,8,
2066-01-10,2066,2609,星期日,wan_phra,泰國佛日,วันพระ,Wan Phra,thai-buddhist,ขึ้น 15 ค่ำ เดือน 2,2,15,waxing,15,
2066-01-18,2066,2609,星期一,wan_phra,泰國佛日,วันพระ,Wan Phra,thai-buddhist,แรม 8 ค่ำ เดือน 2,2,23,waning,8,
2066-01-25,2066,2609,星期一,wan_phra,泰國佛日,วันพระ,Wan Phra,thai-buddhist,แรม 15 ค่ำ เดือน 2,2,30,waning,15,
2066-02-02,2066,2609,星期二,wan_phra,泰國佛日,วันพระ,Wan Phra,thai-buddhist,ขึ้น 8 ค่ำ เดือน 3,3,8,waxing,8,
2066-02-09,2066,2609,星期二,makha_bucha,萬佛節,มาฆบูชา,Makha Bucha,thai-buddhist-major,ขึ้น 15 ค่ำ เดือน 3,3,15,waxing,15,
2066-02-09,2066,2609,星期二,wan_phra,泰國佛日,วันพระ,Wan Phra,thai-buddhist,ขึ้น 15 ค่ำ เดือน 3,3,15,waxing,15,
2066-02-17,2066,2609,星期三,wan_phra,泰國佛日,วันพระ,Wan Phra,thai-buddhist,แรม 8 ค่ำ เดือน 3,3,23,waning,8,
2066-02-23,2066,2609,星期二,wan_phra,泰國佛日,วันพระ,Wan Phra,thai-buddhist,แรม 14 ค่ำ เดือน 3,3,29,waning,14,
2066-03-03,2066,2609,星期三,wan_phra,泰國佛日,วันพระ,Wan Phra,thai-buddhist,ขึ้น 8 ค่ำ เดือน 4,4,8,waxing,8,
2066-03-10,2066,2609,星期三,wan_phra,泰國佛日,วันพระ,Wan Phra,thai-buddhist,ขึ้น 15 ค่ำ เดือน 4,4,15,waxing,15,
2066-03-18,2066,2609,星期四,wan_phra,泰國佛日,วันพระ,Wan Phra,thai-buddhist,แรม 8 ค่ำ เดือน 4,4,23,waning,8,
2066-03-25,2066,2609,星期四,wan_phra,泰國佛日,วันพระ,Wan Phra,thai-buddhist,แรม 15 ค่ำ เดือน 4,4,30,waning,15,
2066-04-02,2066,2609,星期五,wan_phra,泰國佛日,วันพระ,Wan Phra,thai-buddhist,ขึ้น 8 ค่ำ เดือน 5,5,8,waxing,8,
2066-04-09,2066,2609,星期五,wan_phra,泰國佛日,วันพระ,Wan Phra,thai-buddhist,ขึ้น 15 ค่ำ เดือน 5,5,15,waxing,15,
2066-04-17,2066,2609,星期六,wan_phra,泰國佛日,วันพระ,Wan Phra,thai-buddhist,แรม 8 ค่ำ เดือน 5,5,23,waning,8,
2066-04-23,2066,2609,星期五,wan_phra,泰國佛日,วันพระ,Wan Phra,thai-buddhist,แรม 14 ค่ำ เดือน 5,5,29,waning,14,
2066-05-01,2066,2609,星期六,wan_phra,泰國佛日,วันพระ,Wan Phra,thai-buddhist,ขึ้น 8 ค่ำ เดือน 6,6,8,waxing,8,
2066-05-08,2066,2609,星期六,visakha_bucha,衛塞節,วิสาขบูชา,Visakha Bucha,thai-buddhist-major,ขึ้น 15 ค่ำ เดือน 6,6,15,waxing,15,
2066-05-08,2066,2609,星期六,wan_phra,泰國佛日,วันพระ,Wan Phra,thai-buddhist,ขึ้น 15 ค่ำ เดือน 6,6,15,waxing,15,
2066-05-16,2066,2609,星期日,wan_phra,泰國佛日,วันพระ,Wan Phra,thai-buddhist,แรม 8 ค่ำ เดือน 6,6,23,waning,8,
2066-05-23,2066,2609,星期日,wan_phra,泰國佛日,วันพระ,Wan Phra,thai-buddhist,แรม 15 ค่ำ เดือน 6,6,30,waning,15,
2066-05-31,2066,2609,星期一,wan_phra,泰國佛日,วันพระ,Wan Phra,thai-buddhist,ขึ้น 8 ค่ำ เดือน 7,7,8,waxing,8,
2066-06-07,2066,2609,星期一,wan_phra,泰國佛日,วันพระ,Wan Phra,thai-buddhist,ขึ้น 15 ค่ำ เดือน 7,7,15,waxing,15,
2066-06-15,2066,2609,星期二,wan_phra,泰國佛日,วันพระ,Wan Phra,thai-buddhist,แรม 8 ค่ำ เดือน 7,7,23,waning,8,
2066-06-22,2066,2609,星期二,wan_phra,泰國佛日,วันพระ,Wan Phra,thai-buddhist,แรม 15 ค่ำ เดือน 7,7,30,waning,15,
2066-06-30,2066,2609,星期三,wan_phra,泰國佛日,วันพระ,Wan Phra,thai-buddhist,ขึ้น 8 ค่ำ เดือน 8,8,8,waxing,8,
2066-07-07,2066,2609,星期三,wan_phra,泰國佛日,วันพระ,Wan Phra,thai-buddhist,ขึ้น 15 ค่ำ เดือน 8,8,15,waxing,15,
2066-07-08,2066,2609,星期四,khao_phansa,入雨安居,เข้าพรรษา,Khao Phansa,thai-buddhist-major,แรม 1 ค่ำ เดือน 8,8,16,waning,1,
2066-07-15,2066,2609,星期四,wan_phra,泰國佛日,วันพระ,Wan Phra,thai-buddhist,แรม 8 ค่ำ เดือน 8,8,23,waning,8,
2066-07-22,2066,2609,星期四,wan_phra,泰國佛日,วันพระ,Wan Phra,thai-buddhist,แรม 15 ค่ำ เดือน 8,8,30,waning,15,
2066-07-30,2066,2609,星期五,wan_phra,泰國佛日,วันพระ,Wan Phra,thai-buddhist,ขึ้น 8 ค่ำ เดือน 9,9,8,waxing,8,
2066-08-06,2066,2609,星期五,wan_phra,泰國佛日,วันพระ,Wan Phra,thai-buddhist,ขึ้น 15 ค่ำ เดือน 9,9,15,waxing,15,
2066-08-14,2066,2609,星期六,wan_phra,泰國佛日,วันพระ,Wan Phra,thai-buddhist,แรม 8 ค่ำ เดือน 9,9,23,waning,8,
2066-08-20,2066,2609,星期五,wan_phra,泰國佛日,วันพระ,Wan Phra,thai-buddhist,แรม 14 ค่ำ เดือน 9,9,29,waning,14,
2066-08-28,2066,2609,星期六,wan_phra,泰國佛日,วันพระ,Wan Phra,thai-buddhist,ขึ้น 8 ค่ำ เดือน 10,10,8,waxing,8,
2066-09-04,2066,2609,星期六,wan_phra,泰國佛日,วันพระ,Wan Phra,thai-buddhist,ขึ้น 15 ค่ำ เดือน 10,10,15,waxing,15,
2066-09-12,2066,2609,星期日,wan_phra,泰國佛日,วันพระ,Wan Phra,thai-buddhist,แรม 8 ค่ำ เดือน 10,10,23,waning,8,
2066-09-19,2066,2609,星期日,wan_phra,泰國佛日,วันพระ,Wan Phra,thai-buddhist,แรม 15 ค่ำ เดือน 10,10,30,waning,15,
2066-09-27,2066,2609,星期一,wan_phra,泰國佛日,วันพระ,Wan Phra,thai-buddhist,ขึ้น 8 ค่ำ เดือน 11,11,8,waxing,8,
2066-10-04,2066,2609,星期一,ok_phansa,出雨安居,ออกพรรษา,Ok Phansa,thai-buddhist-major,ขึ้น 15 ค่ำ เดือน 11,11,15,waxing,15,
2066-10-04,2066,2609,星期一,wan_phra,泰國佛日,วันพระ,Wan Phra,thai-buddhist,ขึ้น 15 ค่ำ เดือน 11,11,15,waxing,15,
2066-10-12,2066,2609,星期二,wan_phra,泰國佛日,วันพระ,Wan Phra,thai-buddhist,แรม 8 ค่ำ เดือน 11,11,23,waning,8,
2066-10-18,2066,2609,星期一,wan_phra,泰國佛日,วันพระ,Wan Phra,thai-buddhist,แรม 14 ค่ำ เดือน 11,11,29,waning,14,
2066-10-26,2066,2609,星期二,wan_phra,泰國佛日,วันพระ,Wan Phra,thai-buddhist,ขึ้น 8 ค่ำ เดือน 12,12,8,waxing,8,
2066-11-02,2066,2609,星期二,wan_phra,泰國佛日,วันพระ,Wan Phra,thai-buddhist,ขึ้น 15 ค่ำ เดือน 12,12,15,waxing,15,
2066-11-10,2066,2609,星期三,wan_phra,泰國佛日,วันพระ,Wan Phra,thai-buddhist,แรม 8 ค่ำ เดือน 12,12,23,waning,8,
2066-11-17,2066,2609,星期三,wan_phra,泰國佛日,วันพระ,Wan Phra,thai-buddhist,แรม 15 ค่ำ เดือน 12,12,30,waning,15,
2066-11-25,2066,2609,星期四,wan_phra,泰國佛日,วันพระ,Wan Phra,thai-buddhist,ขึ้น 8 ค่ำ เดือน 1,1,8,waxing,8,
2066-12-02,2066,2609,星期四,wan_phra,泰國佛日,วันพระ,Wan Phra,thai-buddhist,ขึ้น 15 ค่ำ เดือน 1,1,15,waxing,15,
2066-12-10,2066,2609,星期五,wan_phra,泰國佛日,วันพระ,Wan Phra,thai-buddhist,แรม 8 ค่ำ เดือน 1,1,23,waning,8,
2066-12-16,2066,2609,星期四,wan_phra,泰國佛日,วันพระ,Wan Phra,thai-buddhist,แรม 14 ค่ำ เดือน 1,1,29,waning,14,
2066-12-24,2066,2609,星期五,wan_phra,泰國佛日,วันพระ,Wan Phra,thai-buddhist,ขึ้น 8 ค่ำ เดือน 2,2,8,waxing,8,
2066-12-31,2066,2609,星期五,wan_phra,泰國佛日,วันพระ,Wan Phra,thai-buddhist,ขึ้น 15 ค่ำ เดือน 2,2,15,waxing,15,
2067-01-08,2067,2610,星期六,wan_phra,泰國佛日,วันพระ,Wan Phra,thai-buddhist,แรม 8 ค่ำ เดือน 2,2,23,waning,8,
2067-01-15,2067,2610,星期六,wan_phra,泰國佛日,วันพระ,Wan Phra,thai-buddhist,แรม 15 ค่ำ เดือน 2,2,30,waning,15,
2067-01-23,2067,2610,星期日,wan_phra,泰國佛日,วันพระ,Wan Phra,thai-buddhist,ขึ้น 8 ค่ำ เดือน 3,3,8,waxing,8,
2067-01-30,2067,2610,星期日,wan_phra,泰國佛日,วันพระ,Wan Phra,thai-buddhist,ขึ้น 15 ค่ำ เดือน 3,3,15,waxing,15,
2067-02-07,2067,2610,星期一,wan_phra,泰國佛日,วันพระ,Wan Phra,thai-buddhist,แรม 8 ค่ำ เดือน 3,3,23,waning,8,
2067-02-13,2067,2610,星期日,wan_phra,泰國佛日,วันพระ,Wan Phra,thai-buddhist,แรม 14 ค่ำ เดือน 3,3,29,waning,14,
2067-02-21,2067,2610,星期一,wan_phra,泰國佛日,วันพระ,Wan Phra,thai-buddhist,ขึ้น 8 ค่ำ เดือน 4,4,8,waxing,8,
2067-02-28,2067,2610,星期一,makha_bucha,萬佛節,มาฆบูชา,Makha Bucha,thai-buddhist-major,ขึ้น 15 ค่ำ เดือน 4,4,15,waxing,15,
2067-02-28,2067,2610,星期一,wan_phra,泰國佛日,วันพระ,Wan Phra,thai-buddhist,ขึ้น 15 ค่ำ เดือน 4,4,15,waxing,15,
2067-03-08,2067,2610,星期二,wan_phra,泰國佛日,วันพระ,Wan Phra,thai-buddhist,แรม 8 ค่ำ เดือน 4,4,23,waning,8,
2067-03-15,2067,2610,星期二,wan_phra,泰國佛日,วันพระ,Wan Phra,thai-buddhist,แรม 15 ค่ำ เดือน 4,4,30,waning,15,
2067-03-23,2067,2610,星期三,wan_phra,泰國佛日,วันพระ,Wan Phra,thai-buddhist,ขึ้น 8 ค่ำ เดือน 5,5,8,waxing,8,
2067-03-30,2067,2610,星期三,wan_phra,泰國佛日,วันพระ,Wan Phra,thai-buddhist,ขึ้น 15 ค่ำ เดือน 5,5,15,waxing,15,
2067-04-07,2067,2610,星期四,wan_phra,泰國佛日,วันพระ,Wan Phra,thai-buddhist,แรม 8 ค่ำ เดือน 5,5,23,waning,8,
2067-04-13,2067,2610,星期三,wan_phra,泰國佛日,วันพระ,Wan Phra,thai-buddhist,แรม 14 ค่ำ เดือน 5,5,29,waning,14,
2067-04-21,2067,2610,星期四,wan_phra,泰國佛日,วันพระ,Wan Phra,thai-buddhist,ขึ้น 8 ค่ำ เดือน 6,6,8,waxing,8,
2067-04-28,2067,2610,星期四,wan_phra,泰國佛日,วันพระ,Wan Phra,thai-buddhist,ขึ้น 15 ค่ำ เดือน 6,6,15,waxing,15,
2067-05-06,2067,2610,星期五,wan_phra,泰國佛日,วันพระ,Wan Phra,thai-buddhist,แรม 8 ค่ำ เดือน 6,6,23,waning,8,
2067-05-13,2067,2610,星期五,wan_phra,泰國佛日,วันพระ,Wan Phra,thai-buddhist,แรม 15 ค่ำ เดือน 6,6,30,waning,15,
2067-05-21,2067,2610,星期六,wan_phra,泰國佛日,วันพระ,Wan Phra,thai-buddhist,ขึ้น 8 ค่ำ เดือน 7,7,8,waxing,8,
2067-05-28,2067,2610,星期六,visakha_bucha,衛塞節,วิสาขบูชา,Visakha Bucha,thai-buddhist-major,ขึ้น 15 ค่ำ เดือน 7,7,15,waxing,15,
2067-05-28,2067,2610,星期六,wan_phra,泰國佛日,วันพระ,Wan Phra,thai-buddhist,ขึ้น 15 ค่ำ เดือน 7,7,15,waxing,15,
2067-06-05,2067,2610,星期日,wan_phra,泰國佛日,วันพระ,Wan Phra,thai-buddhist,แรม 8 ค่ำ เดือน 7,7,23,waning,8,
2067-06-11,2067,2610,星期六,wan_phra,泰國佛日,วันพระ,Wan Phra,thai-buddhist,แรม 14 ค่ำ เดือน 7,7,29,waning,14,
2067-06-19,2067,2610,星期日,wan_phra,泰國佛日,วันพระ,Wan Phra,thai-buddhist,ขึ้น 8 ค่ำ เดือน 8,8,8,waxing,8,
2067-06-26,2067,2610,星期日,wan_phra,泰國佛日,วันพระ,Wan Phra,thai-buddhist,ขึ้น 15 ค่ำ เดือน 8,8,15,waxing,15,
2067-07-04,2067,2610,星期一,wan_phra,泰國佛日,วันพระ,Wan Phra,thai-buddhist,แรม 8 ค่ำ เดือน 8,8,23,waning,8,
2067-07-11,2067,2610,星期一,wan_phra,泰國佛日,วันพระ,Wan Phra,thai-buddhist,แรม 15 ค่ำ เดือน 8,8,30,waning,15,
2067-07-19,2067,2610,星期二,wan_phra,泰國佛日,วันพระ,Wan Phra,thai-buddhist,ขึ้น 8 ค่ำ เดือน 88,88,8,waxing,8,
2067-07-26,2067,2610,星期二,wan_phra,泰國佛日,วันพระ,Wan Phra,thai-buddhist,ขึ้น 15 ค่ำ เดือน 88,88,15,waxing,15,
2067-07-27,2067,2610,星期三,khao_phansa,入雨安居,เข้าพรรษา,Khao Phansa,thai-buddhist-major,แรม 1 ค่ำ เดือน 88,88,16,waning,1,
2067-08-03,2067,2610,星期三,wan_phra,泰國佛日,วันพระ,Wan Phra,thai-buddhist,แรม 8 ค่ำ เดือน 88,88,23,waning,8,
2067-08-10,2067,2610,星期三,wan_phra,泰國佛日,วันพระ,Wan Phra,thai-buddhist,แรม 15 ค่ำ เดือน 88,88,30,waning,15,
2067-08-18,2067,2610,星期四,wan_phra,泰國佛日,วันพระ,Wan Phra,thai-buddhist,ขึ้น 8 ค่ำ เดือน 9,9,8,waxing,8,
2067-08-25,2067,2610,星期四,wan_phra,泰國佛日,วันพระ,Wan Phra,thai-buddhist,ขึ้น 15 ค่ำ เดือน 9,9,15,waxing,15,
2067-09-02,2067,2610,星期五,wan_phra,泰國佛日,วันพระ,Wan Phra,thai-buddhist,แรม 8 ค่ำ เดือน 9,9,23,waning,8,
2067-09-08,2067,2610,星期四,wan_phra,泰國佛日,วันพระ,Wan Phra,thai-buddhist,แรม 14 ค่ำ เดือน 9,9,29,waning,14,
2067-09-16,2067,2610,星期五,wan_phra,泰國佛日,วันพระ,Wan Phra,thai-buddhist,ขึ้น 8 ค่ำ เดือน 10,10,8,waxing,8,
2067-09-23,2067,2610,星期五,wan_phra,泰國佛日,วันพระ,Wan Phra,thai-buddhist,ขึ้น 15 ค่ำ เดือน 10,10,15,waxing,15,
2067-10-01,2067,2610,星期六,wan_phra,泰國佛日,วันพระ,Wan Phra,thai-buddhist,แรม 8 ค่ำ เดือน 10,10,23,waning,8,
2067-10-08,2067,2610,星期六,wan_phra,泰國佛日,วันพระ,Wan Phra,thai-buddhist,แรม 15 ค่ำ เดือน 10,10,30,waning,15,
2067-10-16,2067,2610,星期日,wan_phra,泰國佛日,วันพระ,Wan Phra,thai-buddhist,ขึ้น 8 ค่ำ เดือน 11,11,8,waxing,8,
2067-10-23,2067,2610,星期日,ok_phansa,出雨安居,ออกพรรษา,Ok Phansa,thai-buddhist-major,ขึ้น 15 ค่ำ เดือน 11,11,15,waxing,15,
2067-10-23,2067,2610,星期日,wan_phra,泰國佛日,วันพระ,Wan Phra,thai-buddhist,ขึ้น 15 ค่ำ เดือน 11,11,15,waxing,15,
2067-10-31,2067,2610,星期一,wan_phra,泰國佛日,วันพระ,Wan Phra,thai-buddhist,แรม 8 ค่ำ เดือน 11,11,23,waning,8,
2067-11-06,2067,2610,星期日,wan_phra,泰國佛日,วันพระ,Wan Phra,thai-buddhist,แรม 14 ค่ำ เดือน 11,11,29,waning,14,
2067-11-14,2067,2610,星期一,wan_phra,泰國佛日,วันพระ,Wan Phra,thai-buddhist,ขึ้น 8 ค่ำ เดือน 12,12,8,waxing,8,
2067-11-21,2067,2610,星期一,wan_phra,泰國佛日,วันพระ,Wan Phra,thai-buddhist,ขึ้น 15 ค่ำ เดือน 12,12,15,waxing,15,
2067-11-29,2067,2610,星期二,wan_phra,泰國佛日,วันพระ,Wan Phra,thai-buddhist,แรม 8 ค่ำ เดือน 12,12,23,waning,8,
2067-12-06,2067,2610,星期二,wan_phra,泰國佛日,วันพระ,Wan Phra,thai-buddhist,แรม 15 ค่ำ เดือน 12,12,30,waning,15,
2067-12-14,2067,2610,星期三,wan_phra,泰國佛日,วันพระ,Wan Phra,thai-buddhist,ขึ้น 8 ค่ำ เดือน 1,1,8,waxing,8,
2067-12-21,2067,2610,星期三,wan_phra,泰國佛日,วันพระ,Wan Phra,thai-buddhist,ขึ้น 15 ค่ำ เดือน 1,1,15,waxing,15,
2067-12-29,2067,2610,星期四,wan_phra,泰國佛日,วันพระ,Wan Phra,thai-buddhist,แรม 8 ค่ำ เดือน 1,1,23,waning,8,
2068-01-04,2068,2611,星期三,wan_phra,泰國佛日,วันพระ,Wan Phra,thai-buddhist,แรม 14 ค่ำ เดือน 1,1,29,waning,14,
2068-01-12,2068,2611,星期四,wan_phra,泰國佛日,วันพระ,Wan Phra,thai-buddhist,ขึ้น 8 ค่ำ เดือน 2,2,8,waxing,8,
2068-01-19,2068,2611,星期四,wan_phra,泰國佛日,วันพระ,Wan Phra,thai-buddhist,ขึ้น 15 ค่ำ เดือน 2,2,15,waxing,15,
2068-01-27,2068,2611,星期五,wan_phra,泰國佛日,วันพระ,Wan Phra,thai-buddhist,แรม 8 ค่ำ เดือน 2,2,23,waning,8,
2068-02-03,2068,2611,星期五,wan_phra,泰國佛日,วันพระ,Wan Phra,thai-buddhist,แรม 15 ค่ำ เดือน 2,2,30,waning,15,
2068-02-11,2068,2611,星期六,wan_phra,泰國佛日,วันพระ,Wan Phra,thai-buddhist,ขึ้น 8 ค่ำ เดือน 3,3,8,waxing,8,
2068-02-18,2068,2611,星期六,makha_bucha,萬佛節,มาฆบูชา,Makha Bucha,thai-buddhist-major,ขึ้น 15 ค่ำ เดือน 3,3,15,waxing,15,
2068-02-18,2068,2611,星期六,wan_phra,泰國佛日,วันพระ,Wan Phra,thai-buddhist,ขึ้น 15 ค่ำ เดือน 3,3,15,waxing,15,
2068-02-26,2068,2611,星期日,wan_phra,泰國佛日,วันพระ,Wan Phra,thai-buddhist,แรม 8 ค่ำ เดือน 3,3,23,waning,8,
2068-03-03,2068,2611,星期六,wan_phra,泰國佛日,วันพระ,Wan Phra,thai-buddhist,แรม 14 ค่ำ เดือน 3,3,29,waning,14,
2068-03-11,2068,2611,星期日,wan_phra,泰國佛日,วันพระ,Wan Phra,thai-buddhist,ขึ้น 8 ค่ำ เดือน 4,4,8,waxing,8,
2068-03-18,2068,2611,星期日,wan_phra,泰國佛日,วันพระ,Wan Phra,thai-buddhist,ขึ้น 15 ค่ำ เดือน 4,4,15,waxing,15,
2068-03-26,2068,2611,星期一,wan_phra,泰國佛日,วันพระ,Wan Phra,thai-buddhist,แรม 8 ค่ำ เดือน 4,4,23,waning,8,
2068-04-02,2068,2611,星期一,wan_phra,泰國佛日,วันพระ,Wan Phra,thai-buddhist,แรม 15 ค่ำ เดือน 4,4,30,waning,15,
2068-04-07,2068,2611,星期六,sao_ha_candidate,騷哈日候選 / 稍哈日候選,เสาร์ 5,Sao Ha candidate,thai-amulet-auspicious-day,ขึ้น 5 ค่ำ เดือน 5,5,5,waxing,5,按規則產生：星期六 + 泰國陰曆 5 月 + ขึ้น 5 ค่ำ 或 แรม 5 ค่ำ。未做人工作法會或高僧認定。
2068-04-10,2068,2611,星期二,wan_phra,泰國佛日,วันพระ,Wan Phra,thai-buddhist,ขึ้น 8 ค่ำ เดือน 5,5,8,waxing,8,
2068-04-17,2068,2611,星期二,wan_phra,泰國佛日,วันพระ,Wan Phra,thai-buddhist,ขึ้น 15 ค่ำ เดือน 5,5,15,waxing,15,
2068-04-25,2068,2611,星期三,wan_phra,泰國佛日,วันพระ,Wan Phra,thai-buddhist,แรม 8 ค่ำ เดือน 5,5,23,waning,8,
2068-05-01,2068,2611,星期二,wan_phra,泰國佛日,วันพระ,Wan Phra,thai-buddhist,แรม 14 ค่ำ เดือน 5,5,29,waning,14,
2068-05-09,2068,2611,星期三,wan_phra,泰國佛日,วันพระ,Wan Phra,thai-buddhist,ขึ้น 8 ค่ำ เดือน 6,6,8,waxing,8,
2068-05-16,2068,2611,星期三,visakha_bucha,衛塞節,วิสาขบูชา,Visakha Bucha,thai-buddhist-major,ขึ้น 15 ค่ำ เดือน 6,6,15,waxing,15,
2068-05-16,2068,2611,星期三,wan_phra,泰國佛日,วันพระ,Wan Phra,thai-buddhist,ขึ้น 15 ค่ำ เดือน 6,6,15,waxing,15,
2068-05-24,2068,2611,星期四,wan_phra,泰國佛日,วันพระ,Wan Phra,thai-buddhist,แรม 8 ค่ำ เดือน 6,6,23,waning,8,
2068-05-31,2068,2611,星期四,wan_phra,泰國佛日,วันพระ,Wan Phra,thai-buddhist,แรม 15 ค่ำ เดือน 6,6,30,waning,15,
2068-06-08,2068,2611,星期五,wan_phra,泰國佛日,วันพระ,Wan Phra,thai-buddhist,ขึ้น 8 ค่ำ เดือน 7,7,8,waxing,8,
2068-06-15,2068,2611,星期五,wan_phra,泰國佛日,วันพระ,Wan Phra,thai-buddhist,ขึ้น 15 ค่ำ เดือน 7,7,15,waxing,15,
2068-06-23,2068,2611,星期六,wan_phra,泰國佛日,วันพระ,Wan Phra,thai-buddhist,แรม 8 ค่ำ เดือน 7,7,23,waning,8,
2068-06-29,2068,2611,星期五,wan_phra,泰國佛日,วันพระ,Wan Phra,thai-buddhist,แรม 14 ค่ำ เดือน 7,7,29,waning,14,
2068-07-07,2068,2611,星期六,wan_phra,泰國佛日,วันพระ,Wan Phra,thai-buddhist,ขึ้น 8 ค่ำ เดือน 8,8,8,waxing,8,
2068-07-14,2068,2611,星期六,wan_phra,泰國佛日,วันพระ,Wan Phra,thai-buddhist,ขึ้น 15 ค่ำ เดือน 8,8,15,waxing,15,
2068-07-15,2068,2611,星期日,khao_phansa,入雨安居,เข้าพรรษา,Khao Phansa,thai-buddhist-major,แรม 1 ค่ำ เดือน 8,8,16,waning,1,
2068-07-22,2068,2611,星期日,wan_phra,泰國佛日,วันพระ,Wan Phra,thai-buddhist,แรม 8 ค่ำ เดือน 8,8,23,waning,8,
2068-07-29,2068,2611,星期日,wan_phra,泰國佛日,วันพระ,Wan Phra,thai-buddhist,แรม 15 ค่ำ เดือน 8,8,30,waning,15,
2068-08-06,2068,2611,星期一,wan_phra,泰國佛日,วันพระ,Wan Phra,thai-buddhist,ขึ้น 8 ค่ำ เดือน 9,9,8,waxing,8,
2068-08-13,2068,2611,星期一,wan_phra,泰國佛日,วันพระ,Wan Phra,thai-buddhist,ขึ้น 15 ค่ำ เดือน 9,9,15,waxing,15,
2068-08-21,2068,2611,星期二,wan_phra,泰國佛日,วันพระ,Wan Phra,thai-buddhist,แรม 8 ค่ำ เดือน 9,9,23,waning,8,
2068-08-27,2068,2611,星期一,wan_phra,泰國佛日,วันพระ,Wan Phra,thai-buddhist,แรม 14 ค่ำ เดือน 9,9,29,waning,14,
2068-09-04,2068,2611,星期二,wan_phra,泰國佛日,วันพระ,Wan Phra,thai-buddhist,ขึ้น 8 ค่ำ เดือน 10,10,8,waxing,8,
2068-09-11,2068,2611,星期二,wan_phra,泰國佛日,วันพระ,Wan Phra,thai-buddhist,ขึ้น 15 ค่ำ เดือน 10,10,15,waxing,15,
2068-09-19,2068,2611,星期三,wan_phra,泰國佛日,วันพระ,Wan Phra,thai-buddhist,แรม 8 ค่ำ เดือน 10,10,23,waning,8,
2068-09-26,2068,2611,星期三,wan_phra,泰國佛日,วันพระ,Wan Phra,thai-buddhist,แรม 15 ค่ำ เดือน 10,10,30,waning,15,
2068-10-04,2068,2611,星期四,wan_phra,泰國佛日,วันพระ,Wan Phra,thai-buddhist,ขึ้น 8 ค่ำ เดือน 11,11,8,waxing,8,
2068-10-11,2068,2611,星期四,ok_phansa,出雨安居,ออกพรรษา,Ok Phansa,thai-buddhist-major,ขึ้น 15 ค่ำ เดือน 11,11,15,waxing,15,
2068-10-11,2068,2611,星期四,wan_phra,泰國佛日,วันพระ,Wan Phra,thai-buddhist,ขึ้น 15 ค่ำ เดือน 11,11,15,waxing,15,
2068-10-19,2068,2611,星期五,wan_phra,泰國佛日,วันพระ,Wan Phra,thai-buddhist,แรม 8 ค่ำ เดือน 11,11,23,waning,8,
2068-10-25,2068,2611,星期四,wan_phra,泰國佛日,วันพระ,Wan Phra,thai-buddhist,แรม 14 ค่ำ เดือน 11,11,29,waning,14,
2068-11-02,2068,2611,星期五,wan_phra,泰國佛日,วันพระ,Wan Phra,thai-buddhist,ขึ้น 8 ค่ำ เดือน 12,12,8,waxing,8,
2068-11-09,2068,2611,星期五,wan_phra,泰國佛日,วันพระ,Wan Phra,thai-buddhist,ขึ้น 15 ค่ำ เดือน 12,12,15,waxing,15,
2068-11-17,2068,2611,星期六,wan_phra,泰國佛日,วันพระ,Wan Phra,thai-buddhist,แรม 8 ค่ำ เดือน 12,12,23,waning,8,
2068-11-24,2068,2611,星期六,wan_phra,泰國佛日,วันพระ,Wan Phra,thai-buddhist,แรม 15 ค่ำ เดือน 12,12,30,waning,15,
2068-12-02,2068,2611,星期日,wan_phra,泰國佛日,วันพระ,Wan Phra,thai-buddhist,ขึ้น 8 ค่ำ เดือน 1,1,8,waxing,8,
2068-12-09,2068,2611,星期日,wan_phra,泰國佛日,วันพระ,Wan Phra,thai-buddhist,ขึ้น 15 ค่ำ เดือน 1,1,15,waxing,15,
2068-12-17,2068,2611,星期一,wan_phra,泰國佛日,วันพระ,Wan Phra,thai-buddhist,แรม 8 ค่ำ เดือน 1,1,23,waning,8,
2068-12-23,2068,2611,星期日,wan_phra,泰國佛日,วันพระ,Wan Phra,thai-buddhist,แรม 14 ค่ำ เดือน 1,1,29,waning,14,
2068-12-31,2068,2611,星期一,wan_phra,泰國佛日,วันพระ,Wan Phra,thai-buddhist,ขึ้น 8 ค่ำ เดือน 2,2,8,waxing,8,
2069-01-07,2069,2612,星期一,wan_phra,泰國佛日,วันพระ,Wan Phra,thai-buddhist,ขึ้น 15 ค่ำ เดือน 2,2,15,waxing,15,
2069-01-15,2069,2612,星期二,wan_phra,泰國佛日,วันพระ,Wan Phra,thai-buddhist,แรม 8 ค่ำ เดือน 2,2,23,waning,8,
2069-01-22,2069,2612,星期二,wan_phra,泰國佛日,วันพระ,Wan Phra,thai-buddhist,แรม 15 ค่ำ เดือน 2,2,30,waning,15,
2069-01-30,2069,2612,星期三,wan_phra,泰國佛日,วันพระ,Wan Phra,thai-buddhist,ขึ้น 8 ค่ำ เดือน 3,3,8,waxing,8,
2069-02-06,2069,2612,星期三,wan_phra,泰國佛日,วันพระ,Wan Phra,thai-buddhist,ขึ้น 15 ค่ำ เดือน 3,3,15,waxing,15,
2069-02-14,2069,2612,星期四,wan_phra,泰國佛日,วันพระ,Wan Phra,thai-buddhist,แรม 8 ค่ำ เดือน 3,3,23,waning,8,
2069-02-20,2069,2612,星期三,wan_phra,泰國佛日,วันพระ,Wan Phra,thai-buddhist,แรม 14 ค่ำ เดือน 3,3,29,waning,14,
2069-02-28,2069,2612,星期四,wan_phra,泰國佛日,วันพระ,Wan Phra,thai-buddhist,ขึ้น 8 ค่ำ เดือน 4,4,8,waxing,8,
2069-03-07,2069,2612,星期四,makha_bucha,萬佛節,มาฆบูชา,Makha Bucha,thai-buddhist-major,ขึ้น 15 ค่ำ เดือน 4,4,15,waxing,15,
2069-03-07,2069,2612,星期四,wan_phra,泰國佛日,วันพระ,Wan Phra,thai-buddhist,ขึ้น 15 ค่ำ เดือน 4,4,15,waxing,15,
2069-03-15,2069,2612,星期五,wan_phra,泰國佛日,วันพระ,Wan Phra,thai-buddhist,แรม 8 ค่ำ เดือน 4,4,23,waning,8,
2069-03-22,2069,2612,星期五,wan_phra,泰國佛日,วันพระ,Wan Phra,thai-buddhist,แรม 15 ค่ำ เดือน 4,4,30,waning,15,
2069-03-30,2069,2612,星期六,wan_phra,泰國佛日,วันพระ,Wan Phra,thai-buddhist,ขึ้น 8 ค่ำ เดือน 5,5,8,waxing,8,
2069-04-06,2069,2612,星期六,wan_phra,泰國佛日,วันพระ,Wan Phra,thai-buddhist,ขึ้น 15 ค่ำ เดือน 5,5,15,waxing,15,
2069-04-14,2069,2612,星期日,wan_phra,泰國佛日,วันพระ,Wan Phra,thai-buddhist,แรม 8 ค่ำ เดือน 5,5,23,waning,8,
2069-04-20,2069,2612,星期六,wan_phra,泰國佛日,วันพระ,Wan Phra,thai-buddhist,แรม 14 ค่ำ เดือน 5,5,29,waning,14,
2069-04-28,2069,2612,星期日,wan_phra,泰國佛日,วันพระ,Wan Phra,thai-buddhist,ขึ้น 8 ค่ำ เดือน 6,6,8,waxing,8,
2069-05-05,2069,2612,星期日,wan_phra,泰國佛日,วันพระ,Wan Phra,thai-buddhist,ขึ้น 15 ค่ำ เดือน 6,6,15,waxing,15,
2069-05-13,2069,2612,星期一,wan_phra,泰國佛日,วันพระ,Wan Phra,thai-buddhist,แรม 8 ค่ำ เดือน 6,6,23,waning,8,
2069-05-20,2069,2612,星期一,wan_phra,泰國佛日,วันพระ,Wan Phra,thai-buddhist,แรม 15 ค่ำ เดือน 6,6,30,waning,15,
2069-05-28,2069,2612,星期二,wan_phra,泰國佛日,วันพระ,Wan Phra,thai-buddhist,ขึ้น 8 ค่ำ เดือน 7,7,8,waxing,8,
2069-06-04,2069,2612,星期二,visakha_bucha,衛塞節,วิสาขบูชา,Visakha Bucha,thai-buddhist-major,ขึ้น 15 ค่ำ เดือน 7,7,15,waxing,15,
2069-06-04,2069,2612,星期二,wan_phra,泰國佛日,วันพระ,Wan Phra,thai-buddhist,ขึ้น 15 ค่ำ เดือน 7,7,15,waxing,15,
2069-06-12,2069,2612,星期三,wan_phra,泰國佛日,วันพระ,Wan Phra,thai-buddhist,แรม 8 ค่ำ เดือน 7,7,23,waning,8,
2069-06-18,2069,2612,星期二,wan_phra,泰國佛日,วันพระ,Wan Phra,thai-buddhist,แรม 14 ค่ำ เดือน 7,7,29,waning,14,
2069-06-26,2069,2612,星期三,wan_phra,泰國佛日,วันพระ,Wan Phra,thai-buddhist,ขึ้น 8 ค่ำ เดือน 8,8,8,waxing,8,
2069-07-03,2069,2612,星期三,wan_phra,泰國佛日,วันพระ,Wan Phra,thai-buddhist,ขึ้น 15 ค่ำ เดือน 8,8,15,waxing,15,
2069-07-11,2069,2612,星期四,wan_phra,泰國佛日,วันพระ,Wan Phra,thai-buddhist,แรม 8 ค่ำ เดือน 8,8,23,waning,8,
2069-07-18,2069,2612,星期四,wan_phra,泰國佛日,วันพระ,Wan Phra,thai-buddhist,แรม 15 ค่ำ เดือน 8,8,30,waning,15,
2069-07-26,2069,2612,星期五,wan_phra,泰國佛日,วันพระ,Wan Phra,thai-buddhist,ขึ้น 8 ค่ำ เดือน 88,88,8,waxing,8,
2069-08-02,2069,2612,星期五,wan_phra,泰國佛日,วันพระ,Wan Phra,thai-buddhist,ขึ้น 15 ค่ำ เดือน 88,88,15,waxing,15,
2069-08-03,2069,2612,星期六,khao_phansa,入雨安居,เข้าพรรษา,Khao Phansa,thai-buddhist-major,แรม 1 ค่ำ เดือน 88,88,16,waning,1,
2069-08-10,2069,2612,星期六,wan_phra,泰國佛日,วันพระ,Wan Phra,thai-buddhist,แรม 8 ค่ำ เดือน 88,88,23,waning,8,
2069-08-17,2069,2612,星期六,wan_phra,泰國佛日,วันพระ,Wan Phra,thai-buddhist,แรม 15 ค่ำ เดือน 88,88,30,waning,15,
2069-08-25,2069,2612,星期日,wan_phra,泰國佛日,วันพระ,Wan Phra,thai-buddhist,ขึ้น 8 ค่ำ เดือน 9,9,8,waxing,8,
2069-09-01,2069,2612,星期日,wan_phra,泰國佛日,วันพระ,Wan Phra,thai-buddhist,ขึ้น 15 ค่ำ เดือน 9,9,15,waxing,15,
2069-09-09,2069,2612,星期一,wan_phra,泰國佛日,วันพระ,Wan Phra,thai-buddhist,แรม 8 ค่ำ เดือน 9,9,23,waning,8,
2069-09-15,2069,2612,星期日,wan_phra,泰國佛日,วันพระ,Wan Phra,thai-buddhist,แรม 14 ค่ำ เดือน 9,9,29,waning,14,
2069-09-23,2069,2612,星期一,wan_phra,泰國佛日,วันพระ,Wan Phra,thai-buddhist,ขึ้น 8 ค่ำ เดือน 10,10,8,waxing,8,
2069-09-30,2069,2612,星期一,wan_phra,泰國佛日,วันพระ,Wan Phra,thai-buddhist,ขึ้น 15 ค่ำ เดือน 10,10,15,waxing,15,
2069-10-08,2069,2612,星期二,wan_phra,泰國佛日,วันพระ,Wan Phra,thai-buddhist,แรม 8 ค่ำ เดือน 10,10,23,waning,8,
2069-10-15,2069,2612,星期二,wan_phra,泰國佛日,วันพระ,Wan Phra,thai-buddhist,แรม 15 ค่ำ เดือน 10,10,30,waning,15,
2069-10-23,2069,2612,星期三,wan_phra,泰國佛日,วันพระ,Wan Phra,thai-buddhist,ขึ้น 8 ค่ำ เดือน 11,11,8,waxing,8,
2069-10-30,2069,2612,星期三,ok_phansa,出雨安居,ออกพรรษา,Ok Phansa,thai-buddhist-major,ขึ้น 15 ค่ำ เดือน 11,11,15,waxing,15,
2069-10-30,2069,2612,星期三,wan_phra,泰國佛日,วันพระ,Wan Phra,thai-buddhist,ขึ้น 15 ค่ำ เดือน 11,11,15,waxing,15,
2069-11-07,2069,2612,星期四,wan_phra,泰國佛日,วันพระ,Wan Phra,thai-buddhist,แรม 8 ค่ำ เดือน 11,11,23,waning,8,
2069-11-13,2069,2612,星期三,wan_phra,泰國佛日,วันพระ,Wan Phra,thai-buddhist,แรม 14 ค่ำ เดือน 11,11,29,waning,14,
2069-11-21,2069,2612,星期四,wan_phra,泰國佛日,วันพระ,Wan Phra,thai-buddhist,ขึ้น 8 ค่ำ เดือน 12,12,8,waxing,8,
2069-11-28,2069,2612,星期四,wan_phra,泰國佛日,วันพระ,Wan Phra,thai-buddhist,ขึ้น 15 ค่ำ เดือน 12,12,15,waxing,15,
2069-12-06,2069,2612,星期五,wan_phra,泰國佛日,วันพระ,Wan Phra,thai-buddhist,แรม 8 ค่ำ เดือน 12,12,23,waning,8,
2069-12-13,2069,2612,星期五,wan_phra,泰國佛日,วันพระ,Wan Phra,thai-buddhist,แรม 15 ค่ำ เดือน 12,12,30,waning,15,
2069-12-21,2069,2612,星期六,wan_phra,泰國佛日,วันพระ,Wan Phra,thai-buddhist,ขึ้น 8 ค่ำ เดือน 1,1,8,waxing,8,
2069-12-28,2069,2612,星期六,wan_phra,泰國佛日,วันพระ,Wan Phra,thai-buddhist,ขึ้น 15 ค่ำ เดือน 1,1,15,waxing,15,
2070-01-05,2070,2613,星期日,wan_phra,泰國佛日,วันพระ,Wan Phra,thai-buddhist,แรม 8 ค่ำ เดือน 1,1,23,waning,8,
2070-01-11,2070,2613,星期六,wan_phra,泰國佛日,วันพระ,Wan Phra,thai-buddhist,แรม 14 ค่ำ เดือน 1,1,29,waning,14,
2070-01-19,2070,2613,星期日,wan_phra,泰國佛日,วันพระ,Wan Phra,thai-buddhist,ขึ้น 8 ค่ำ เดือน 2,2,8,waxing,8,
2070-01-26,2070,2613,星期日,wan_phra,泰國佛日,วันพระ,Wan Phra,thai-buddhist,ขึ้น 15 ค่ำ เดือน 2,2,15,waxing,15,
2070-02-03,2070,2613,星期一,wan_phra,泰國佛日,วันพระ,Wan Phra,thai-buddhist,แรม 8 ค่ำ เดือน 2,2,23,waning,8,
2070-02-10,2070,2613,星期一,wan_phra,泰國佛日,วันพระ,Wan Phra,thai-buddhist,แรม 15 ค่ำ เดือน 2,2,30,waning,15,
2070-02-18,2070,2613,星期二,wan_phra,泰國佛日,วันพระ,Wan Phra,thai-buddhist,ขึ้น 8 ค่ำ เดือน 3,3,8,waxing,8,
2070-02-25,2070,2613,星期二,makha_bucha,萬佛節,มาฆบูชา,Makha Bucha,thai-buddhist-major,ขึ้น 15 ค่ำ เดือน 3,3,15,waxing,15,
2070-02-25,2070,2613,星期二,wan_phra,泰國佛日,วันพระ,Wan Phra,thai-buddhist,ขึ้น 15 ค่ำ เดือน 3,3,15,waxing,15,
2070-03-05,2070,2613,星期三,wan_phra,泰國佛日,วันพระ,Wan Phra,thai-buddhist,แรม 8 ค่ำ เดือน 3,3,23,waning,8,
2070-03-11,2070,2613,星期二,wan_phra,泰國佛日,วันพระ,Wan Phra,thai-buddhist,แรม 14 ค่ำ เดือน 3,3,29,waning,14,
2070-03-19,2070,2613,星期三,wan_phra,泰國佛日,วันพระ,Wan Phra,thai-buddhist,ขึ้น 8 ค่ำ เดือน 4,4,8,waxing,8,
2070-03-26,2070,2613,星期三,wan_phra,泰國佛日,วันพระ,Wan Phra,thai-buddhist,ขึ้น 15 ค่ำ เดือน 4,4,15,waxing,15,
2070-04-03,2070,2613,星期四,wan_phra,泰國佛日,วันพระ,Wan Phra,thai-buddhist,แรม 8 ค่ำ เดือน 4,4,23,waning,8,
2070-04-10,2070,2613,星期四,wan_phra,泰國佛日,วันพระ,Wan Phra,thai-buddhist,แรม 15 ค่ำ เดือน 4,4,30,waning,15,
2070-04-18,2070,2613,星期五,wan_phra,泰國佛日,วันพระ,Wan Phra,thai-buddhist,ขึ้น 8 ค่ำ เดือน 5,5,8,waxing,8,
2070-04-25,2070,2613,星期五,wan_phra,泰國佛日,วันพระ,Wan Phra,thai-buddhist,ขึ้น 15 ค่ำ เดือน 5,5,15,waxing,15,
2070-05-03,2070,2613,星期六,wan_phra,泰國佛日,วันพระ,Wan Phra,thai-buddhist,แรม 8 ค่ำ เดือน 5,5,23,waning,8,
2070-05-09,2070,2613,星期五,wan_phra,泰國佛日,วันพระ,Wan Phra,thai-buddhist,แรม 14 ค่ำ เดือน 5,5,29,waning,14,
2070-05-17,2070,2613,星期六,wan_phra,泰國佛日,วันพระ,Wan Phra,thai-buddhist,ขึ้น 8 ค่ำ เดือน 6,6,8,waxing,8,
2070-05-24,2070,2613,星期六,visakha_bucha,衛塞節,วิสาขบูชา,Visakha Bucha,thai-buddhist-major,ขึ้น 15 ค่ำ เดือน 6,6,15,waxing,15,
2070-05-24,2070,2613,星期六,wan_phra,泰國佛日,วันพระ,Wan Phra,thai-buddhist,ขึ้น 15 ค่ำ เดือน 6,6,15,waxing,15,
2070-06-01,2070,2613,星期日,wan_phra,泰國佛日,วันพระ,Wan Phra,thai-buddhist,แรม 8 ค่ำ เดือน 6,6,23,waning,8,
2070-06-08,2070,2613,星期日,wan_phra,泰國佛日,วันพระ,Wan Phra,thai-buddhist,แรม 15 ค่ำ เดือน 6,6,30,waning,15,
2070-06-16,2070,2613,星期一,wan_phra,泰國佛日,วันพระ,Wan Phra,thai-buddhist,ขึ้น 8 ค่ำ เดือน 7,7,8,waxing,8,
2070-06-23,2070,2613,星期一,wan_phra,泰國佛日,วันพระ,Wan Phra,thai-buddhist,ขึ้น 15 ค่ำ เดือน 7,7,15,waxing,15,
2070-07-01,2070,2613,星期二,wan_phra,泰國佛日,วันพระ,Wan Phra,thai-buddhist,แรม 8 ค่ำ เดือน 7,7,23,waning,8,
2070-07-07,2070,2613,星期一,wan_phra,泰國佛日,วันพระ,Wan Phra,thai-buddhist,แรม 14 ค่ำ เดือน 7,7,29,waning,14,
2070-07-15,2070,2613,星期二,wan_phra,泰國佛日,วันพระ,Wan Phra,thai-buddhist,ขึ้น 8 ค่ำ เดือน 8,8,8,waxing,8,
2070-07-22,2070,2613,星期二,wan_phra,泰國佛日,วันพระ,Wan Phra,thai-buddhist,ขึ้น 15 ค่ำ เดือน 8,8,15,waxing,15,
2070-07-23,2070,2613,星期三,khao_phansa,入雨安居,เข้าพรรษา,Khao Phansa,thai-buddhist-major,แรม 1 ค่ำ เดือน 8,8,16,waning,1,
2070-07-30,2070,2613,星期三,wan_phra,泰國佛日,วันพระ,Wan Phra,thai-buddhist,แรม 8 ค่ำ เดือน 8,8,23,waning,8,
2070-08-06,2070,2613,星期三,wan_phra,泰國佛日,วันพระ,Wan Phra,thai-buddhist,แรม 15 ค่ำ เดือน 8,8,30,waning,15,
2070-08-14,2070,2613,星期四,wan_phra,泰國佛日,วันพระ,Wan Phra,thai-buddhist,ขึ้น 8 ค่ำ เดือน 9,9,8,waxing,8,
2070-08-21,2070,2613,星期四,wan_phra,泰國佛日,วันพระ,Wan Phra,thai-buddhist,ขึ้น 15 ค่ำ เดือน 9,9,15,waxing,15,
2070-08-29,2070,2613,星期五,wan_phra,泰國佛日,วันพระ,Wan Phra,thai-buddhist,แรม 8 ค่ำ เดือน 9,9,23,waning,8,
2070-09-04,2070,2613,星期四,wan_phra,泰國佛日,วันพระ,Wan Phra,thai-buddhist,แรม 14 ค่ำ เดือน 9,9,29,waning,14,
2070-09-12,2070,2613,星期五,wan_phra,泰國佛日,วันพระ,Wan Phra,thai-buddhist,ขึ้น 8 ค่ำ เดือน 10,10,8,waxing,8,
2070-09-19,2070,2613,星期五,wan_phra,泰國佛日,วันพระ,Wan Phra,thai-buddhist,ขึ้น 15 ค่ำ เดือน 10,10,15,waxing,15,
2070-09-27,2070,2613,星期六,wan_phra,泰國佛日,วันพระ,Wan Phra,thai-buddhist,แรม 8 ค่ำ เดือน 10,10,23,waning,8,
2070-10-04,2070,2613,星期六,wan_phra,泰國佛日,วันพระ,Wan Phra,thai-buddhist,แรม 15 ค่ำ เดือน 10,10,30,waning,15,
2070-10-12,2070,2613,星期日,wan_phra,泰國佛日,วันพระ,Wan Phra,thai-buddhist,ขึ้น 8 ค่ำ เดือน 11,11,8,waxing,8,
2070-10-19,2070,2613,星期日,ok_phansa,出雨安居,ออกพรรษา,Ok Phansa,thai-buddhist-major,ขึ้น 15 ค่ำ เดือน 11,11,15,waxing,15,
2070-10-19,2070,2613,星期日,wan_phra,泰國佛日,วันพระ,Wan Phra,thai-buddhist,ขึ้น 15 ค่ำ เดือน 11,11,15,waxing,15,
2070-10-27,2070,2613,星期一,wan_phra,泰國佛日,วันพระ,Wan Phra,thai-buddhist,แรม 8 ค่ำ เดือน 11,11,23,waning,8,
2070-11-02,2070,2613,星期日,wan_phra,泰國佛日,วันพระ,Wan Phra,thai-buddhist,แรม 14 ค่ำ เดือน 11,11,29,waning,14,
2070-11-10,2070,2613,星期一,wan_phra,泰國佛日,วันพระ,Wan Phra,thai-buddhist,ขึ้น 8 ค่ำ เดือน 12,12,8,waxing,8,
2070-11-17,2070,2613,星期一,wan_phra,泰國佛日,วันพระ,Wan Phra,thai-buddhist,ขึ้น 15 ค่ำ เดือน 12,12,15,waxing,15,
2070-11-25,2070,2613,星期二,wan_phra,泰國佛日,วันพระ,Wan Phra,thai-buddhist,แรม 8 ค่ำ เดือน 12,12,23,waning,8,
2070-12-02,2070,2613,星期二,wan_phra,泰國佛日,วันพระ,Wan Phra,thai-buddhist,แรม 15 ค่ำ เดือน 12,12,30,waning,15,
2070-12-10,2070,2613,星期三,wan_phra,泰國佛日,วันพระ,Wan Phra,thai-buddhist,ขึ้น 8 ค่ำ เดือน 1,1,8,waxing,8,
2070-12-17,2070,2613,星期三,wan_phra,泰國佛日,วันพระ,Wan Phra,thai-buddhist,ขึ้น 15 ค่ำ เดือน 1,1,15,waxing,15,
2070-12-25,2070,2613,星期四,wan_phra,泰國佛日,วันพระ,Wan Phra,thai-buddhist,แรม 8 ค่ำ เดือน 1,1,23,waning,8,
2070-12-31,2070,2613,星期三,wan_phra,泰國佛日,วันพระ,Wan Phra,thai-buddhist,แรม 14 ค่ำ เดือน 1,1,29,waning,14,
2071-01-08,2071,2614,星期四,wan_phra,泰國佛日,วันพระ,Wan Phra,thai-buddhist,ขึ้น 8 ค่ำ เดือน 2,2,8,waxing,8,
2071-01-15,2071,2614,星期四,wan_phra,泰國佛日,วันพระ,Wan Phra,thai-buddhist,ขึ้น 15 ค่ำ เดือน 2,2,15,waxing,15,
2071-01-23,2071,2614,星期五,wan_phra,泰國佛日,วันพระ,Wan Phra,thai-buddhist,แรม 8 ค่ำ เดือน 2,2,23,waning,8,
2071-01-30,2071,2614,星期五,wan_phra,泰國佛日,วันพระ,Wan Phra,thai-buddhist,แรม 15 ค่ำ เดือน 2,2,30,waning,15,
2071-02-07,2071,2614,星期六,wan_phra,泰國佛日,วันพระ,Wan Phra,thai-buddhist,ขึ้น 8 ค่ำ เดือน 3,3,8,waxing,8,
2071-02-14,2071,2614,星期六,makha_bucha,萬佛節,มาฆบูชา,Makha Bucha,thai-buddhist-major,ขึ้น 15 ค่ำ เดือน 3,3,15,waxing,15,
2071-02-14,2071,2614,星期六,wan_phra,泰國佛日,วันพระ,Wan Phra,thai-buddhist,ขึ้น 15 ค่ำ เดือน 3,3,15,waxing,15,
2071-02-22,2071,2614,星期日,wan_phra,泰國佛日,วันพระ,Wan Phra,thai-buddhist,แรม 8 ค่ำ เดือน 3,3,23,waning,8,
2071-02-28,2071,2614,星期六,wan_phra,泰國佛日,วันพระ,Wan Phra,thai-buddhist,แรม 14 ค่ำ เดือน 3,3,29,waning,14,
2071-03-08,2071,2614,星期日,wan_phra,泰國佛日,วันพระ,Wan Phra,thai-buddhist,ขึ้น 8 ค่ำ เดือน 4,4,8,waxing,8,
2071-03-15,2071,2614,星期日,wan_phra,泰國佛日,วันพระ,Wan Phra,thai-buddhist,ขึ้น 15 ค่ำ เดือน 4,4,15,waxing,15,
2071-03-23,2071,2614,星期一,wan_phra,泰國佛日,วันพระ,Wan Phra,thai-buddhist,แรม 8 ค่ำ เดือน 4,4,23,waning,8,
2071-03-30,2071,2614,星期一,wan_phra,泰國佛日,วันพระ,Wan Phra,thai-buddhist,แรม 15 ค่ำ เดือน 4,4,30,waning,15,
2071-04-04,2071,2614,星期六,sao_ha_candidate,騷哈日候選 / 稍哈日候選,เสาร์ 5,Sao Ha candidate,thai-amulet-auspicious-day,ขึ้น 5 ค่ำ เดือน 5,5,5,waxing,5,按規則產生：星期六 + 泰國陰曆 5 月 + ขึ้น 5 ค่ำ 或 แรม 5 ค่ำ。未做人工作法會或高僧認定。
2071-04-07,2071,2614,星期二,wan_phra,泰國佛日,วันพระ,Wan Phra,thai-buddhist,ขึ้น 8 ค่ำ เดือน 5,5,8,waxing,8,
2071-04-14,2071,2614,星期二,wan_phra,泰國佛日,วันพระ,Wan Phra,thai-buddhist,ขึ้น 15 ค่ำ เดือน 5,5,15,waxing,15,
2071-04-22,2071,2614,星期三,wan_phra,泰國佛日,วันพระ,Wan Phra,thai-buddhist,แรม 8 ค่ำ เดือน 5,5,23,waning,8,
2071-04-28,2071,2614,星期二,wan_phra,泰國佛日,วันพระ,Wan Phra,thai-buddhist,แรม 14 ค่ำ เดือน 5,5,29,waning,14,
2071-05-06,2071,2614,星期三,wan_phra,泰國佛日,วันพระ,Wan Phra,thai-buddhist,ขึ้น 8 ค่ำ เดือน 6,6,8,waxing,8,
2071-05-13,2071,2614,星期三,visakha_bucha,衛塞節,วิสาขบูชา,Visakha Bucha,thai-buddhist-major,ขึ้น 15 ค่ำ เดือน 6,6,15,waxing,15,
2071-05-13,2071,2614,星期三,wan_phra,泰國佛日,วันพระ,Wan Phra,thai-buddhist,ขึ้น 15 ค่ำ เดือน 6,6,15,waxing,15,
2071-05-21,2071,2614,星期四,wan_phra,泰國佛日,วันพระ,Wan Phra,thai-buddhist,แรม 8 ค่ำ เดือน 6,6,23,waning,8,
2071-05-28,2071,2614,星期四,wan_phra,泰國佛日,วันพระ,Wan Phra,thai-buddhist,แรม 15 ค่ำ เดือน 6,6,30,waning,15,
2071-06-05,2071,2614,星期五,wan_phra,泰國佛日,วันพระ,Wan Phra,thai-buddhist,ขึ้น 8 ค่ำ เดือน 7,7,8,waxing,8,
2071-06-12,2071,2614,星期五,wan_phra,泰國佛日,วันพระ,Wan Phra,thai-buddhist,ขึ้น 15 ค่ำ เดือน 7,7,15,waxing,15,
2071-06-20,2071,2614,星期六,wan_phra,泰國佛日,วันพระ,Wan Phra,thai-buddhist,แรม 8 ค่ำ เดือน 7,7,23,waning,8,
2071-06-27,2071,2614,星期六,wan_phra,泰國佛日,วันพระ,Wan Phra,thai-buddhist,แรม 15 ค่ำ เดือน 7,7,30,waning,15,
2071-07-05,2071,2614,星期日,wan_phra,泰國佛日,วันพระ,Wan Phra,thai-buddhist,ขึ้น 8 ค่ำ เดือน 8,8,8,waxing,8,
2071-07-12,2071,2614,星期日,wan_phra,泰國佛日,วันพระ,Wan Phra,thai-buddhist,ขึ้น 15 ค่ำ เดือน 8,8,15,waxing,15,
2071-07-13,2071,2614,星期一,khao_phansa,入雨安居,เข้าพรรษา,Khao Phansa,thai-buddhist-major,แรม 1 ค่ำ เดือน 8,8,16,waning,1,
2071-07-20,2071,2614,星期一,wan_phra,泰國佛日,วันพระ,Wan Phra,thai-buddhist,แรม 8 ค่ำ เดือน 8,8,23,waning,8,
2071-07-27,2071,2614,星期一,wan_phra,泰國佛日,วันพระ,Wan Phra,thai-buddhist,แรม 15 ค่ำ เดือน 8,8,30,waning,15,
2071-08-04,2071,2614,星期二,wan_phra,泰國佛日,วันพระ,Wan Phra,thai-buddhist,ขึ้น 8 ค่ำ เดือน 9,9,8,waxing,8,
2071-08-11,2071,2614,星期二,wan_phra,泰國佛日,วันพระ,Wan Phra,thai-buddhist,ขึ้น 15 ค่ำ เดือน 9,9,15,waxing,15,
2071-08-19,2071,2614,星期三,wan_phra,泰國佛日,วันพระ,Wan Phra,thai-buddhist,แรม 8 ค่ำ เดือน 9,9,23,waning,8,
2071-08-25,2071,2614,星期二,wan_phra,泰國佛日,วันพระ,Wan Phra,thai-buddhist,แรม 14 ค่ำ เดือน 9,9,29,waning,14,
2071-09-02,2071,2614,星期三,wan_phra,泰國佛日,วันพระ,Wan Phra,thai-buddhist,ขึ้น 8 ค่ำ เดือน 10,10,8,waxing,8,
2071-09-09,2071,2614,星期三,wan_phra,泰國佛日,วันพระ,Wan Phra,thai-buddhist,ขึ้น 15 ค่ำ เดือน 10,10,15,waxing,15,
2071-09-17,2071,2614,星期四,wan_phra,泰國佛日,วันพระ,Wan Phra,thai-buddhist,แรม 8 ค่ำ เดือน 10,10,23,waning,8,
2071-09-24,2071,2614,星期四,wan_phra,泰國佛日,วันพระ,Wan Phra,thai-buddhist,แรม 15 ค่ำ เดือน 10,10,30,waning,15,
2071-10-02,2071,2614,星期五,wan_phra,泰國佛日,วันพระ,Wan Phra,thai-buddhist,ขึ้น 8 ค่ำ เดือน 11,11,8,waxing,8,
2071-10-09,2071,2614,星期五,ok_phansa,出雨安居,ออกพรรษา,Ok Phansa,thai-buddhist-major,ขึ้น 15 ค่ำ เดือน 11,11,15,waxing,15,
2071-10-09,2071,2614,星期五,wan_phra,泰國佛日,วันพระ,Wan Phra,thai-buddhist,ขึ้น 15 ค่ำ เดือน 11,11,15,waxing,15,
2071-10-17,2071,2614,星期六,wan_phra,泰國佛日,วันพระ,Wan Phra,thai-buddhist,แรม 8 ค่ำ เดือน 11,11,23,waning,8,
2071-10-23,2071,2614,星期五,wan_phra,泰國佛日,วันพระ,Wan Phra,thai-buddhist,แรม 14 ค่ำ เดือน 11,11,29,waning,14,
2071-10-31,2071,2614,星期六,wan_phra,泰國佛日,วันพระ,Wan Phra,thai-buddhist,ขึ้น 8 ค่ำ เดือน 12,12,8,waxing,8,
2071-11-07,2071,2614,星期六,wan_phra,泰國佛日,วันพระ,Wan Phra,thai-buddhist,ขึ้น 15 ค่ำ เดือน 12,12,15,waxing,15,
2071-11-15,2071,2614,星期日,wan_phra,泰國佛日,วันพระ,Wan Phra,thai-buddhist,แรม 8 ค่ำ เดือน 12,12,23,waning,8,
2071-11-22,2071,2614,星期日,wan_phra,泰國佛日,วันพระ,Wan Phra,thai-buddhist,แรม 15 ค่ำ เดือน 12,12,30,waning,15,
2071-11-30,2071,2614,星期一,wan_phra,泰國佛日,วันพระ,Wan Phra,thai-buddhist,ขึ้น 8 ค่ำ เดือน 1,1,8,waxing,8,
2071-12-07,2071,2614,星期一,wan_phra,泰國佛日,วันพระ,Wan Phra,thai-buddhist,ขึ้น 15 ค่ำ เดือน 1,1,15,waxing,15,
2071-12-15,2071,2614,星期二,wan_phra,泰國佛日,วันพระ,Wan Phra,thai-buddhist,แรม 8 ค่ำ เดือน 1,1,23,waning,8,
2071-12-21,2071,2614,星期一,wan_phra,泰國佛日,วันพระ,Wan Phra,thai-buddhist,แรม 14 ค่ำ เดือน 1,1,29,waning,14,
2071-12-29,2071,2614,星期二,wan_phra,泰國佛日,วันพระ,Wan Phra,thai-buddhist,ขึ้น 8 ค่ำ เดือน 2,2,8,waxing,8,
2072-01-05,2072,2615,星期二,wan_phra,泰國佛日,วันพระ,Wan Phra,thai-buddhist,ขึ้น 15 ค่ำ เดือน 2,2,15,waxing,15,
2072-01-13,2072,2615,星期三,wan_phra,泰國佛日,วันพระ,Wan Phra,thai-buddhist,แรม 8 ค่ำ เดือน 2,2,23,waning,8,
2072-01-20,2072,2615,星期三,wan_phra,泰國佛日,วันพระ,Wan Phra,thai-buddhist,แรม 15 ค่ำ เดือน 2,2,30,waning,15,
2072-01-28,2072,2615,星期四,wan_phra,泰國佛日,วันพระ,Wan Phra,thai-buddhist,ขึ้น 8 ค่ำ เดือน 3,3,8,waxing,8,
2072-02-04,2072,2615,星期四,wan_phra,泰國佛日,วันพระ,Wan Phra,thai-buddhist,ขึ้น 15 ค่ำ เดือน 3,3,15,waxing,15,
2072-02-12,2072,2615,星期五,wan_phra,泰國佛日,วันพระ,Wan Phra,thai-buddhist,แรม 8 ค่ำ เดือน 3,3,23,waning,8,
2072-02-18,2072,2615,星期四,wan_phra,泰國佛日,วันพระ,Wan Phra,thai-buddhist,แรม 14 ค่ำ เดือน 3,3,29,waning,14,
2072-02-26,2072,2615,星期五,wan_phra,泰國佛日,วันพระ,Wan Phra,thai-buddhist,ขึ้น 8 ค่ำ เดือน 4,4,8,waxing,8,
2072-03-04,2072,2615,星期五,makha_bucha,萬佛節,มาฆบูชา,Makha Bucha,thai-buddhist-major,ขึ้น 15 ค่ำ เดือน 4,4,15,waxing,15,
2072-03-04,2072,2615,星期五,wan_phra,泰國佛日,วันพระ,Wan Phra,thai-buddhist,ขึ้น 15 ค่ำ เดือน 4,4,15,waxing,15,
2072-03-12,2072,2615,星期六,wan_phra,泰國佛日,วันพระ,Wan Phra,thai-buddhist,แรม 8 ค่ำ เดือน 4,4,23,waning,8,
2072-03-19,2072,2615,星期六,wan_phra,泰國佛日,วันพระ,Wan Phra,thai-buddhist,แรม 15 ค่ำ เดือน 4,4,30,waning,15,
2072-03-27,2072,2615,星期日,wan_phra,泰國佛日,วันพระ,Wan Phra,thai-buddhist,ขึ้น 8 ค่ำ เดือน 5,5,8,waxing,8,
2072-04-03,2072,2615,星期日,wan_phra,泰國佛日,วันพระ,Wan Phra,thai-buddhist,ขึ้น 15 ค่ำ เดือน 5,5,15,waxing,15,
2072-04-11,2072,2615,星期一,wan_phra,泰國佛日,วันพระ,Wan Phra,thai-buddhist,แรม 8 ค่ำ เดือน 5,5,23,waning,8,
2072-04-17,2072,2615,星期日,wan_phra,泰國佛日,วันพระ,Wan Phra,thai-buddhist,แรม 14 ค่ำ เดือน 5,5,29,waning,14,
2072-04-25,2072,2615,星期一,wan_phra,泰國佛日,วันพระ,Wan Phra,thai-buddhist,ขึ้น 8 ค่ำ เดือน 6,6,8,waxing,8,
2072-05-02,2072,2615,星期一,wan_phra,泰國佛日,วันพระ,Wan Phra,thai-buddhist,ขึ้น 15 ค่ำ เดือน 6,6,15,waxing,15,
2072-05-10,2072,2615,星期二,wan_phra,泰國佛日,วันพระ,Wan Phra,thai-buddhist,แรม 8 ค่ำ เดือน 6,6,23,waning,8,
2072-05-17,2072,2615,星期二,wan_phra,泰國佛日,วันพระ,Wan Phra,thai-buddhist,แรม 15 ค่ำ เดือน 6,6,30,waning,15,
2072-05-25,2072,2615,星期三,wan_phra,泰國佛日,วันพระ,Wan Phra,thai-buddhist,ขึ้น 8 ค่ำ เดือน 7,7,8,waxing,8,
2072-06-01,2072,2615,星期三,visakha_bucha,衛塞節,วิสาขบูชา,Visakha Bucha,thai-buddhist-major,ขึ้น 15 ค่ำ เดือน 7,7,15,waxing,15,
2072-06-01,2072,2615,星期三,wan_phra,泰國佛日,วันพระ,Wan Phra,thai-buddhist,ขึ้น 15 ค่ำ เดือน 7,7,15,waxing,15,
2072-06-09,2072,2615,星期四,wan_phra,泰國佛日,วันพระ,Wan Phra,thai-buddhist,แรม 8 ค่ำ เดือน 7,7,23,waning,8,
2072-06-15,2072,2615,星期三,wan_phra,泰國佛日,วันพระ,Wan Phra,thai-buddhist,แรม 14 ค่ำ เดือน 7,7,29,waning,14,
2072-06-23,2072,2615,星期四,wan_phra,泰國佛日,วันพระ,Wan Phra,thai-buddhist,ขึ้น 8 ค่ำ เดือน 8,8,8,waxing,8,
2072-06-30,2072,2615,星期四,wan_phra,泰國佛日,วันพระ,Wan Phra,thai-buddhist,ขึ้น 15 ค่ำ เดือน 8,8,15,waxing,15,
2072-07-08,2072,2615,星期五,wan_phra,泰國佛日,วันพระ,Wan Phra,thai-buddhist,แรม 8 ค่ำ เดือน 8,8,23,waning,8,
2072-07-15,2072,2615,星期五,wan_phra,泰國佛日,วันพระ,Wan Phra,thai-buddhist,แรม 15 ค่ำ เดือน 8,8,30,waning,15,
2072-07-23,2072,2615,星期六,wan_phra,泰國佛日,วันพระ,Wan Phra,thai-buddhist,ขึ้น 8 ค่ำ เดือน 88,88,8,waxing,8,
2072-07-30,2072,2615,星期六,wan_phra,泰國佛日,วันพระ,Wan Phra,thai-buddhist,ขึ้น 15 ค่ำ เดือน 88,88,15,waxing,15,
2072-07-31,2072,2615,星期日,khao_phansa,入雨安居,เข้าพรรษา,Khao Phansa,thai-buddhist-major,แรม 1 ค่ำ เดือน 88,88,16,waning,1,
2072-08-07,2072,2615,星期日,wan_phra,泰國佛日,วันพระ,Wan Phra,thai-buddhist,แรม 8 ค่ำ เดือน 88,88,23,waning,8,
2072-08-14,2072,2615,星期日,wan_phra,泰國佛日,วันพระ,Wan Phra,thai-buddhist,แรม 15 ค่ำ เดือน 88,88,30,waning,15,
2072-08-22,2072,2615,星期一,wan_phra,泰國佛日,วันพระ,Wan Phra,thai-buddhist,ขึ้น 8 ค่ำ เดือน 9,9,8,waxing,8,
2072-08-29,2072,2615,星期一,wan_phra,泰國佛日,วันพระ,Wan Phra,thai-buddhist,ขึ้น 15 ค่ำ เดือน 9,9,15,waxing,15,
2072-09-06,2072,2615,星期二,wan_phra,泰國佛日,วันพระ,Wan Phra,thai-buddhist,แรม 8 ค่ำ เดือน 9,9,23,waning,8,
2072-09-12,2072,2615,星期一,wan_phra,泰國佛日,วันพระ,Wan Phra,thai-buddhist,แรม 14 ค่ำ เดือน 9,9,29,waning,14,
2072-09-20,2072,2615,星期二,wan_phra,泰國佛日,วันพระ,Wan Phra,thai-buddhist,ขึ้น 8 ค่ำ เดือน 10,10,8,waxing,8,
2072-09-27,2072,2615,星期二,wan_phra,泰國佛日,วันพระ,Wan Phra,thai-buddhist,ขึ้น 15 ค่ำ เดือน 10,10,15,waxing,15,
2072-10-05,2072,2615,星期三,wan_phra,泰國佛日,วันพระ,Wan Phra,thai-buddhist,แรม 8 ค่ำ เดือน 10,10,23,waning,8,
2072-10-12,2072,2615,星期三,wan_phra,泰國佛日,วันพระ,Wan Phra,thai-buddhist,แรม 15 ค่ำ เดือน 10,10,30,waning,15,
2072-10-20,2072,2615,星期四,wan_phra,泰國佛日,วันพระ,Wan Phra,thai-buddhist,ขึ้น 8 ค่ำ เดือน 11,11,8,waxing,8,
2072-10-27,2072,2615,星期四,ok_phansa,出雨安居,ออกพรรษา,Ok Phansa,thai-buddhist-major,ขึ้น 15 ค่ำ เดือน 11,11,15,waxing,15,
2072-10-27,2072,2615,星期四,wan_phra,泰國佛日,วันพระ,Wan Phra,thai-buddhist,ขึ้น 15 ค่ำ เดือน 11,11,15,waxing,15,
2072-11-04,2072,2615,星期五,wan_phra,泰國佛日,วันพระ,Wan Phra,thai-buddhist,แรม 8 ค่ำ เดือน 11,11,23,waning,8,
2072-11-10,2072,2615,星期四,wan_phra,泰國佛日,วันพระ,Wan Phra,thai-buddhist,แรม 14 ค่ำ เดือน 11,11,29,waning,14,
2072-11-18,2072,2615,星期五,wan_phra,泰國佛日,วันพระ,Wan Phra,thai-buddhist,ขึ้น 8 ค่ำ เดือน 12,12,8,waxing,8,
2072-11-25,2072,2615,星期五,wan_phra,泰國佛日,วันพระ,Wan Phra,thai-buddhist,ขึ้น 15 ค่ำ เดือน 12,12,15,waxing,15,
2072-12-03,2072,2615,星期六,wan_phra,泰國佛日,วันพระ,Wan Phra,thai-buddhist,แรม 8 ค่ำ เดือน 12,12,23,waning,8,
2072-12-10,2072,2615,星期六,wan_phra,泰國佛日,วันพระ,Wan Phra,thai-buddhist,แรม 15 ค่ำ เดือน 12,12,30,waning,15,
2072-12-18,2072,2615,星期日,wan_phra,泰國佛日,วันพระ,Wan Phra,thai-buddhist,ขึ้น 8 ค่ำ เดือน 1,1,8,waxing,8,
2072-12-25,2072,2615,星期日,wan_phra,泰國佛日,วันพระ,Wan Phra,thai-buddhist,ขึ้น 15 ค่ำ เดือน 1,1,15,waxing,15,
2073-01-02,2073,2616,星期一,wan_phra,泰國佛日,วันพระ,Wan Phra,thai-buddhist,แรม 8 ค่ำ เดือน 1,1,23,waning,8,
2073-01-08,2073,2616,星期日,wan_phra,泰國佛日,วันพระ,Wan Phra,thai-buddhist,แรม 14 ค่ำ เดือน 1,1,29,waning,14,
2073-01-16,2073,2616,星期一,wan_phra,泰國佛日,วันพระ,Wan Phra,thai-buddhist,ขึ้น 8 ค่ำ เดือน 2,2,8,waxing,8,
2073-01-23,2073,2616,星期一,wan_phra,泰國佛日,วันพระ,Wan Phra,thai-buddhist,ขึ้น 15 ค่ำ เดือน 2,2,15,waxing,15,
2073-01-31,2073,2616,星期二,wan_phra,泰國佛日,วันพระ,Wan Phra,thai-buddhist,แรม 8 ค่ำ เดือน 2,2,23,waning,8,
2073-02-07,2073,2616,星期二,wan_phra,泰國佛日,วันพระ,Wan Phra,thai-buddhist,แรม 15 ค่ำ เดือน 2,2,30,waning,15,
2073-02-15,2073,2616,星期三,wan_phra,泰國佛日,วันพระ,Wan Phra,thai-buddhist,ขึ้น 8 ค่ำ เดือน 3,3,8,waxing,8,
2073-02-22,2073,2616,星期三,makha_bucha,萬佛節,มาฆบูชา,Makha Bucha,thai-buddhist-major,ขึ้น 15 ค่ำ เดือน 3,3,15,waxing,15,
2073-02-22,2073,2616,星期三,wan_phra,泰國佛日,วันพระ,Wan Phra,thai-buddhist,ขึ้น 15 ค่ำ เดือน 3,3,15,waxing,15,
2073-03-02,2073,2616,星期四,wan_phra,泰國佛日,วันพระ,Wan Phra,thai-buddhist,แรม 8 ค่ำ เดือน 3,3,23,waning,8,
2073-03-08,2073,2616,星期三,wan_phra,泰國佛日,วันพระ,Wan Phra,thai-buddhist,แรม 14 ค่ำ เดือน 3,3,29,waning,14,
2073-03-16,2073,2616,星期四,wan_phra,泰國佛日,วันพระ,Wan Phra,thai-buddhist,ขึ้น 8 ค่ำ เดือน 4,4,8,waxing,8,
2073-03-23,2073,2616,星期四,wan_phra,泰國佛日,วันพระ,Wan Phra,thai-buddhist,ขึ้น 15 ค่ำ เดือน 4,4,15,waxing,15,
2073-03-31,2073,2616,星期五,wan_phra,泰國佛日,วันพระ,Wan Phra,thai-buddhist,แรม 8 ค่ำ เดือน 4,4,23,waning,8,
2073-04-07,2073,2616,星期五,wan_phra,泰國佛日,วันพระ,Wan Phra,thai-buddhist,แรม 15 ค่ำ เดือน 4,4,30,waning,15,
2073-04-15,2073,2616,星期六,wan_phra,泰國佛日,วันพระ,Wan Phra,thai-buddhist,ขึ้น 8 ค่ำ เดือน 5,5,8,waxing,8,
2073-04-22,2073,2616,星期六,wan_phra,泰國佛日,วันพระ,Wan Phra,thai-buddhist,ขึ้น 15 ค่ำ เดือน 5,5,15,waxing,15,
2073-04-30,2073,2616,星期日,wan_phra,泰國佛日,วันพระ,Wan Phra,thai-buddhist,แรม 8 ค่ำ เดือน 5,5,23,waning,8,
2073-05-06,2073,2616,星期六,wan_phra,泰國佛日,วันพระ,Wan Phra,thai-buddhist,แรม 14 ค่ำ เดือน 5,5,29,waning,14,
2073-05-14,2073,2616,星期日,wan_phra,泰國佛日,วันพระ,Wan Phra,thai-buddhist,ขึ้น 8 ค่ำ เดือน 6,6,8,waxing,8,
2073-05-21,2073,2616,星期日,visakha_bucha,衛塞節,วิสาขบูชา,Visakha Bucha,thai-buddhist-major,ขึ้น 15 ค่ำ เดือน 6,6,15,waxing,15,
2073-05-21,2073,2616,星期日,wan_phra,泰國佛日,วันพระ,Wan Phra,thai-buddhist,ขึ้น 15 ค่ำ เดือน 6,6,15,waxing,15,
2073-05-29,2073,2616,星期一,wan_phra,泰國佛日,วันพระ,Wan Phra,thai-buddhist,แรม 8 ค่ำ เดือน 6,6,23,waning,8,
2073-06-05,2073,2616,星期一,wan_phra,泰國佛日,วันพระ,Wan Phra,thai-buddhist,แรม 15 ค่ำ เดือน 6,6,30,waning,15,
2073-06-13,2073,2616,星期二,wan_phra,泰國佛日,วันพระ,Wan Phra,thai-buddhist,ขึ้น 8 ค่ำ เดือน 7,7,8,waxing,8,
2073-06-20,2073,2616,星期二,wan_phra,泰國佛日,วันพระ,Wan Phra,thai-buddhist,ขึ้น 15 ค่ำ เดือน 7,7,15,waxing,15,
2073-06-28,2073,2616,星期三,wan_phra,泰國佛日,วันพระ,Wan Phra,thai-buddhist,แรม 8 ค่ำ เดือน 7,7,23,waning,8,
2073-07-04,2073,2616,星期二,wan_phra,泰國佛日,วันพระ,Wan Phra,thai-buddhist,แรม 14 ค่ำ เดือน 7,7,29,waning,14,
2073-07-12,2073,2616,星期三,wan_phra,泰國佛日,วันพระ,Wan Phra,thai-buddhist,ขึ้น 8 ค่ำ เดือน 8,8,8,waxing,8,
2073-07-19,2073,2616,星期三,wan_phra,泰國佛日,วันพระ,Wan Phra,thai-buddhist,ขึ้น 15 ค่ำ เดือน 8,8,15,waxing,15,
2073-07-20,2073,2616,星期四,khao_phansa,入雨安居,เข้าพรรษา,Khao Phansa,thai-buddhist-major,แรม 1 ค่ำ เดือน 8,8,16,waning,1,
2073-07-27,2073,2616,星期四,wan_phra,泰國佛日,วันพระ,Wan Phra,thai-buddhist,แรม 8 ค่ำ เดือน 8,8,23,waning,8,
2073-08-03,2073,2616,星期四,wan_phra,泰國佛日,วันพระ,Wan Phra,thai-buddhist,แรม 15 ค่ำ เดือน 8,8,30,waning,15,
2073-08-11,2073,2616,星期五,wan_phra,泰國佛日,วันพระ,Wan Phra,thai-buddhist,ขึ้น 8 ค่ำ เดือน 9,9,8,waxing,8,
2073-08-18,2073,2616,星期五,wan_phra,泰國佛日,วันพระ,Wan Phra,thai-buddhist,ขึ้น 15 ค่ำ เดือน 9,9,15,waxing,15,
2073-08-26,2073,2616,星期六,wan_phra,泰國佛日,วันพระ,Wan Phra,thai-buddhist,แรม 8 ค่ำ เดือน 9,9,23,waning,8,
2073-09-01,2073,2616,星期五,wan_phra,泰國佛日,วันพระ,Wan Phra,thai-buddhist,แรม 14 ค่ำ เดือน 9,9,29,waning,14,
2073-09-09,2073,2616,星期六,wan_phra,泰國佛日,วันพระ,Wan Phra,thai-buddhist,ขึ้น 8 ค่ำ เดือน 10,10,8,waxing,8,
2073-09-16,2073,2616,星期六,wan_phra,泰國佛日,วันพระ,Wan Phra,thai-buddhist,ขึ้น 15 ค่ำ เดือน 10,10,15,waxing,15,
2073-09-24,2073,2616,星期日,wan_phra,泰國佛日,วันพระ,Wan Phra,thai-buddhist,แรม 8 ค่ำ เดือน 10,10,23,waning,8,
2073-10-01,2073,2616,星期日,wan_phra,泰國佛日,วันพระ,Wan Phra,thai-buddhist,แรม 15 ค่ำ เดือน 10,10,30,waning,15,
2073-10-09,2073,2616,星期一,wan_phra,泰國佛日,วันพระ,Wan Phra,thai-buddhist,ขึ้น 8 ค่ำ เดือน 11,11,8,waxing,8,
2073-10-16,2073,2616,星期一,ok_phansa,出雨安居,ออกพรรษา,Ok Phansa,thai-buddhist-major,ขึ้น 15 ค่ำ เดือน 11,11,15,waxing,15,
2073-10-16,2073,2616,星期一,wan_phra,泰國佛日,วันพระ,Wan Phra,thai-buddhist,ขึ้น 15 ค่ำ เดือน 11,11,15,waxing,15,
2073-10-24,2073,2616,星期二,wan_phra,泰國佛日,วันพระ,Wan Phra,thai-buddhist,แรม 8 ค่ำ เดือน 11,11,23,waning,8,
2073-10-30,2073,2616,星期一,wan_phra,泰國佛日,วันพระ,Wan Phra,thai-buddhist,แรม 14 ค่ำ เดือน 11,11,29,waning,14,
2073-11-07,2073,2616,星期二,wan_phra,泰國佛日,วันพระ,Wan Phra,thai-buddhist,ขึ้น 8 ค่ำ เดือน 12,12,8,waxing,8,
2073-11-14,2073,2616,星期二,wan_phra,泰國佛日,วันพระ,Wan Phra,thai-buddhist,ขึ้น 15 ค่ำ เดือน 12,12,15,waxing,15,
2073-11-22,2073,2616,星期三,wan_phra,泰國佛日,วันพระ,Wan Phra,thai-buddhist,แรม 8 ค่ำ เดือน 12,12,23,waning,8,
2073-11-29,2073,2616,星期三,wan_phra,泰國佛日,วันพระ,Wan Phra,thai-buddhist,แรม 15 ค่ำ เดือน 12,12,30,waning,15,
2073-12-07,2073,2616,星期四,wan_phra,泰國佛日,วันพระ,Wan Phra,thai-buddhist,ขึ้น 8 ค่ำ เดือน 1,1,8,waxing,8,
2073-12-14,2073,2616,星期四,wan_phra,泰國佛日,วันพระ,Wan Phra,thai-buddhist,ขึ้น 15 ค่ำ เดือน 1,1,15,waxing,15,
2073-12-22,2073,2616,星期五,wan_phra,泰國佛日,วันพระ,Wan Phra,thai-buddhist,แรม 8 ค่ำ เดือน 1,1,23,waning,8,
2073-12-28,2073,2616,星期四,wan_phra,泰國佛日,วันพระ,Wan Phra,thai-buddhist,แรม 14 ค่ำ เดือน 1,1,29,waning,14,
2074-01-05,2074,2617,星期五,wan_phra,泰國佛日,วันพระ,Wan Phra,thai-buddhist,ขึ้น 8 ค่ำ เดือน 2,2,8,waxing,8,
2074-01-12,2074,2617,星期五,wan_phra,泰國佛日,วันพระ,Wan Phra,thai-buddhist,ขึ้น 15 ค่ำ เดือน 2,2,15,waxing,15,
2074-01-20,2074,2617,星期六,wan_phra,泰國佛日,วันพระ,Wan Phra,thai-buddhist,แรม 8 ค่ำ เดือน 2,2,23,waning,8,
2074-01-27,2074,2617,星期六,wan_phra,泰國佛日,วันพระ,Wan Phra,thai-buddhist,แรม 15 ค่ำ เดือน 2,2,30,waning,15,
2074-02-04,2074,2617,星期日,wan_phra,泰國佛日,วันพระ,Wan Phra,thai-buddhist,ขึ้น 8 ค่ำ เดือน 3,3,8,waxing,8,
2074-02-11,2074,2617,星期日,makha_bucha,萬佛節,มาฆบูชา,Makha Bucha,thai-buddhist-major,ขึ้น 15 ค่ำ เดือน 3,3,15,waxing,15,
2074-02-11,2074,2617,星期日,wan_phra,泰國佛日,วันพระ,Wan Phra,thai-buddhist,ขึ้น 15 ค่ำ เดือน 3,3,15,waxing,15,
2074-02-19,2074,2617,星期一,wan_phra,泰國佛日,วันพระ,Wan Phra,thai-buddhist,แรม 8 ค่ำ เดือน 3,3,23,waning,8,
2074-02-25,2074,2617,星期日,wan_phra,泰國佛日,วันพระ,Wan Phra,thai-buddhist,แรม 14 ค่ำ เดือน 3,3,29,waning,14,
2074-03-05,2074,2617,星期一,wan_phra,泰國佛日,วันพระ,Wan Phra,thai-buddhist,ขึ้น 8 ค่ำ เดือน 4,4,8,waxing,8,
2074-03-12,2074,2617,星期一,wan_phra,泰國佛日,วันพระ,Wan Phra,thai-buddhist,ขึ้น 15 ค่ำ เดือน 4,4,15,waxing,15,
2074-03-20,2074,2617,星期二,wan_phra,泰國佛日,วันพระ,Wan Phra,thai-buddhist,แรม 8 ค่ำ เดือน 4,4,23,waning,8,
2074-03-27,2074,2617,星期二,wan_phra,泰國佛日,วันพระ,Wan Phra,thai-buddhist,แรม 15 ค่ำ เดือน 4,4,30,waning,15,
2074-04-04,2074,2617,星期三,wan_phra,泰國佛日,วันพระ,Wan Phra,thai-buddhist,ขึ้น 8 ค่ำ เดือน 5,5,8,waxing,8,
2074-04-11,2074,2617,星期三,wan_phra,泰國佛日,วันพระ,Wan Phra,thai-buddhist,ขึ้น 15 ค่ำ เดือน 5,5,15,waxing,15,
2074-04-19,2074,2617,星期四,wan_phra,泰國佛日,วันพระ,Wan Phra,thai-buddhist,แรม 8 ค่ำ เดือน 5,5,23,waning,8,
2074-04-25,2074,2617,星期三,wan_phra,泰國佛日,วันพระ,Wan Phra,thai-buddhist,แรม 14 ค่ำ เดือน 5,5,29,waning,14,
2074-05-03,2074,2617,星期四,wan_phra,泰國佛日,วันพระ,Wan Phra,thai-buddhist,ขึ้น 8 ค่ำ เดือน 6,6,8,waxing,8,
2074-05-10,2074,2617,星期四,visakha_bucha,衛塞節,วิสาขบูชา,Visakha Bucha,thai-buddhist-major,ขึ้น 15 ค่ำ เดือน 6,6,15,waxing,15,
2074-05-10,2074,2617,星期四,wan_phra,泰國佛日,วันพระ,Wan Phra,thai-buddhist,ขึ้น 15 ค่ำ เดือน 6,6,15,waxing,15,
2074-05-18,2074,2617,星期五,wan_phra,泰國佛日,วันพระ,Wan Phra,thai-buddhist,แรม 8 ค่ำ เดือน 6,6,23,waning,8,
2074-05-25,2074,2617,星期五,wan_phra,泰國佛日,วันพระ,Wan Phra,thai-buddhist,แรม 15 ค่ำ เดือน 6,6,30,waning,15,
2074-06-02,2074,2617,星期六,wan_phra,泰國佛日,วันพระ,Wan Phra,thai-buddhist,ขึ้น 8 ค่ำ เดือน 7,7,8,waxing,8,
2074-06-09,2074,2617,星期六,wan_phra,泰國佛日,วันพระ,Wan Phra,thai-buddhist,ขึ้น 15 ค่ำ เดือน 7,7,15,waxing,15,
2074-06-17,2074,2617,星期日,wan_phra,泰國佛日,วันพระ,Wan Phra,thai-buddhist,แรม 8 ค่ำ เดือน 7,7,23,waning,8,
2074-06-23,2074,2617,星期六,wan_phra,泰國佛日,วันพระ,Wan Phra,thai-buddhist,แรม 14 ค่ำ เดือน 7,7,29,waning,14,
2074-07-01,2074,2617,星期日,wan_phra,泰國佛日,วันพระ,Wan Phra,thai-buddhist,ขึ้น 8 ค่ำ เดือน 8,8,8,waxing,8,
2074-07-08,2074,2617,星期日,wan_phra,泰國佛日,วันพระ,Wan Phra,thai-buddhist,ขึ้น 15 ค่ำ เดือน 8,8,15,waxing,15,
2074-07-09,2074,2617,星期一,khao_phansa,入雨安居,เข้าพรรษา,Khao Phansa,thai-buddhist-major,แรม 1 ค่ำ เดือน 8,8,16,waning,1,
2074-07-16,2074,2617,星期一,wan_phra,泰國佛日,วันพระ,Wan Phra,thai-buddhist,แรม 8 ค่ำ เดือน 8,8,23,waning,8,
2074-07-23,2074,2617,星期一,wan_phra,泰國佛日,วันพระ,Wan Phra,thai-buddhist,แรม 15 ค่ำ เดือน 8,8,30,waning,15,
2074-07-31,2074,2617,星期二,wan_phra,泰國佛日,วันพระ,Wan Phra,thai-buddhist,ขึ้น 8 ค่ำ เดือน 9,9,8,waxing,8,
2074-08-07,2074,2617,星期二,wan_phra,泰國佛日,วันพระ,Wan Phra,thai-buddhist,ขึ้น 15 ค่ำ เดือน 9,9,15,waxing,15,
2074-08-15,2074,2617,星期三,wan_phra,泰國佛日,วันพระ,Wan Phra,thai-buddhist,แรม 8 ค่ำ เดือน 9,9,23,waning,8,
2074-08-21,2074,2617,星期二,wan_phra,泰國佛日,วันพระ,Wan Phra,thai-buddhist,แรม 14 ค่ำ เดือน 9,9,29,waning,14,
2074-08-29,2074,2617,星期三,wan_phra,泰國佛日,วันพระ,Wan Phra,thai-buddhist,ขึ้น 8 ค่ำ เดือน 10,10,8,waxing,8,
2074-09-05,2074,2617,星期三,wan_phra,泰國佛日,วันพระ,Wan Phra,thai-buddhist,ขึ้น 15 ค่ำ เดือน 10,10,15,waxing,15,
2074-09-13,2074,2617,星期四,wan_phra,泰國佛日,วันพระ,Wan Phra,thai-buddhist,แรม 8 ค่ำ เดือน 10,10,23,waning,8,
2074-09-20,2074,2617,星期四,wan_phra,泰國佛日,วันพระ,Wan Phra,thai-buddhist,แรม 15 ค่ำ เดือน 10,10,30,waning,15,
2074-09-28,2074,2617,星期五,wan_phra,泰國佛日,วันพระ,Wan Phra,thai-buddhist,ขึ้น 8 ค่ำ เดือน 11,11,8,waxing,8,
2074-10-05,2074,2617,星期五,ok_phansa,出雨安居,ออกพรรษา,Ok Phansa,thai-buddhist-major,ขึ้น 15 ค่ำ เดือน 11,11,15,waxing,15,
2074-10-05,2074,2617,星期五,wan_phra,泰國佛日,วันพระ,Wan Phra,thai-buddhist,ขึ้น 15 ค่ำ เดือน 11,11,15,waxing,15,
2074-10-13,2074,2617,星期六,wan_phra,泰國佛日,วันพระ,Wan Phra,thai-buddhist,แรม 8 ค่ำ เดือน 11,11,23,waning,8,
2074-10-19,2074,2617,星期五,wan_phra,泰國佛日,วันพระ,Wan Phra,thai-buddhist,แรม 14 ค่ำ เดือน 11,11,29,waning,14,
2074-10-27,2074,2617,星期六,wan_phra,泰國佛日,วันพระ,Wan Phra,thai-buddhist,ขึ้น 8 ค่ำ เดือน 12,12,8,waxing,8,
2074-11-03,2074,2617,星期六,wan_phra,泰國佛日,วันพระ,Wan Phra,thai-buddhist,ขึ้น 15 ค่ำ เดือน 12,12,15,waxing,15,
2074-11-11,2074,2617,星期日,wan_phra,泰國佛日,วันพระ,Wan Phra,thai-buddhist,แรม 8 ค่ำ เดือน 12,12,23,waning,8,
2074-11-18,2074,2617,星期日,wan_phra,泰國佛日,วันพระ,Wan Phra,thai-buddhist,แรม 15 ค่ำ เดือน 12,12,30,waning,15,
2074-11-26,2074,2617,星期一,wan_phra,泰國佛日,วันพระ,Wan Phra,thai-buddhist,ขึ้น 8 ค่ำ เดือน 1,1,8,waxing,8,
2074-12-03,2074,2617,星期一,wan_phra,泰國佛日,วันพระ,Wan Phra,thai-buddhist,ขึ้น 15 ค่ำ เดือน 1,1,15,waxing,15,
2074-12-11,2074,2617,星期二,wan_phra,泰國佛日,วันพระ,Wan Phra,thai-buddhist,แรม 8 ค่ำ เดือน 1,1,23,waning,8,
2074-12-17,2074,2617,星期一,wan_phra,泰國佛日,วันพระ,Wan Phra,thai-buddhist,แรม 14 ค่ำ เดือน 1,1,29,waning,14,
2074-12-25,2074,2617,星期二,wan_phra,泰國佛日,วันพระ,Wan Phra,thai-buddhist,ขึ้น 8 ค่ำ เดือน 2,2,8,waxing,8,
2075-01-01,2075,2618,星期二,wan_phra,泰國佛日,วันพระ,Wan Phra,thai-buddhist,ขึ้น 15 ค่ำ เดือน 2,2,15,waxing,15,
2075-01-09,2075,2618,星期三,wan_phra,泰國佛日,วันพระ,Wan Phra,thai-buddhist,แรม 8 ค่ำ เดือน 2,2,23,waning,8,
2075-01-16,2075,2618,星期三,wan_phra,泰國佛日,วันพระ,Wan Phra,thai-buddhist,แรม 15 ค่ำ เดือน 2,2,30,waning,15,
2075-01-24,2075,2618,星期四,wan_phra,泰國佛日,วันพระ,Wan Phra,thai-buddhist,ขึ้น 8 ค่ำ เดือน 3,3,8,waxing,8,
2075-01-31,2075,2618,星期四,wan_phra,泰國佛日,วันพระ,Wan Phra,thai-buddhist,ขึ้น 15 ค่ำ เดือน 3,3,15,waxing,15,
2075-02-08,2075,2618,星期五,wan_phra,泰國佛日,วันพระ,Wan Phra,thai-buddhist,แรม 8 ค่ำ เดือน 3,3,23,waning,8,
2075-02-14,2075,2618,星期四,wan_phra,泰國佛日,วันพระ,Wan Phra,thai-buddhist,แรม 14 ค่ำ เดือน 3,3,29,waning,14,
2075-02-22,2075,2618,星期五,wan_phra,泰國佛日,วันพระ,Wan Phra,thai-buddhist,ขึ้น 8 ค่ำ เดือน 4,4,8,waxing,8,
2075-03-01,2075,2618,星期五,makha_bucha,萬佛節,มาฆบูชา,Makha Bucha,thai-buddhist-major,ขึ้น 15 ค่ำ เดือน 4,4,15,waxing,15,
2075-03-01,2075,2618,星期五,wan_phra,泰國佛日,วันพระ,Wan Phra,thai-buddhist,ขึ้น 15 ค่ำ เดือน 4,4,15,waxing,15,
2075-03-09,2075,2618,星期六,wan_phra,泰國佛日,วันพระ,Wan Phra,thai-buddhist,แรม 8 ค่ำ เดือน 4,4,23,waning,8,
2075-03-16,2075,2618,星期六,wan_phra,泰國佛日,วันพระ,Wan Phra,thai-buddhist,แรม 15 ค่ำ เดือน 4,4,30,waning,15,
2075-03-24,2075,2618,星期日,wan_phra,泰國佛日,วันพระ,Wan Phra,thai-buddhist,ขึ้น 8 ค่ำ เดือน 5,5,8,waxing,8,
2075-03-31,2075,2618,星期日,wan_phra,泰國佛日,วันพระ,Wan Phra,thai-buddhist,ขึ้น 15 ค่ำ เดือน 5,5,15,waxing,15,
2075-04-08,2075,2618,星期一,wan_phra,泰國佛日,วันพระ,Wan Phra,thai-buddhist,แรม 8 ค่ำ เดือน 5,5,23,waning,8,
2075-04-14,2075,2618,星期日,wan_phra,泰國佛日,วันพระ,Wan Phra,thai-buddhist,แรม 14 ค่ำ เดือน 5,5,29,waning,14,
2075-04-22,2075,2618,星期一,wan_phra,泰國佛日,วันพระ,Wan Phra,thai-buddhist,ขึ้น 8 ค่ำ เดือน 6,6,8,waxing,8,
2075-04-29,2075,2618,星期一,wan_phra,泰國佛日,วันพระ,Wan Phra,thai-buddhist,ขึ้น 15 ค่ำ เดือน 6,6,15,waxing,15,
2075-05-07,2075,2618,星期二,wan_phra,泰國佛日,วันพระ,Wan Phra,thai-buddhist,แรม 8 ค่ำ เดือน 6,6,23,waning,8,
2075-05-14,2075,2618,星期二,wan_phra,泰國佛日,วันพระ,Wan Phra,thai-buddhist,แรม 15 ค่ำ เดือน 6,6,30,waning,15,
2075-05-22,2075,2618,星期三,wan_phra,泰國佛日,วันพระ,Wan Phra,thai-buddhist,ขึ้น 8 ค่ำ เดือน 7,7,8,waxing,8,
2075-05-29,2075,2618,星期三,visakha_bucha,衛塞節,วิสาขบูชา,Visakha Bucha,thai-buddhist-major,ขึ้น 15 ค่ำ เดือน 7,7,15,waxing,15,
2075-05-29,2075,2618,星期三,wan_phra,泰國佛日,วันพระ,Wan Phra,thai-buddhist,ขึ้น 15 ค่ำ เดือน 7,7,15,waxing,15,
2075-06-06,2075,2618,星期四,wan_phra,泰國佛日,วันพระ,Wan Phra,thai-buddhist,แรม 8 ค่ำ เดือน 7,7,23,waning,8,
2075-06-12,2075,2618,星期三,wan_phra,泰國佛日,วันพระ,Wan Phra,thai-buddhist,แรม 14 ค่ำ เดือน 7,7,29,waning,14,
2075-06-20,2075,2618,星期四,wan_phra,泰國佛日,วันพระ,Wan Phra,thai-buddhist,ขึ้น 8 ค่ำ เดือน 8,8,8,waxing,8,
2075-06-27,2075,2618,星期四,wan_phra,泰國佛日,วันพระ,Wan Phra,thai-buddhist,ขึ้น 15 ค่ำ เดือน 8,8,15,waxing,15,
2075-07-05,2075,2618,星期五,wan_phra,泰國佛日,วันพระ,Wan Phra,thai-buddhist,แรม 8 ค่ำ เดือน 8,8,23,waning,8,
2075-07-12,2075,2618,星期五,wan_phra,泰國佛日,วันพระ,Wan Phra,thai-buddhist,แรม 15 ค่ำ เดือน 8,8,30,waning,15,
2075-07-20,2075,2618,星期六,wan_phra,泰國佛日,วันพระ,Wan Phra,thai-buddhist,ขึ้น 8 ค่ำ เดือน 88,88,8,waxing,8,
2075-07-27,2075,2618,星期六,wan_phra,泰國佛日,วันพระ,Wan Phra,thai-buddhist,ขึ้น 15 ค่ำ เดือน 88,88,15,waxing,15,
2075-07-28,2075,2618,星期日,khao_phansa,入雨安居,เข้าพรรษา,Khao Phansa,thai-buddhist-major,แรม 1 ค่ำ เดือน 88,88,16,waning,1,
2075-08-04,2075,2618,星期日,wan_phra,泰國佛日,วันพระ,Wan Phra,thai-buddhist,แรม 8 ค่ำ เดือน 88,88,23,waning,8,
2075-08-11,2075,2618,星期日,wan_phra,泰國佛日,วันพระ,Wan Phra,thai-buddhist,แรม 15 ค่ำ เดือน 88,88,30,waning,15,
2075-08-19,2075,2618,星期一,wan_phra,泰國佛日,วันพระ,Wan Phra,thai-buddhist,ขึ้น 8 ค่ำ เดือน 9,9,8,waxing,8,
2075-08-26,2075,2618,星期一,wan_phra,泰國佛日,วันพระ,Wan Phra,thai-buddhist,ขึ้น 15 ค่ำ เดือน 9,9,15,waxing,15,
2075-09-03,2075,2618,星期二,wan_phra,泰國佛日,วันพระ,Wan Phra,thai-buddhist,แรม 8 ค่ำ เดือน 9,9,23,waning,8,
2075-09-09,2075,2618,星期一,wan_phra,泰國佛日,วันพระ,Wan Phra,thai-buddhist,แรม 14 ค่ำ เดือน 9,9,29,waning,14,
2075-09-17,2075,2618,星期二,wan_phra,泰國佛日,วันพระ,Wan Phra,thai-buddhist,ขึ้น 8 ค่ำ เดือน 10,10,8,waxing,8,
2075-09-24,2075,2618,星期二,wan_phra,泰國佛日,วันพระ,Wan Phra,thai-buddhist,ขึ้น 15 ค่ำ เดือน 10,10,15,waxing,15,
2075-10-02,2075,2618,星期三,wan_phra,泰國佛日,วันพระ,Wan Phra,thai-buddhist,แรม 8 ค่ำ เดือน 10,10,23,waning,8,
2075-10-09,2075,2618,星期三,wan_phra,泰國佛日,วันพระ,Wan Phra,thai-buddhist,แรม 15 ค่ำ เดือน 10,10,30,waning,15,
2075-10-17,2075,2618,星期四,wan_phra,泰國佛日,วันพระ,Wan Phra,thai-buddhist,ขึ้น 8 ค่ำ เดือน 11,11,8,waxing,8,
2075-10-24,2075,2618,星期四,ok_phansa,出雨安居,ออกพรรษา,Ok Phansa,thai-buddhist-major,ขึ้น 15 ค่ำ เดือน 11,11,15,waxing,15,
2075-10-24,2075,2618,星期四,wan_phra,泰國佛日,วันพระ,Wan Phra,thai-buddhist,ขึ้น 15 ค่ำ เดือน 11,11,15,waxing,15,
2075-11-01,2075,2618,星期五,wan_phra,泰國佛日,วันพระ,Wan Phra,thai-buddhist,แรม 8 ค่ำ เดือน 11,11,23,waning,8,
2075-11-07,2075,2618,星期四,wan_phra,泰國佛日,วันพระ,Wan Phra,thai-buddhist,แรม 14 ค่ำ เดือน 11,11,29,waning,14,
2075-11-15,2075,2618,星期五,wan_phra,泰國佛日,วันพระ,Wan Phra,thai-buddhist,ขึ้น 8 ค่ำ เดือน 12,12,8,waxing,8,
2075-11-22,2075,2618,星期五,wan_phra,泰國佛日,วันพระ,Wan Phra,thai-buddhist,ขึ้น 15 ค่ำ เดือน 12,12,15,waxing,15,
2075-11-30,2075,2618,星期六,wan_phra,泰國佛日,วันพระ,Wan Phra,thai-buddhist,แรม 8 ค่ำ เดือน 12,12,23,waning,8,
2075-12-07,2075,2618,星期六,wan_phra,泰國佛日,วันพระ,Wan Phra,thai-buddhist,แรม 15 ค่ำ เดือน 12,12,30,waning,15,
2075-12-15,2075,2618,星期日,wan_phra,泰國佛日,วันพระ,Wan Phra,thai-buddhist,ขึ้น 8 ค่ำ เดือน 1,1,8,waxing,8,
2075-12-22,2075,2618,星期日,wan_phra,泰國佛日,วันพระ,Wan Phra,thai-buddhist,ขึ้น 15 ค่ำ เดือน 1,1,15,waxing,15,
2075-12-30,2075,2618,星期一,wan_phra,泰國佛日,วันพระ,Wan Phra,thai-buddhist,แรม 8 ค่ำ เดือน 1,1,23,waning,8,
2076-01-05,2076,2619,星期日,wan_phra,泰國佛日,วันพระ,Wan Phra,thai-buddhist,แรม 14 ค่ำ เดือน 1,1,29,waning,14,
2076-01-13,2076,2619,星期一,wan_phra,泰國佛日,วันพระ,Wan Phra,thai-buddhist,ขึ้น 8 ค่ำ เดือน 2,2,8,waxing,8,
2076-01-20,2076,2619,星期一,wan_phra,泰國佛日,วันพระ,Wan Phra,thai-buddhist,ขึ้น 15 ค่ำ เดือน 2,2,15,waxing,15,
2076-01-28,2076,2619,星期二,wan_phra,泰國佛日,วันพระ,Wan Phra,thai-buddhist,แรม 8 ค่ำ เดือน 2,2,23,waning,8,
2076-02-04,2076,2619,星期二,wan_phra,泰國佛日,วันพระ,Wan Phra,thai-buddhist,แรม 15 ค่ำ เดือน 2,2,30,waning,15,
2076-02-12,2076,2619,星期三,wan_phra,泰國佛日,วันพระ,Wan Phra,thai-buddhist,ขึ้น 8 ค่ำ เดือน 3,3,8,waxing,8,
2076-02-19,2076,2619,星期三,makha_bucha,萬佛節,มาฆบูชา,Makha Bucha,thai-buddhist-major,ขึ้น 15 ค่ำ เดือน 3,3,15,waxing,15,
2076-02-19,2076,2619,星期三,wan_phra,泰國佛日,วันพระ,Wan Phra,thai-buddhist,ขึ้น 15 ค่ำ เดือน 3,3,15,waxing,15,
2076-02-27,2076,2619,星期四,wan_phra,泰國佛日,วันพระ,Wan Phra,thai-buddhist,แรม 8 ค่ำ เดือน 3,3,23,waning,8,
2076-03-04,2076,2619,星期三,wan_phra,泰國佛日,วันพระ,Wan Phra,thai-buddhist,แรม 14 ค่ำ เดือน 3,3,29,waning,14,
2076-03-12,2076,2619,星期四,wan_phra,泰國佛日,วันพระ,Wan Phra,thai-buddhist,ขึ้น 8 ค่ำ เดือน 4,4,8,waxing,8,
2076-03-19,2076,2619,星期四,wan_phra,泰國佛日,วันพระ,Wan Phra,thai-buddhist,ขึ้น 15 ค่ำ เดือน 4,4,15,waxing,15,
2076-03-27,2076,2619,星期五,wan_phra,泰國佛日,วันพระ,Wan Phra,thai-buddhist,แรม 8 ค่ำ เดือน 4,4,23,waning,8,
2076-04-03,2076,2619,星期五,wan_phra,泰國佛日,วันพระ,Wan Phra,thai-buddhist,แรม 15 ค่ำ เดือน 4,4,30,waning,15,
2076-04-11,2076,2619,星期六,wan_phra,泰國佛日,วันพระ,Wan Phra,thai-buddhist,ขึ้น 8 ค่ำ เดือน 5,5,8,waxing,8,
2076-04-18,2076,2619,星期六,wan_phra,泰國佛日,วันพระ,Wan Phra,thai-buddhist,ขึ้น 15 ค่ำ เดือน 5,5,15,waxing,15,
2076-04-26,2076,2619,星期日,wan_phra,泰國佛日,วันพระ,Wan Phra,thai-buddhist,แรม 8 ค่ำ เดือน 5,5,23,waning,8,
2076-05-02,2076,2619,星期六,wan_phra,泰國佛日,วันพระ,Wan Phra,thai-buddhist,แรม 14 ค่ำ เดือน 5,5,29,waning,14,
2076-05-10,2076,2619,星期日,wan_phra,泰國佛日,วันพระ,Wan Phra,thai-buddhist,ขึ้น 8 ค่ำ เดือน 6,6,8,waxing,8,
2076-05-17,2076,2619,星期日,visakha_bucha,衛塞節,วิสาขบูชา,Visakha Bucha,thai-buddhist-major,ขึ้น 15 ค่ำ เดือน 6,6,15,waxing,15,
2076-05-17,2076,2619,星期日,wan_phra,泰國佛日,วันพระ,Wan Phra,thai-buddhist,ขึ้น 15 ค่ำ เดือน 6,6,15,waxing,15,
2076-05-25,2076,2619,星期一,wan_phra,泰國佛日,วันพระ,Wan Phra,thai-buddhist,แรม 8 ค่ำ เดือน 6,6,23,waning,8,
2076-06-01,2076,2619,星期一,wan_phra,泰國佛日,วันพระ,Wan Phra,thai-buddhist,แรม 15 ค่ำ เดือน 6,6,30,waning,15,
2076-06-09,2076,2619,星期二,wan_phra,泰國佛日,วันพระ,Wan Phra,thai-buddhist,ขึ้น 8 ค่ำ เดือน 7,7,8,waxing,8,
2076-06-16,2076,2619,星期二,wan_phra,泰國佛日,วันพระ,Wan Phra,thai-buddhist,ขึ้น 15 ค่ำ เดือน 7,7,15,waxing,15,
2076-06-24,2076,2619,星期三,wan_phra,泰國佛日,วันพระ,Wan Phra,thai-buddhist,แรม 8 ค่ำ เดือน 7,7,23,waning,8,
2076-07-01,2076,2619,星期三,wan_phra,泰國佛日,วันพระ,Wan Phra,thai-buddhist,แรม 15 ค่ำ เดือน 7,7,30,waning,15,
2076-07-09,2076,2619,星期四,wan_phra,泰國佛日,วันพระ,Wan Phra,thai-buddhist,ขึ้น 8 ค่ำ เดือน 8,8,8,waxing,8,
2076-07-16,2076,2619,星期四,wan_phra,泰國佛日,วันพระ,Wan Phra,thai-buddhist,ขึ้น 15 ค่ำ เดือน 8,8,15,waxing,15,
2076-07-17,2076,2619,星期五,khao_phansa,入雨安居,เข้าพรรษา,Khao Phansa,thai-buddhist-major,แรม 1 ค่ำ เดือน 8,8,16,waning,1,
2076-07-24,2076,2619,星期五,wan_phra,泰國佛日,วันพระ,Wan Phra,thai-buddhist,แรม 8 ค่ำ เดือน 8,8,23,waning,8,
2076-07-31,2076,2619,星期五,wan_phra,泰國佛日,วันพระ,Wan Phra,thai-buddhist,แรม 15 ค่ำ เดือน 8,8,30,waning,15,
2076-08-08,2076,2619,星期六,wan_phra,泰國佛日,วันพระ,Wan Phra,thai-buddhist,ขึ้น 8 ค่ำ เดือน 9,9,8,waxing,8,
2076-08-15,2076,2619,星期六,wan_phra,泰國佛日,วันพระ,Wan Phra,thai-buddhist,ขึ้น 15 ค่ำ เดือน 9,9,15,waxing,15,
2076-08-23,2076,2619,星期日,wan_phra,泰國佛日,วันพระ,Wan Phra,thai-buddhist,แรม 8 ค่ำ เดือน 9,9,23,waning,8,
2076-08-29,2076,2619,星期六,wan_phra,泰國佛日,วันพระ,Wan Phra,thai-buddhist,แรม 14 ค่ำ เดือน 9,9,29,waning,14,
2076-09-06,2076,2619,星期日,wan_phra,泰國佛日,วันพระ,Wan Phra,thai-buddhist,ขึ้น 8 ค่ำ เดือน 10,10,8,waxing,8,
2076-09-13,2076,2619,星期日,wan_phra,泰國佛日,วันพระ,Wan Phra,thai-buddhist,ขึ้น 15 ค่ำ เดือน 10,10,15,waxing,15,
2076-09-21,2076,2619,星期一,wan_phra,泰國佛日,วันพระ,Wan Phra,thai-buddhist,แรม 8 ค่ำ เดือน 10,10,23,waning,8,
2076-09-28,2076,2619,星期一,wan_phra,泰國佛日,วันพระ,Wan Phra,thai-buddhist,แรม 15 ค่ำ เดือน 10,10,30,waning,15,
2076-10-06,2076,2619,星期二,wan_phra,泰國佛日,วันพระ,Wan Phra,thai-buddhist,ขึ้น 8 ค่ำ เดือน 11,11,8,waxing,8,
2076-10-13,2076,2619,星期二,ok_phansa,出雨安居,ออกพรรษา,Ok Phansa,thai-buddhist-major,ขึ้น 15 ค่ำ เดือน 11,11,15,waxing,15,
2076-10-13,2076,2619,星期二,wan_phra,泰國佛日,วันพระ,Wan Phra,thai-buddhist,ขึ้น 15 ค่ำ เดือน 11,11,15,waxing,15,
2076-10-21,2076,2619,星期三,wan_phra,泰國佛日,วันพระ,Wan Phra,thai-buddhist,แรม 8 ค่ำ เดือน 11,11,23,waning,8,
2076-10-27,2076,2619,星期二,wan_phra,泰國佛日,วันพระ,Wan Phra,thai-buddhist,แรม 14 ค่ำ เดือน 11,11,29,waning,14,
2076-11-04,2076,2619,星期三,wan_phra,泰國佛日,วันพระ,Wan Phra,thai-buddhist,ขึ้น 8 ค่ำ เดือน 12,12,8,waxing,8,
2076-11-11,2076,2619,星期三,wan_phra,泰國佛日,วันพระ,Wan Phra,thai-buddhist,ขึ้น 15 ค่ำ เดือน 12,12,15,waxing,15,
2076-11-19,2076,2619,星期四,wan_phra,泰國佛日,วันพระ,Wan Phra,thai-buddhist,แรม 8 ค่ำ เดือน 12,12,23,waning,8,
2076-11-26,2076,2619,星期四,wan_phra,泰國佛日,วันพระ,Wan Phra,thai-buddhist,แรม 15 ค่ำ เดือน 12,12,30,waning,15,
2076-12-04,2076,2619,星期五,wan_phra,泰國佛日,วันพระ,Wan Phra,thai-buddhist,ขึ้น 8 ค่ำ เดือน 1,1,8,waxing,8,
2076-12-11,2076,2619,星期五,wan_phra,泰國佛日,วันพระ,Wan Phra,thai-buddhist,ขึ้น 15 ค่ำ เดือน 1,1,15,waxing,15,
2076-12-19,2076,2619,星期六,wan_phra,泰國佛日,วันพระ,Wan Phra,thai-buddhist,แรม 8 ค่ำ เดือน 1,1,23,waning,8,
2076-12-25,2076,2619,星期五,wan_phra,泰國佛日,วันพระ,Wan Phra,thai-buddhist,แรม 14 ค่ำ เดือน 1,1,29,waning,14,
2077-01-02,2077,2620,星期六,wan_phra,泰國佛日,วันพระ,Wan Phra,thai-buddhist,ขึ้น 8 ค่ำ เดือน 2,2,8,waxing,8,
2077-01-09,2077,2620,星期六,wan_phra,泰國佛日,วันพระ,Wan Phra,thai-buddhist,ขึ้น 15 ค่ำ เดือน 2,2,15,waxing,15,
2077-01-17,2077,2620,星期日,wan_phra,泰國佛日,วันพระ,Wan Phra,thai-buddhist,แรม 8 ค่ำ เดือน 2,2,23,waning,8,
2077-01-24,2077,2620,星期日,wan_phra,泰國佛日,วันพระ,Wan Phra,thai-buddhist,แรม 15 ค่ำ เดือน 2,2,30,waning,15,
2077-02-01,2077,2620,星期一,wan_phra,泰國佛日,วันพระ,Wan Phra,thai-buddhist,ขึ้น 8 ค่ำ เดือน 3,3,8,waxing,8,
2077-02-08,2077,2620,星期一,makha_bucha,萬佛節,มาฆบูชา,Makha Bucha,thai-buddhist-major,ขึ้น 15 ค่ำ เดือน 3,3,15,waxing,15,
2077-02-08,2077,2620,星期一,wan_phra,泰國佛日,วันพระ,Wan Phra,thai-buddhist,ขึ้น 15 ค่ำ เดือน 3,3,15,waxing,15,
2077-02-16,2077,2620,星期二,wan_phra,泰國佛日,วันพระ,Wan Phra,thai-buddhist,แรม 8 ค่ำ เดือน 3,3,23,waning,8,
2077-02-22,2077,2620,星期一,wan_phra,泰國佛日,วันพระ,Wan Phra,thai-buddhist,แรม 14 ค่ำ เดือน 3,3,29,waning,14,
2077-03-02,2077,2620,星期二,wan_phra,泰國佛日,วันพระ,Wan Phra,thai-buddhist,ขึ้น 8 ค่ำ เดือน 4,4,8,waxing,8,
2077-03-09,2077,2620,星期二,wan_phra,泰國佛日,วันพระ,Wan Phra,thai-buddhist,ขึ้น 15 ค่ำ เดือน 4,4,15,waxing,15,
2077-03-17,2077,2620,星期三,wan_phra,泰國佛日,วันพระ,Wan Phra,thai-buddhist,แรม 8 ค่ำ เดือน 4,4,23,waning,8,
2077-03-24,2077,2620,星期三,wan_phra,泰國佛日,วันพระ,Wan Phra,thai-buddhist,แรม 15 ค่ำ เดือน 4,4,30,waning,15,
2077-04-01,2077,2620,星期四,wan_phra,泰國佛日,วันพระ,Wan Phra,thai-buddhist,ขึ้น 8 ค่ำ เดือน 5,5,8,waxing,8,
2077-04-08,2077,2620,星期四,wan_phra,泰國佛日,วันพระ,Wan Phra,thai-buddhist,ขึ้น 15 ค่ำ เดือน 5,5,15,waxing,15,
2077-04-16,2077,2620,星期五,wan_phra,泰國佛日,วันพระ,Wan Phra,thai-buddhist,แรม 8 ค่ำ เดือน 5,5,23,waning,8,
2077-04-22,2077,2620,星期四,wan_phra,泰國佛日,วันพระ,Wan Phra,thai-buddhist,แรม 14 ค่ำ เดือน 5,5,29,waning,14,
2077-04-30,2077,2620,星期五,wan_phra,泰國佛日,วันพระ,Wan Phra,thai-buddhist,ขึ้น 8 ค่ำ เดือน 6,6,8,waxing,8,
2077-05-07,2077,2620,星期五,visakha_bucha,衛塞節,วิสาขบูชา,Visakha Bucha,thai-buddhist-major,ขึ้น 15 ค่ำ เดือน 6,6,15,waxing,15,
2077-05-07,2077,2620,星期五,wan_phra,泰國佛日,วันพระ,Wan Phra,thai-buddhist,ขึ้น 15 ค่ำ เดือน 6,6,15,waxing,15,
2077-05-15,2077,2620,星期六,wan_phra,泰國佛日,วันพระ,Wan Phra,thai-buddhist,แรม 8 ค่ำ เดือน 6,6,23,waning,8,
2077-05-22,2077,2620,星期六,wan_phra,泰國佛日,วันพระ,Wan Phra,thai-buddhist,แรม 15 ค่ำ เดือน 6,6,30,waning,15,
2077-05-30,2077,2620,星期日,wan_phra,泰國佛日,วันพระ,Wan Phra,thai-buddhist,ขึ้น 8 ค่ำ เดือน 7,7,8,waxing,8,
2077-06-06,2077,2620,星期日,wan_phra,泰國佛日,วันพระ,Wan Phra,thai-buddhist,ขึ้น 15 ค่ำ เดือน 7,7,15,waxing,15,
2077-06-14,2077,2620,星期一,wan_phra,泰國佛日,วันพระ,Wan Phra,thai-buddhist,แรม 8 ค่ำ เดือน 7,7,23,waning,8,
2077-06-20,2077,2620,星期日,wan_phra,泰國佛日,วันพระ,Wan Phra,thai-buddhist,แรม 14 ค่ำ เดือน 7,7,29,waning,14,
2077-06-28,2077,2620,星期一,wan_phra,泰國佛日,วันพระ,Wan Phra,thai-buddhist,ขึ้น 8 ค่ำ เดือน 8,8,8,waxing,8,
2077-07-05,2077,2620,星期一,wan_phra,泰國佛日,วันพระ,Wan Phra,thai-buddhist,ขึ้น 15 ค่ำ เดือน 8,8,15,waxing,15,
2077-07-06,2077,2620,星期二,khao_phansa,入雨安居,เข้าพรรษา,Khao Phansa,thai-buddhist-major,แรม 1 ค่ำ เดือน 8,8,16,waning,1,
2077-07-13,2077,2620,星期二,wan_phra,泰國佛日,วันพระ,Wan Phra,thai-buddhist,แรม 8 ค่ำ เดือน 8,8,23,waning,8,
2077-07-20,2077,2620,星期二,wan_phra,泰國佛日,วันพระ,Wan Phra,thai-buddhist,แรม 15 ค่ำ เดือน 8,8,30,waning,15,
2077-07-28,2077,2620,星期三,wan_phra,泰國佛日,วันพระ,Wan Phra,thai-buddhist,ขึ้น 8 ค่ำ เดือน 9,9,8,waxing,8,
2077-08-04,2077,2620,星期三,wan_phra,泰國佛日,วันพระ,Wan Phra,thai-buddhist,ขึ้น 15 ค่ำ เดือน 9,9,15,waxing,15,
2077-08-12,2077,2620,星期四,wan_phra,泰國佛日,วันพระ,Wan Phra,thai-buddhist,แรม 8 ค่ำ เดือน 9,9,23,waning,8,
2077-08-18,2077,2620,星期三,wan_phra,泰國佛日,วันพระ,Wan Phra,thai-buddhist,แรม 14 ค่ำ เดือน 9,9,29,waning,14,
2077-08-26,2077,2620,星期四,wan_phra,泰國佛日,วันพระ,Wan Phra,thai-buddhist,ขึ้น 8 ค่ำ เดือน 10,10,8,waxing,8,
2077-09-02,2077,2620,星期四,wan_phra,泰國佛日,วันพระ,Wan Phra,thai-buddhist,ขึ้น 15 ค่ำ เดือน 10,10,15,waxing,15,
2077-09-10,2077,2620,星期五,wan_phra,泰國佛日,วันพระ,Wan Phra,thai-buddhist,แรม 8 ค่ำ เดือน 10,10,23,waning,8,
2077-09-17,2077,2620,星期五,wan_phra,泰國佛日,วันพระ,Wan Phra,thai-buddhist,แรม 15 ค่ำ เดือน 10,10,30,waning,15,
2077-09-25,2077,2620,星期六,wan_phra,泰國佛日,วันพระ,Wan Phra,thai-buddhist,ขึ้น 8 ค่ำ เดือน 11,11,8,waxing,8,
2077-10-02,2077,2620,星期六,ok_phansa,出雨安居,ออกพรรษา,Ok Phansa,thai-buddhist-major,ขึ้น 15 ค่ำ เดือน 11,11,15,waxing,15,
2077-10-02,2077,2620,星期六,wan_phra,泰國佛日,วันพระ,Wan Phra,thai-buddhist,ขึ้น 15 ค่ำ เดือน 11,11,15,waxing,15,
2077-10-10,2077,2620,星期日,wan_phra,泰國佛日,วันพระ,Wan Phra,thai-buddhist,แรม 8 ค่ำ เดือน 11,11,23,waning,8,
2077-10-16,2077,2620,星期六,wan_phra,泰國佛日,วันพระ,Wan Phra,thai-buddhist,แรม 14 ค่ำ เดือน 11,11,29,waning,14,
2077-10-24,2077,2620,星期日,wan_phra,泰國佛日,วันพระ,Wan Phra,thai-buddhist,ขึ้น 8 ค่ำ เดือน 12,12,8,waxing,8,
2077-10-31,2077,2620,星期日,wan_phra,泰國佛日,วันพระ,Wan Phra,thai-buddhist,ขึ้น 15 ค่ำ เดือน 12,12,15,waxing,15,
2077-11-08,2077,2620,星期一,wan_phra,泰國佛日,วันพระ,Wan Phra,thai-buddhist,แรม 8 ค่ำ เดือน 12,12,23,waning,8,
2077-11-15,2077,2620,星期一,wan_phra,泰國佛日,วันพระ,Wan Phra,thai-buddhist,แรม 15 ค่ำ เดือน 12,12,30,waning,15,
2077-11-23,2077,2620,星期二,wan_phra,泰國佛日,วันพระ,Wan Phra,thai-buddhist,ขึ้น 8 ค่ำ เดือน 1,1,8,waxing,8,
2077-11-30,2077,2620,星期二,wan_phra,泰國佛日,วันพระ,Wan Phra,thai-buddhist,ขึ้น 15 ค่ำ เดือน 1,1,15,waxing,15,
2077-12-08,2077,2620,星期三,wan_phra,泰國佛日,วันพระ,Wan Phra,thai-buddhist,แรม 8 ค่ำ เดือน 1,1,23,waning,8,
2077-12-14,2077,2620,星期二,wan_phra,泰國佛日,วันพระ,Wan Phra,thai-buddhist,แรม 14 ค่ำ เดือน 1,1,29,waning,14,
2077-12-22,2077,2620,星期三,wan_phra,泰國佛日,วันพระ,Wan Phra,thai-buddhist,ขึ้น 8 ค่ำ เดือน 2,2,8,waxing,8,
2077-12-29,2077,2620,星期三,wan_phra,泰國佛日,วันพระ,Wan Phra,thai-buddhist,ขึ้น 15 ค่ำ เดือน 2,2,15,waxing,15,
2078-01-06,2078,2621,星期四,wan_phra,泰國佛日,วันพระ,Wan Phra,thai-buddhist,แรม 8 ค่ำ เดือน 2,2,23,waning,8,
2078-01-13,2078,2621,星期四,wan_phra,泰國佛日,วันพระ,Wan Phra,thai-buddhist,แรม 15 ค่ำ เดือน 2,2,30,waning,15,
2078-01-21,2078,2621,星期五,wan_phra,泰國佛日,วันพระ,Wan Phra,thai-buddhist,ขึ้น 8 ค่ำ เดือน 3,3,8,waxing,8,
2078-01-28,2078,2621,星期五,wan_phra,泰國佛日,วันพระ,Wan Phra,thai-buddhist,ขึ้น 15 ค่ำ เดือน 3,3,15,waxing,15,
2078-02-05,2078,2621,星期六,wan_phra,泰國佛日,วันพระ,Wan Phra,thai-buddhist,แรม 8 ค่ำ เดือน 3,3,23,waning,8,
2078-02-11,2078,2621,星期五,wan_phra,泰國佛日,วันพระ,Wan Phra,thai-buddhist,แรม 14 ค่ำ เดือน 3,3,29,waning,14,
2078-02-19,2078,2621,星期六,wan_phra,泰國佛日,วันพระ,Wan Phra,thai-buddhist,ขึ้น 8 ค่ำ เดือน 4,4,8,waxing,8,
2078-02-26,2078,2621,星期六,makha_bucha,萬佛節,มาฆบูชา,Makha Bucha,thai-buddhist-major,ขึ้น 15 ค่ำ เดือน 4,4,15,waxing,15,
2078-02-26,2078,2621,星期六,wan_phra,泰國佛日,วันพระ,Wan Phra,thai-buddhist,ขึ้น 15 ค่ำ เดือน 4,4,15,waxing,15,
2078-03-06,2078,2621,星期日,wan_phra,泰國佛日,วันพระ,Wan Phra,thai-buddhist,แรม 8 ค่ำ เดือน 4,4,23,waning,8,
2078-03-13,2078,2621,星期日,wan_phra,泰國佛日,วันพระ,Wan Phra,thai-buddhist,แรม 15 ค่ำ เดือน 4,4,30,waning,15,
2078-03-21,2078,2621,星期一,wan_phra,泰國佛日,วันพระ,Wan Phra,thai-buddhist,ขึ้น 8 ค่ำ เดือน 5,5,8,waxing,8,
2078-03-28,2078,2621,星期一,wan_phra,泰國佛日,วันพระ,Wan Phra,thai-buddhist,ขึ้น 15 ค่ำ เดือน 5,5,15,waxing,15,
2078-04-02,2078,2621,星期六,sao_ha_candidate,騷哈日候選 / 稍哈日候選,เสาร์ 5,Sao Ha candidate,thai-amulet-auspicious-day,แรม 5 ค่ำ เดือน 5,5,20,waning,5,按規則產生：星期六 + 泰國陰曆 5 月 + ขึ้น 5 ค่ำ 或 แรม 5 ค่ำ。未做人工作法會或高僧認定。
2078-04-05,2078,2621,星期二,wan_phra,泰國佛日,วันพระ,Wan Phra,thai-buddhist,แรม 8 ค่ำ เดือน 5,5,23,waning,8,
2078-04-11,2078,2621,星期一,wan_phra,泰國佛日,วันพระ,Wan Phra,thai-buddhist,แรม 14 ค่ำ เดือน 5,5,29,waning,14,
2078-04-19,2078,2621,星期二,wan_phra,泰國佛日,วันพระ,Wan Phra,thai-buddhist,ขึ้น 8 ค่ำ เดือน 6,6,8,waxing,8,
2078-04-26,2078,2621,星期二,wan_phra,泰國佛日,วันพระ,Wan Phra,thai-buddhist,ขึ้น 15 ค่ำ เดือน 6,6,15,waxing,15,
2078-05-04,2078,2621,星期三,wan_phra,泰國佛日,วันพระ,Wan Phra,thai-buddhist,แรม 8 ค่ำ เดือน 6,6,23,waning,8,
2078-05-11,2078,2621,星期三,wan_phra,泰國佛日,วันพระ,Wan Phra,thai-buddhist,แรม 15 ค่ำ เดือน 6,6,30,waning,15,
2078-05-19,2078,2621,星期四,wan_phra,泰國佛日,วันพระ,Wan Phra,thai-buddhist,ขึ้น 8 ค่ำ เดือน 7,7,8,waxing,8,
2078-05-26,2078,2621,星期四,visakha_bucha,衛塞節,วิสาขบูชา,Visakha Bucha,thai-buddhist-major,ขึ้น 15 ค่ำ เดือน 7,7,15,waxing,15,
2078-05-26,2078,2621,星期四,wan_phra,泰國佛日,วันพระ,Wan Phra,thai-buddhist,ขึ้น 15 ค่ำ เดือน 7,7,15,waxing,15,
2078-06-03,2078,2621,星期五,wan_phra,泰國佛日,วันพระ,Wan Phra,thai-buddhist,แรม 8 ค่ำ เดือน 7,7,23,waning,8,
2078-06-09,2078,2621,星期四,wan_phra,泰國佛日,วันพระ,Wan Phra,thai-buddhist,แรม 14 ค่ำ เดือน 7,7,29,waning,14,
2078-06-17,2078,2621,星期五,wan_phra,泰國佛日,วันพระ,Wan Phra,thai-buddhist,ขึ้น 8 ค่ำ เดือน 8,8,8,waxing,8,
2078-06-24,2078,2621,星期五,wan_phra,泰國佛日,วันพระ,Wan Phra,thai-buddhist,ขึ้น 15 ค่ำ เดือน 8,8,15,waxing,15,
2078-07-02,2078,2621,星期六,wan_phra,泰國佛日,วันพระ,Wan Phra,thai-buddhist,แรม 8 ค่ำ เดือน 8,8,23,waning,8,
2078-07-09,2078,2621,星期六,wan_phra,泰國佛日,วันพระ,Wan Phra,thai-buddhist,แรม 15 ค่ำ เดือน 8,8,30,waning,15,
2078-07-17,2078,2621,星期日,wan_phra,泰國佛日,วันพระ,Wan Phra,thai-buddhist,ขึ้น 8 ค่ำ เดือน 88,88,8,waxing,8,
2078-07-24,2078,2621,星期日,wan_phra,泰國佛日,วันพระ,Wan Phra,thai-buddhist,ขึ้น 15 ค่ำ เดือน 88,88,15,waxing,15,
2078-07-25,2078,2621,星期一,khao_phansa,入雨安居,เข้าพรรษา,Khao Phansa,thai-buddhist-major,แรม 1 ค่ำ เดือน 88,88,16,waning,1,
2078-08-01,2078,2621,星期一,wan_phra,泰國佛日,วันพระ,Wan Phra,thai-buddhist,แรม 8 ค่ำ เดือน 88,88,23,waning,8,
2078-08-08,2078,2621,星期一,wan_phra,泰國佛日,วันพระ,Wan Phra,thai-buddhist,แรม 15 ค่ำ เดือน 88,88,30,waning,15,
2078-08-16,2078,2621,星期二,wan_phra,泰國佛日,วันพระ,Wan Phra,thai-buddhist,ขึ้น 8 ค่ำ เดือน 9,9,8,waxing,8,
2078-08-23,2078,2621,星期二,wan_phra,泰國佛日,วันพระ,Wan Phra,thai-buddhist,ขึ้น 15 ค่ำ เดือน 9,9,15,waxing,15,
2078-08-31,2078,2621,星期三,wan_phra,泰國佛日,วันพระ,Wan Phra,thai-buddhist,แรม 8 ค่ำ เดือน 9,9,23,waning,8,
2078-09-06,2078,2621,星期二,wan_phra,泰國佛日,วันพระ,Wan Phra,thai-buddhist,แรม 14 ค่ำ เดือน 9,9,29,waning,14,
2078-09-14,2078,2621,星期三,wan_phra,泰國佛日,วันพระ,Wan Phra,thai-buddhist,ขึ้น 8 ค่ำ เดือน 10,10,8,waxing,8,
2078-09-21,2078,2621,星期三,wan_phra,泰國佛日,วันพระ,Wan Phra,thai-buddhist,ขึ้น 15 ค่ำ เดือน 10,10,15,waxing,15,
2078-09-29,2078,2621,星期四,wan_phra,泰國佛日,วันพระ,Wan Phra,thai-buddhist,แรม 8 ค่ำ เดือน 10,10,23,waning,8,
2078-10-06,2078,2621,星期四,wan_phra,泰國佛日,วันพระ,Wan Phra,thai-buddhist,แรม 15 ค่ำ เดือน 10,10,30,waning,15,
2078-10-14,2078,2621,星期五,wan_phra,泰國佛日,วันพระ,Wan Phra,thai-buddhist,ขึ้น 8 ค่ำ เดือน 11,11,8,waxing,8,
2078-10-21,2078,2621,星期五,ok_phansa,出雨安居,ออกพรรษา,Ok Phansa,thai-buddhist-major,ขึ้น 15 ค่ำ เดือน 11,11,15,waxing,15,
2078-10-21,2078,2621,星期五,wan_phra,泰國佛日,วันพระ,Wan Phra,thai-buddhist,ขึ้น 15 ค่ำ เดือน 11,11,15,waxing,15,
2078-10-29,2078,2621,星期六,wan_phra,泰國佛日,วันพระ,Wan Phra,thai-buddhist,แรม 8 ค่ำ เดือน 11,11,23,waning,8,
2078-11-04,2078,2621,星期五,wan_phra,泰國佛日,วันพระ,Wan Phra,thai-buddhist,แรม 14 ค่ำ เดือน 11,11,29,waning,14,
2078-11-12,2078,2621,星期六,wan_phra,泰國佛日,วันพระ,Wan Phra,thai-buddhist,ขึ้น 8 ค่ำ เดือน 12,12,8,waxing,8,
2078-11-19,2078,2621,星期六,wan_phra,泰國佛日,วันพระ,Wan Phra,thai-buddhist,ขึ้น 15 ค่ำ เดือน 12,12,15,waxing,15,
2078-11-27,2078,2621,星期日,wan_phra,泰國佛日,วันพระ,Wan Phra,thai-buddhist,แรม 8 ค่ำ เดือน 12,12,23,waning,8,
2078-12-04,2078,2621,星期日,wan_phra,泰國佛日,วันพระ,Wan Phra,thai-buddhist,แรม 15 ค่ำ เดือน 12,12,30,waning,15,
2078-12-12,2078,2621,星期一,wan_phra,泰國佛日,วันพระ,Wan Phra,thai-buddhist,ขึ้น 8 ค่ำ เดือน 1,1,8,waxing,8,
2078-12-19,2078,2621,星期一,wan_phra,泰國佛日,วันพระ,Wan Phra,thai-buddhist,ขึ้น 15 ค่ำ เดือน 1,1,15,waxing,15,
2078-12-27,2078,2621,星期二,wan_phra,泰國佛日,วันพระ,Wan Phra,thai-buddhist,แรม 8 ค่ำ เดือน 1,1,23,waning,8,
2079-01-02,2079,2622,星期一,wan_phra,泰國佛日,วันพระ,Wan Phra,thai-buddhist,แรม 14 ค่ำ เดือน 1,1,29,waning,14,
2079-01-10,2079,2622,星期二,wan_phra,泰國佛日,วันพระ,Wan Phra,thai-buddhist,ขึ้น 8 ค่ำ เดือน 2,2,8,waxing,8,
2079-01-17,2079,2622,星期二,wan_phra,泰國佛日,วันพระ,Wan Phra,thai-buddhist,ขึ้น 15 ค่ำ เดือน 2,2,15,waxing,15,
2079-01-25,2079,2622,星期三,wan_phra,泰國佛日,วันพระ,Wan Phra,thai-buddhist,แรม 8 ค่ำ เดือน 2,2,23,waning,8,
2079-02-01,2079,2622,星期三,wan_phra,泰國佛日,วันพระ,Wan Phra,thai-buddhist,แรม 15 ค่ำ เดือน 2,2,30,waning,15,
2079-02-09,2079,2622,星期四,wan_phra,泰國佛日,วันพระ,Wan Phra,thai-buddhist,ขึ้น 8 ค่ำ เดือน 3,3,8,waxing,8,
2079-02-16,2079,2622,星期四,makha_bucha,萬佛節,มาฆบูชา,Makha Bucha,thai-buddhist-major,ขึ้น 15 ค่ำ เดือน 3,3,15,waxing,15,
2079-02-16,2079,2622,星期四,wan_phra,泰國佛日,วันพระ,Wan Phra,thai-buddhist,ขึ้น 15 ค่ำ เดือน 3,3,15,waxing,15,
2079-02-24,2079,2622,星期五,wan_phra,泰國佛日,วันพระ,Wan Phra,thai-buddhist,แรม 8 ค่ำ เดือน 3,3,23,waning,8,
2079-03-02,2079,2622,星期四,wan_phra,泰國佛日,วันพระ,Wan Phra,thai-buddhist,แรม 14 ค่ำ เดือน 3,3,29,waning,14,
2079-03-10,2079,2622,星期五,wan_phra,泰國佛日,วันพระ,Wan Phra,thai-buddhist,ขึ้น 8 ค่ำ เดือน 4,4,8,waxing,8,
2079-03-17,2079,2622,星期五,wan_phra,泰國佛日,วันพระ,Wan Phra,thai-buddhist,ขึ้น 15 ค่ำ เดือน 4,4,15,waxing,15,
2079-03-25,2079,2622,星期六,wan_phra,泰國佛日,วันพระ,Wan Phra,thai-buddhist,แรม 8 ค่ำ เดือน 4,4,23,waning,8,
2079-04-01,2079,2622,星期六,wan_phra,泰國佛日,วันพระ,Wan Phra,thai-buddhist,แรม 15 ค่ำ เดือน 4,4,30,waning,15,
2079-04-09,2079,2622,星期日,wan_phra,泰國佛日,วันพระ,Wan Phra,thai-buddhist,ขึ้น 8 ค่ำ เดือน 5,5,8,waxing,8,
2079-04-16,2079,2622,星期日,wan_phra,泰國佛日,วันพระ,Wan Phra,thai-buddhist,ขึ้น 15 ค่ำ เดือน 5,5,15,waxing,15,
2079-04-24,2079,2622,星期一,wan_phra,泰國佛日,วันพระ,Wan Phra,thai-buddhist,แรม 8 ค่ำ เดือน 5,5,23,waning,8,
2079-04-30,2079,2622,星期日,wan_phra,泰國佛日,วันพระ,Wan Phra,thai-buddhist,แรม 14 ค่ำ เดือน 5,5,29,waning,14,
2079-05-08,2079,2622,星期一,wan_phra,泰國佛日,วันพระ,Wan Phra,thai-buddhist,ขึ้น 8 ค่ำ เดือน 6,6,8,waxing,8,
2079-05-15,2079,2622,星期一,visakha_bucha,衛塞節,วิสาขบูชา,Visakha Bucha,thai-buddhist-major,ขึ้น 15 ค่ำ เดือน 6,6,15,waxing,15,
2079-05-15,2079,2622,星期一,wan_phra,泰國佛日,วันพระ,Wan Phra,thai-buddhist,ขึ้น 15 ค่ำ เดือน 6,6,15,waxing,15,
2079-05-23,2079,2622,星期二,wan_phra,泰國佛日,วันพระ,Wan Phra,thai-buddhist,แรม 8 ค่ำ เดือน 6,6,23,waning,8,
2079-05-30,2079,2622,星期二,wan_phra,泰國佛日,วันพระ,Wan Phra,thai-buddhist,แรม 15 ค่ำ เดือน 6,6,30,waning,15,
2079-06-07,2079,2622,星期三,wan_phra,泰國佛日,วันพระ,Wan Phra,thai-buddhist,ขึ้น 8 ค่ำ เดือน 7,7,8,waxing,8,
2079-06-14,2079,2622,星期三,wan_phra,泰國佛日,วันพระ,Wan Phra,thai-buddhist,ขึ้น 15 ค่ำ เดือน 7,7,15,waxing,15,
2079-06-22,2079,2622,星期四,wan_phra,泰國佛日,วันพระ,Wan Phra,thai-buddhist,แรม 8 ค่ำ เดือน 7,7,23,waning,8,
2079-06-28,2079,2622,星期三,wan_phra,泰國佛日,วันพระ,Wan Phra,thai-buddhist,แรม 14 ค่ำ เดือน 7,7,29,waning,14,
2079-07-06,2079,2622,星期四,wan_phra,泰國佛日,วันพระ,Wan Phra,thai-buddhist,ขึ้น 8 ค่ำ เดือน 8,8,8,waxing,8,
2079-07-13,2079,2622,星期四,wan_phra,泰國佛日,วันพระ,Wan Phra,thai-buddhist,ขึ้น 15 ค่ำ เดือน 8,8,15,waxing,15,
2079-07-14,2079,2622,星期五,khao_phansa,入雨安居,เข้าพรรษา,Khao Phansa,thai-buddhist-major,แรม 1 ค่ำ เดือน 8,8,16,waning,1,
2079-07-21,2079,2622,星期五,wan_phra,泰國佛日,วันพระ,Wan Phra,thai-buddhist,แรม 8 ค่ำ เดือน 8,8,23,waning,8,
2079-07-28,2079,2622,星期五,wan_phra,泰國佛日,วันพระ,Wan Phra,thai-buddhist,แรม 15 ค่ำ เดือน 8,8,30,waning,15,
2079-08-05,2079,2622,星期六,wan_phra,泰國佛日,วันพระ,Wan Phra,thai-buddhist,ขึ้น 8 ค่ำ เดือน 9,9,8,waxing,8,
2079-08-12,2079,2622,星期六,wan_phra,泰國佛日,วันพระ,Wan Phra,thai-buddhist,ขึ้น 15 ค่ำ เดือน 9,9,15,waxing,15,
2079-08-20,2079,2622,星期日,wan_phra,泰國佛日,วันพระ,Wan Phra,thai-buddhist,แรม 8 ค่ำ เดือน 9,9,23,waning,8,
2079-08-26,2079,2622,星期六,wan_phra,泰國佛日,วันพระ,Wan Phra,thai-buddhist,แรม 14 ค่ำ เดือน 9,9,29,waning,14,
2079-09-03,2079,2622,星期日,wan_phra,泰國佛日,วันพระ,Wan Phra,thai-buddhist,ขึ้น 8 ค่ำ เดือน 10,10,8,waxing,8,
2079-09-10,2079,2622,星期日,wan_phra,泰國佛日,วันพระ,Wan Phra,thai-buddhist,ขึ้น 15 ค่ำ เดือน 10,10,15,waxing,15,
2079-09-18,2079,2622,星期一,wan_phra,泰國佛日,วันพระ,Wan Phra,thai-buddhist,แรม 8 ค่ำ เดือน 10,10,23,waning,8,
2079-09-25,2079,2622,星期一,wan_phra,泰國佛日,วันพระ,Wan Phra,thai-buddhist,แรม 15 ค่ำ เดือน 10,10,30,waning,15,
2079-10-03,2079,2622,星期二,wan_phra,泰國佛日,วันพระ,Wan Phra,thai-buddhist,ขึ้น 8 ค่ำ เดือน 11,11,8,waxing,8,
2079-10-10,2079,2622,星期二,ok_phansa,出雨安居,ออกพรรษา,Ok Phansa,thai-buddhist-major,ขึ้น 15 ค่ำ เดือน 11,11,15,waxing,15,
2079-10-10,2079,2622,星期二,wan_phra,泰國佛日,วันพระ,Wan Phra,thai-buddhist,ขึ้น 15 ค่ำ เดือน 11,11,15,waxing,15,
2079-10-18,2079,2622,星期三,wan_phra,泰國佛日,วันพระ,Wan Phra,thai-buddhist,แรม 8 ค่ำ เดือน 11,11,23,waning,8,
2079-10-24,2079,2622,星期二,wan_phra,泰國佛日,วันพระ,Wan Phra,thai-buddhist,แรม 14 ค่ำ เดือน 11,11,29,waning,14,
2079-11-01,2079,2622,星期三,wan_phra,泰國佛日,วันพระ,Wan Phra,thai-buddhist,ขึ้น 8 ค่ำ เดือน 12,12,8,waxing,8,
2079-11-08,2079,2622,星期三,wan_phra,泰國佛日,วันพระ,Wan Phra,thai-buddhist,ขึ้น 15 ค่ำ เดือน 12,12,15,waxing,15,
2079-11-16,2079,2622,星期四,wan_phra,泰國佛日,วันพระ,Wan Phra,thai-buddhist,แรม 8 ค่ำ เดือน 12,12,23,waning,8,
2079-11-23,2079,2622,星期四,wan_phra,泰國佛日,วันพระ,Wan Phra,thai-buddhist,แรม 15 ค่ำ เดือน 12,12,30,waning,15,
2079-12-01,2079,2622,星期五,wan_phra,泰國佛日,วันพระ,Wan Phra,thai-buddhist,ขึ้น 8 ค่ำ เดือน 1,1,8,waxing,8,
2079-12-08,2079,2622,星期五,wan_phra,泰國佛日,วันพระ,Wan Phra,thai-buddhist,ขึ้น 15 ค่ำ เดือน 1,1,15,waxing,15,
2079-12-16,2079,2622,星期六,wan_phra,泰國佛日,วันพระ,Wan Phra,thai-buddhist,แรม 8 ค่ำ เดือน 1,1,23,waning,8,
2079-12-22,2079,2622,星期五,wan_phra,泰國佛日,วันพระ,Wan Phra,thai-buddhist,แรม 14 ค่ำ เดือน 1,1,29,waning,14,
2079-12-30,2079,2622,星期六,wan_phra,泰國佛日,วันพระ,Wan Phra,thai-buddhist,ขึ้น 8 ค่ำ เดือน 2,2,8,waxing,8,
2080-01-06,2080,2623,星期六,wan_phra,泰國佛日,วันพระ,Wan Phra,thai-buddhist,ขึ้น 15 ค่ำ เดือน 2,2,15,waxing,15,
2080-01-14,2080,2623,星期日,wan_phra,泰國佛日,วันพระ,Wan Phra,thai-buddhist,แรม 8 ค่ำ เดือน 2,2,23,waning,8,
2080-01-21,2080,2623,星期日,wan_phra,泰國佛日,วันพระ,Wan Phra,thai-buddhist,แรม 15 ค่ำ เดือน 2,2,30,waning,15,
2080-01-29,2080,2623,星期一,wan_phra,泰國佛日,วันพระ,Wan Phra,thai-buddhist,ขึ้น 8 ค่ำ เดือน 3,3,8,waxing,8,
2080-02-05,2080,2623,星期一,wan_phra,泰國佛日,วันพระ,Wan Phra,thai-buddhist,ขึ้น 15 ค่ำ เดือน 3,3,15,waxing,15,
2080-02-13,2080,2623,星期二,wan_phra,泰國佛日,วันพระ,Wan Phra,thai-buddhist,แรม 8 ค่ำ เดือน 3,3,23,waning,8,
2080-02-19,2080,2623,星期一,wan_phra,泰國佛日,วันพระ,Wan Phra,thai-buddhist,แรม 14 ค่ำ เดือน 3,3,29,waning,14,
2080-02-27,2080,2623,星期二,wan_phra,泰國佛日,วันพระ,Wan Phra,thai-buddhist,ขึ้น 8 ค่ำ เดือน 4,4,8,waxing,8,
2080-03-05,2080,2623,星期二,makha_bucha,萬佛節,มาฆบูชา,Makha Bucha,thai-buddhist-major,ขึ้น 15 ค่ำ เดือน 4,4,15,waxing,15,
2080-03-05,2080,2623,星期二,wan_phra,泰國佛日,วันพระ,Wan Phra,thai-buddhist,ขึ้น 15 ค่ำ เดือน 4,4,15,waxing,15,
2080-03-13,2080,2623,星期三,wan_phra,泰國佛日,วันพระ,Wan Phra,thai-buddhist,แรม 8 ค่ำ เดือน 4,4,23,waning,8,
2080-03-20,2080,2623,星期三,wan_phra,泰國佛日,วันพระ,Wan Phra,thai-buddhist,แรม 15 ค่ำ เดือน 4,4,30,waning,15,
2080-03-28,2080,2623,星期四,wan_phra,泰國佛日,วันพระ,Wan Phra,thai-buddhist,ขึ้น 8 ค่ำ เดือน 5,5,8,waxing,8,
2080-04-04,2080,2623,星期四,wan_phra,泰國佛日,วันพระ,Wan Phra,thai-buddhist,ขึ้น 15 ค่ำ เดือน 5,5,15,waxing,15,
2080-04-12,2080,2623,星期五,wan_phra,泰國佛日,วันพระ,Wan Phra,thai-buddhist,แรม 8 ค่ำ เดือน 5,5,23,waning,8,
2080-04-18,2080,2623,星期四,wan_phra,泰國佛日,วันพระ,Wan Phra,thai-buddhist,แรม 14 ค่ำ เดือน 5,5,29,waning,14,
2080-04-26,2080,2623,星期五,wan_phra,泰國佛日,วันพระ,Wan Phra,thai-buddhist,ขึ้น 8 ค่ำ เดือน 6,6,8,waxing,8,
2080-05-03,2080,2623,星期五,wan_phra,泰國佛日,วันพระ,Wan Phra,thai-buddhist,ขึ้น 15 ค่ำ เดือน 6,6,15,waxing,15,
2080-05-11,2080,2623,星期六,wan_phra,泰國佛日,วันพระ,Wan Phra,thai-buddhist,แรม 8 ค่ำ เดือน 6,6,23,waning,8,
2080-05-18,2080,2623,星期六,wan_phra,泰國佛日,วันพระ,Wan Phra,thai-buddhist,แรม 15 ค่ำ เดือน 6,6,30,waning,15,
2080-05-26,2080,2623,星期日,wan_phra,泰國佛日,วันพระ,Wan Phra,thai-buddhist,ขึ้น 8 ค่ำ เดือน 7,7,8,waxing,8,
2080-06-02,2080,2623,星期日,visakha_bucha,衛塞節,วิสาขบูชา,Visakha Bucha,thai-buddhist-major,ขึ้น 15 ค่ำ เดือน 7,7,15,waxing,15,
2080-06-02,2080,2623,星期日,wan_phra,泰國佛日,วันพระ,Wan Phra,thai-buddhist,ขึ้น 15 ค่ำ เดือน 7,7,15,waxing,15,
2080-06-10,2080,2623,星期一,wan_phra,泰國佛日,วันพระ,Wan Phra,thai-buddhist,แรม 8 ค่ำ เดือน 7,7,23,waning,8,
2080-06-16,2080,2623,星期日,wan_phra,泰國佛日,วันพระ,Wan Phra,thai-buddhist,แรม 14 ค่ำ เดือน 7,7,29,waning,14,
2080-06-24,2080,2623,星期一,wan_phra,泰國佛日,วันพระ,Wan Phra,thai-buddhist,ขึ้น 8 ค่ำ เดือน 8,8,8,waxing,8,
2080-07-01,2080,2623,星期一,wan_phra,泰國佛日,วันพระ,Wan Phra,thai-buddhist,ขึ้น 15 ค่ำ เดือน 8,8,15,waxing,15,
2080-07-09,2080,2623,星期二,wan_phra,泰國佛日,วันพระ,Wan Phra,thai-buddhist,แรม 8 ค่ำ เดือน 8,8,23,waning,8,
2080-07-16,2080,2623,星期二,wan_phra,泰國佛日,วันพระ,Wan Phra,thai-buddhist,แรม 15 ค่ำ เดือน 8,8,30,waning,15,
2080-07-24,2080,2623,星期三,wan_phra,泰國佛日,วันพระ,Wan Phra,thai-buddhist,ขึ้น 8 ค่ำ เดือน 88,88,8,waxing,8,
2080-07-31,2080,2623,星期三,wan_phra,泰國佛日,วันพระ,Wan Phra,thai-buddhist,ขึ้น 15 ค่ำ เดือน 88,88,15,waxing,15,
2080-08-01,2080,2623,星期四,khao_phansa,入雨安居,เข้าพรรษา,Khao Phansa,thai-buddhist-major,แรม 1 ค่ำ เดือน 88,88,16,waning,1,
2080-08-08,2080,2623,星期四,wan_phra,泰國佛日,วันพระ,Wan Phra,thai-buddhist,แรม 8 ค่ำ เดือน 88,88,23,waning,8,
2080-08-15,2080,2623,星期四,wan_phra,泰國佛日,วันพระ,Wan Phra,thai-buddhist,แรม 15 ค่ำ เดือน 88,88,30,waning,15,
2080-08-23,2080,2623,星期五,wan_phra,泰國佛日,วันพระ,Wan Phra,thai-buddhist,ขึ้น 8 ค่ำ เดือน 9,9,8,waxing,8,
2080-08-30,2080,2623,星期五,wan_phra,泰國佛日,วันพระ,Wan Phra,thai-buddhist,ขึ้น 15 ค่ำ เดือน 9,9,15,waxing,15,
2080-09-07,2080,2623,星期六,wan_phra,泰國佛日,วันพระ,Wan Phra,thai-buddhist,แรม 8 ค่ำ เดือน 9,9,23,waning,8,
2080-09-13,2080,2623,星期五,wan_phra,泰國佛日,วันพระ,Wan Phra,thai-buddhist,แรม 14 ค่ำ เดือน 9,9,29,waning,14,
2080-09-21,2080,2623,星期六,wan_phra,泰國佛日,วันพระ,Wan Phra,thai-buddhist,ขึ้น 8 ค่ำ เดือน 10,10,8,waxing,8,
2080-09-28,2080,2623,星期六,wan_phra,泰國佛日,วันพระ,Wan Phra,thai-buddhist,ขึ้น 15 ค่ำ เดือน 10,10,15,waxing,15,
2080-10-06,2080,2623,星期日,wan_phra,泰國佛日,วันพระ,Wan Phra,thai-buddhist,แรม 8 ค่ำ เดือน 10,10,23,waning,8,
2080-10-13,2080,2623,星期日,wan_phra,泰國佛日,วันพระ,Wan Phra,thai-buddhist,แรม 15 ค่ำ เดือน 10,10,30,waning,15,
2080-10-21,2080,2623,星期一,wan_phra,泰國佛日,วันพระ,Wan Phra,thai-buddhist,ขึ้น 8 ค่ำ เดือน 11,11,8,waxing,8,
2080-10-28,2080,2623,星期一,ok_phansa,出雨安居,ออกพรรษา,Ok Phansa,thai-buddhist-major,ขึ้น 15 ค่ำ เดือน 11,11,15,waxing,15,
2080-10-28,2080,2623,星期一,wan_phra,泰國佛日,วันพระ,Wan Phra,thai-buddhist,ขึ้น 15 ค่ำ เดือน 11,11,15,waxing,15,
2080-11-05,2080,2623,星期二,wan_phra,泰國佛日,วันพระ,Wan Phra,thai-buddhist,แรม 8 ค่ำ เดือน 11,11,23,waning,8,
2080-11-11,2080,2623,星期一,wan_phra,泰國佛日,วันพระ,Wan Phra,thai-buddhist,แรม 14 ค่ำ เดือน 11,11,29,waning,14,
2080-11-19,2080,2623,星期二,wan_phra,泰國佛日,วันพระ,Wan Phra,thai-buddhist,ขึ้น 8 ค่ำ เดือน 12,12,8,waxing,8,
2080-11-26,2080,2623,星期二,wan_phra,泰國佛日,วันพระ,Wan Phra,thai-buddhist,ขึ้น 15 ค่ำ เดือน 12,12,15,waxing,15,
2080-12-04,2080,2623,星期三,wan_phra,泰國佛日,วันพระ,Wan Phra,thai-buddhist,แรม 8 ค่ำ เดือน 12,12,23,waning,8,
2080-12-11,2080,2623,星期三,wan_phra,泰國佛日,วันพระ,Wan Phra,thai-buddhist,แรม 15 ค่ำ เดือน 12,12,30,waning,15,
2080-12-19,2080,2623,星期四,wan_phra,泰國佛日,วันพระ,Wan Phra,thai-buddhist,ขึ้น 8 ค่ำ เดือน 1,1,8,waxing,8,
2080-12-26,2080,2623,星期四,wan_phra,泰國佛日,วันพระ,Wan Phra,thai-buddhist,ขึ้น 15 ค่ำ เดือน 1,1,15,waxing,15,
2081-01-03,2081,2624,星期五,wan_phra,泰國佛日,วันพระ,Wan Phra,thai-buddhist,แรม 8 ค่ำ เดือน 1,1,23,waning,8,
2081-01-09,2081,2624,星期四,wan_phra,泰國佛日,วันพระ,Wan Phra,thai-buddhist,แรม 14 ค่ำ เดือน 1,1,29,waning,14,
2081-01-17,2081,2624,星期五,wan_phra,泰國佛日,วันพระ,Wan Phra,thai-buddhist,ขึ้น 8 ค่ำ เดือน 2,2,8,waxing,8,
2081-01-24,2081,2624,星期五,wan_phra,泰國佛日,วันพระ,Wan Phra,thai-buddhist,ขึ้น 15 ค่ำ เดือน 2,2,15,waxing,15,
2081-02-01,2081,2624,星期六,wan_phra,泰國佛日,วันพระ,Wan Phra,thai-buddhist,แรม 8 ค่ำ เดือน 2,2,23,waning,8,
2081-02-08,2081,2624,星期六,wan_phra,泰國佛日,วันพระ,Wan Phra,thai-buddhist,แรม 15 ค่ำ เดือน 2,2,30,waning,15,
2081-02-16,2081,2624,星期日,wan_phra,泰國佛日,วันพระ,Wan Phra,thai-buddhist,ขึ้น 8 ค่ำ เดือน 3,3,8,waxing,8,
2081-02-23,2081,2624,星期日,makha_bucha,萬佛節,มาฆบูชา,Makha Bucha,thai-buddhist-major,ขึ้น 15 ค่ำ เดือน 3,3,15,waxing,15,
2081-02-23,2081,2624,星期日,wan_phra,泰國佛日,วันพระ,Wan Phra,thai-buddhist,ขึ้น 15 ค่ำ เดือน 3,3,15,waxing,15,
2081-03-03,2081,2624,星期一,wan_phra,泰國佛日,วันพระ,Wan Phra,thai-buddhist,แรม 8 ค่ำ เดือน 3,3,23,waning,8,
2081-03-09,2081,2624,星期日,wan_phra,泰國佛日,วันพระ,Wan Phra,thai-buddhist,แรม 14 ค่ำ เดือน 3,3,29,waning,14,
2081-03-17,2081,2624,星期一,wan_phra,泰國佛日,วันพระ,Wan Phra,thai-buddhist,ขึ้น 8 ค่ำ เดือน 4,4,8,waxing,8,
2081-03-24,2081,2624,星期一,wan_phra,泰國佛日,วันพระ,Wan Phra,thai-buddhist,ขึ้น 15 ค่ำ เดือน 4,4,15,waxing,15,
2081-04-01,2081,2624,星期二,wan_phra,泰國佛日,วันพระ,Wan Phra,thai-buddhist,แรม 8 ค่ำ เดือน 4,4,23,waning,8,
2081-04-08,2081,2624,星期二,wan_phra,泰國佛日,วันพระ,Wan Phra,thai-buddhist,แรม 15 ค่ำ เดือน 4,4,30,waning,15,
2081-04-16,2081,2624,星期三,wan_phra,泰國佛日,วันพระ,Wan Phra,thai-buddhist,ขึ้น 8 ค่ำ เดือน 5,5,8,waxing,8,
2081-04-23,2081,2624,星期三,wan_phra,泰國佛日,วันพระ,Wan Phra,thai-buddhist,ขึ้น 15 ค่ำ เดือน 5,5,15,waxing,15,
2081-05-01,2081,2624,星期四,wan_phra,泰國佛日,วันพระ,Wan Phra,thai-buddhist,แรม 8 ค่ำ เดือน 5,5,23,waning,8,
2081-05-07,2081,2624,星期三,wan_phra,泰國佛日,วันพระ,Wan Phra,thai-buddhist,แรม 14 ค่ำ เดือน 5,5,29,waning,14,
2081-05-15,2081,2624,星期四,wan_phra,泰國佛日,วันพระ,Wan Phra,thai-buddhist,ขึ้น 8 ค่ำ เดือน 6,6,8,waxing,8,
2081-05-22,2081,2624,星期四,visakha_bucha,衛塞節,วิสาขบูชา,Visakha Bucha,thai-buddhist-major,ขึ้น 15 ค่ำ เดือน 6,6,15,waxing,15,
2081-05-22,2081,2624,星期四,wan_phra,泰國佛日,วันพระ,Wan Phra,thai-buddhist,ขึ้น 15 ค่ำ เดือน 6,6,15,waxing,15,
2081-05-30,2081,2624,星期五,wan_phra,泰國佛日,วันพระ,Wan Phra,thai-buddhist,แรม 8 ค่ำ เดือน 6,6,23,waning,8,
2081-06-06,2081,2624,星期五,wan_phra,泰國佛日,วันพระ,Wan Phra,thai-buddhist,แรม 15 ค่ำ เดือน 6,6,30,waning,15,
2081-06-14,2081,2624,星期六,wan_phra,泰國佛日,วันพระ,Wan Phra,thai-buddhist,ขึ้น 8 ค่ำ เดือน 7,7,8,waxing,8,
2081-06-21,2081,2624,星期六,wan_phra,泰國佛日,วันพระ,Wan Phra,thai-buddhist,ขึ้น 15 ค่ำ เดือน 7,7,15,waxing,15,
2081-06-29,2081,2624,星期日,wan_phra,泰國佛日,วันพระ,Wan Phra,thai-buddhist,แรม 8 ค่ำ เดือน 7,7,23,waning,8,
2081-07-05,2081,2624,星期六,wan_phra,泰國佛日,วันพระ,Wan Phra,thai-buddhist,แรม 14 ค่ำ เดือน 7,7,29,waning,14,
2081-07-13,2081,2624,星期日,wan_phra,泰國佛日,วันพระ,Wan Phra,thai-buddhist,ขึ้น 8 ค่ำ เดือน 8,8,8,waxing,8,
2081-07-20,2081,2624,星期日,wan_phra,泰國佛日,วันพระ,Wan Phra,thai-buddhist,ขึ้น 15 ค่ำ เดือน 8,8,15,waxing,15,
2081-07-21,2081,2624,星期一,khao_phansa,入雨安居,เข้าพรรษา,Khao Phansa,thai-buddhist-major,แรม 1 ค่ำ เดือน 8,8,16,waning,1,
2081-07-28,2081,2624,星期一,wan_phra,泰國佛日,วันพระ,Wan Phra,thai-buddhist,แรม 8 ค่ำ เดือน 8,8,23,waning,8,
2081-08-04,2081,2624,星期一,wan_phra,泰國佛日,วันพระ,Wan Phra,thai-buddhist,แรม 15 ค่ำ เดือน 8,8,30,waning,15,
2081-08-12,2081,2624,星期二,wan_phra,泰國佛日,วันพระ,Wan Phra,thai-buddhist,ขึ้น 8 ค่ำ เดือน 9,9,8,waxing,8,
2081-08-19,2081,2624,星期二,wan_phra,泰國佛日,วันพระ,Wan Phra,thai-buddhist,ขึ้น 15 ค่ำ เดือน 9,9,15,waxing,15,
2081-08-27,2081,2624,星期三,wan_phra,泰國佛日,วันพระ,Wan Phra,thai-buddhist,แรม 8 ค่ำ เดือน 9,9,23,waning,8,
2081-09-02,2081,2624,星期二,wan_phra,泰國佛日,วันพระ,Wan Phra,thai-buddhist,แรม 14 ค่ำ เดือน 9,9,29,waning,14,
2081-09-10,2081,2624,星期三,wan_phra,泰國佛日,วันพระ,Wan Phra,thai-buddhist,ขึ้น 8 ค่ำ เดือน 10,10,8,waxing,8,
2081-09-17,2081,2624,星期三,wan_phra,泰國佛日,วันพระ,Wan Phra,thai-buddhist,ขึ้น 15 ค่ำ เดือน 10,10,15,waxing,15,
2081-09-25,2081,2624,星期四,wan_phra,泰國佛日,วันพระ,Wan Phra,thai-buddhist,แรม 8 ค่ำ เดือน 10,10,23,waning,8,
2081-10-02,2081,2624,星期四,wan_phra,泰國佛日,วันพระ,Wan Phra,thai-buddhist,แรม 15 ค่ำ เดือน 10,10,30,waning,15,
2081-10-10,2081,2624,星期五,wan_phra,泰國佛日,วันพระ,Wan Phra,thai-buddhist,ขึ้น 8 ค่ำ เดือน 11,11,8,waxing,8,
2081-10-17,2081,2624,星期五,ok_phansa,出雨安居,ออกพรรษา,Ok Phansa,thai-buddhist-major,ขึ้น 15 ค่ำ เดือน 11,11,15,waxing,15,
2081-10-17,2081,2624,星期五,wan_phra,泰國佛日,วันพระ,Wan Phra,thai-buddhist,ขึ้น 15 ค่ำ เดือน 11,11,15,waxing,15,
2081-10-25,2081,2624,星期六,wan_phra,泰國佛日,วันพระ,Wan Phra,thai-buddhist,แรม 8 ค่ำ เดือน 11,11,23,waning,8,
2081-10-31,2081,2624,星期五,wan_phra,泰國佛日,วันพระ,Wan Phra,thai-buddhist,แรม 14 ค่ำ เดือน 11,11,29,waning,14,
2081-11-08,2081,2624,星期六,wan_phra,泰國佛日,วันพระ,Wan Phra,thai-buddhist,ขึ้น 8 ค่ำ เดือน 12,12,8,waxing,8,
2081-11-15,2081,2624,星期六,wan_phra,泰國佛日,วันพระ,Wan Phra,thai-buddhist,ขึ้น 15 ค่ำ เดือน 12,12,15,waxing,15,
2081-11-23,2081,2624,星期日,wan_phra,泰國佛日,วันพระ,Wan Phra,thai-buddhist,แรม 8 ค่ำ เดือน 12,12,23,waning,8,
2081-11-30,2081,2624,星期日,wan_phra,泰國佛日,วันพระ,Wan Phra,thai-buddhist,แรม 15 ค่ำ เดือน 12,12,30,waning,15,
2081-12-08,2081,2624,星期一,wan_phra,泰國佛日,วันพระ,Wan Phra,thai-buddhist,ขึ้น 8 ค่ำ เดือน 1,1,8,waxing,8,
2081-12-15,2081,2624,星期一,wan_phra,泰國佛日,วันพระ,Wan Phra,thai-buddhist,ขึ้น 15 ค่ำ เดือน 1,1,15,waxing,15,
2081-12-23,2081,2624,星期二,wan_phra,泰國佛日,วันพระ,Wan Phra,thai-buddhist,แรม 8 ค่ำ เดือน 1,1,23,waning,8,
2081-12-29,2081,2624,星期一,wan_phra,泰國佛日,วันพระ,Wan Phra,thai-buddhist,แรม 14 ค่ำ เดือน 1,1,29,waning,14,
2082-01-06,2082,2625,星期二,wan_phra,泰國佛日,วันพระ,Wan Phra,thai-buddhist,ขึ้น 8 ค่ำ เดือน 2,2,8,waxing,8,
2082-01-13,2082,2625,星期二,wan_phra,泰國佛日,วันพระ,Wan Phra,thai-buddhist,ขึ้น 15 ค่ำ เดือน 2,2,15,waxing,15,
2082-01-21,2082,2625,星期三,wan_phra,泰國佛日,วันพระ,Wan Phra,thai-buddhist,แรม 8 ค่ำ เดือน 2,2,23,waning,8,
2082-01-28,2082,2625,星期三,wan_phra,泰國佛日,วันพระ,Wan Phra,thai-buddhist,แรม 15 ค่ำ เดือน 2,2,30,waning,15,
2082-02-05,2082,2625,星期四,wan_phra,泰國佛日,วันพระ,Wan Phra,thai-buddhist,ขึ้น 8 ค่ำ เดือน 3,3,8,waxing,8,
2082-02-12,2082,2625,星期四,makha_bucha,萬佛節,มาฆบูชา,Makha Bucha,thai-buddhist-major,ขึ้น 15 ค่ำ เดือน 3,3,15,waxing,15,
2082-02-12,2082,2625,星期四,wan_phra,泰國佛日,วันพระ,Wan Phra,thai-buddhist,ขึ้น 15 ค่ำ เดือน 3,3,15,waxing,15,
2082-02-20,2082,2625,星期五,wan_phra,泰國佛日,วันพระ,Wan Phra,thai-buddhist,แรม 8 ค่ำ เดือน 3,3,23,waning,8,
2082-02-26,2082,2625,星期四,wan_phra,泰國佛日,วันพระ,Wan Phra,thai-buddhist,แรม 14 ค่ำ เดือน 3,3,29,waning,14,
2082-03-06,2082,2625,星期五,wan_phra,泰國佛日,วันพระ,Wan Phra,thai-buddhist,ขึ้น 8 ค่ำ เดือน 4,4,8,waxing,8,
2082-03-13,2082,2625,星期五,wan_phra,泰國佛日,วันพระ,Wan Phra,thai-buddhist,ขึ้น 15 ค่ำ เดือน 4,4,15,waxing,15,
2082-03-21,2082,2625,星期六,wan_phra,泰國佛日,วันพระ,Wan Phra,thai-buddhist,แรม 8 ค่ำ เดือน 4,4,23,waning,8,
2082-03-28,2082,2625,星期六,wan_phra,泰國佛日,วันพระ,Wan Phra,thai-buddhist,แรม 15 ค่ำ เดือน 4,4,30,waning,15,
2082-04-05,2082,2625,星期日,wan_phra,泰國佛日,วันพระ,Wan Phra,thai-buddhist,ขึ้น 8 ค่ำ เดือน 5,5,8,waxing,8,
2082-04-12,2082,2625,星期日,wan_phra,泰國佛日,วันพระ,Wan Phra,thai-buddhist,ขึ้น 15 ค่ำ เดือน 5,5,15,waxing,15,
2082-04-20,2082,2625,星期一,wan_phra,泰國佛日,วันพระ,Wan Phra,thai-buddhist,แรม 8 ค่ำ เดือน 5,5,23,waning,8,
2082-04-26,2082,2625,星期日,wan_phra,泰國佛日,วันพระ,Wan Phra,thai-buddhist,แรม 14 ค่ำ เดือน 5,5,29,waning,14,
2082-05-04,2082,2625,星期一,wan_phra,泰國佛日,วันพระ,Wan Phra,thai-buddhist,ขึ้น 8 ค่ำ เดือน 6,6,8,waxing,8,
2082-05-11,2082,2625,星期一,visakha_bucha,衛塞節,วิสาขบูชา,Visakha Bucha,thai-buddhist-major,ขึ้น 15 ค่ำ เดือน 6,6,15,waxing,15,
2082-05-11,2082,2625,星期一,wan_phra,泰國佛日,วันพระ,Wan Phra,thai-buddhist,ขึ้น 15 ค่ำ เดือน 6,6,15,waxing,15,
2082-05-19,2082,2625,星期二,wan_phra,泰國佛日,วันพระ,Wan Phra,thai-buddhist,แรม 8 ค่ำ เดือน 6,6,23,waning,8,
2082-05-26,2082,2625,星期二,wan_phra,泰國佛日,วันพระ,Wan Phra,thai-buddhist,แรม 15 ค่ำ เดือน 6,6,30,waning,15,
2082-06-03,2082,2625,星期三,wan_phra,泰國佛日,วันพระ,Wan Phra,thai-buddhist,ขึ้น 8 ค่ำ เดือน 7,7,8,waxing,8,
2082-06-10,2082,2625,星期三,wan_phra,泰國佛日,วันพระ,Wan Phra,thai-buddhist,ขึ้น 15 ค่ำ เดือน 7,7,15,waxing,15,
2082-06-18,2082,2625,星期四,wan_phra,泰國佛日,วันพระ,Wan Phra,thai-buddhist,แรม 8 ค่ำ เดือน 7,7,23,waning,8,
2082-06-25,2082,2625,星期四,wan_phra,泰國佛日,วันพระ,Wan Phra,thai-buddhist,แรม 15 ค่ำ เดือน 7,7,30,waning,15,
2082-07-03,2082,2625,星期五,wan_phra,泰國佛日,วันพระ,Wan Phra,thai-buddhist,ขึ้น 8 ค่ำ เดือน 8,8,8,waxing,8,
2082-07-10,2082,2625,星期五,wan_phra,泰國佛日,วันพระ,Wan Phra,thai-buddhist,ขึ้น 15 ค่ำ เดือน 8,8,15,waxing,15,
2082-07-11,2082,2625,星期六,khao_phansa,入雨安居,เข้าพรรษา,Khao Phansa,thai-buddhist-major,แรม 1 ค่ำ เดือน 8,8,16,waning,1,
2082-07-18,2082,2625,星期六,wan_phra,泰國佛日,วันพระ,Wan Phra,thai-buddhist,แรม 8 ค่ำ เดือน 8,8,23,waning,8,
2082-07-25,2082,2625,星期六,wan_phra,泰國佛日,วันพระ,Wan Phra,thai-buddhist,แรม 15 ค่ำ เดือน 8,8,30,waning,15,
2082-08-02,2082,2625,星期日,wan_phra,泰國佛日,วันพระ,Wan Phra,thai-buddhist,ขึ้น 8 ค่ำ เดือน 9,9,8,waxing,8,
2082-08-09,2082,2625,星期日,wan_phra,泰國佛日,วันพระ,Wan Phra,thai-buddhist,ขึ้น 15 ค่ำ เดือน 9,9,15,waxing,15,
2082-08-17,2082,2625,星期一,wan_phra,泰國佛日,วันพระ,Wan Phra,thai-buddhist,แรม 8 ค่ำ เดือน 9,9,23,waning,8,
2082-08-23,2082,2625,星期日,wan_phra,泰國佛日,วันพระ,Wan Phra,thai-buddhist,แรม 14 ค่ำ เดือน 9,9,29,waning,14,
2082-08-31,2082,2625,星期一,wan_phra,泰國佛日,วันพระ,Wan Phra,thai-buddhist,ขึ้น 8 ค่ำ เดือน 10,10,8,waxing,8,
2082-09-07,2082,2625,星期一,wan_phra,泰國佛日,วันพระ,Wan Phra,thai-buddhist,ขึ้น 15 ค่ำ เดือน 10,10,15,waxing,15,
2082-09-15,2082,2625,星期二,wan_phra,泰國佛日,วันพระ,Wan Phra,thai-buddhist,แรม 8 ค่ำ เดือน 10,10,23,waning,8,
2082-09-22,2082,2625,星期二,wan_phra,泰國佛日,วันพระ,Wan Phra,thai-buddhist,แรม 15 ค่ำ เดือน 10,10,30,waning,15,
2082-09-30,2082,2625,星期三,wan_phra,泰國佛日,วันพระ,Wan Phra,thai-buddhist,ขึ้น 8 ค่ำ เดือน 11,11,8,waxing,8,
2082-10-07,2082,2625,星期三,ok_phansa,出雨安居,ออกพรรษา,Ok Phansa,thai-buddhist-major,ขึ้น 15 ค่ำ เดือน 11,11,15,waxing,15,
2082-10-07,2082,2625,星期三,wan_phra,泰國佛日,วันพระ,Wan Phra,thai-buddhist,ขึ้น 15 ค่ำ เดือน 11,11,15,waxing,15,
2082-10-15,2082,2625,星期四,wan_phra,泰國佛日,วันพระ,Wan Phra,thai-buddhist,แรม 8 ค่ำ เดือน 11,11,23,waning,8,
2082-10-21,2082,2625,星期三,wan_phra,泰國佛日,วันพระ,Wan Phra,thai-buddhist,แรม 14 ค่ำ เดือน 11,11,29,waning,14,
2082-10-29,2082,2625,星期四,wan_phra,泰國佛日,วันพระ,Wan Phra,thai-buddhist,ขึ้น 8 ค่ำ เดือน 12,12,8,waxing,8,
2082-11-05,2082,2625,星期四,wan_phra,泰國佛日,วันพระ,Wan Phra,thai-buddhist,ขึ้น 15 ค่ำ เดือน 12,12,15,waxing,15,
2082-11-13,2082,2625,星期五,wan_phra,泰國佛日,วันพระ,Wan Phra,thai-buddhist,แรม 8 ค่ำ เดือน 12,12,23,waning,8,
2082-11-20,2082,2625,星期五,wan_phra,泰國佛日,วันพระ,Wan Phra,thai-buddhist,แรม 15 ค่ำ เดือน 12,12,30,waning,15,
2082-11-28,2082,2625,星期六,wan_phra,泰國佛日,วันพระ,Wan Phra,thai-buddhist,ขึ้น 8 ค่ำ เดือน 1,1,8,waxing,8,
2082-12-05,2082,2625,星期六,wan_phra,泰國佛日,วันพระ,Wan Phra,thai-buddhist,ขึ้น 15 ค่ำ เดือน 1,1,15,waxing,15,
2082-12-13,2082,2625,星期日,wan_phra,泰國佛日,วันพระ,Wan Phra,thai-buddhist,แรม 8 ค่ำ เดือน 1,1,23,waning,8,
2082-12-19,2082,2625,星期六,wan_phra,泰國佛日,วันพระ,Wan Phra,thai-buddhist,แรม 14 ค่ำ เดือน 1,1,29,waning,14,
2082-12-27,2082,2625,星期日,wan_phra,泰國佛日,วันพระ,Wan Phra,thai-buddhist,ขึ้น 8 ค่ำ เดือน 2,2,8,waxing,8,
2083-01-03,2083,2626,星期日,wan_phra,泰國佛日,วันพระ,Wan Phra,thai-buddhist,ขึ้น 15 ค่ำ เดือน 2,2,15,waxing,15,
2083-01-11,2083,2626,星期一,wan_phra,泰國佛日,วันพระ,Wan Phra,thai-buddhist,แรม 8 ค่ำ เดือน 2,2,23,waning,8,
2083-01-18,2083,2626,星期一,wan_phra,泰國佛日,วันพระ,Wan Phra,thai-buddhist,แรม 15 ค่ำ เดือน 2,2,30,waning,15,
2083-01-26,2083,2626,星期二,wan_phra,泰國佛日,วันพระ,Wan Phra,thai-buddhist,ขึ้น 8 ค่ำ เดือน 3,3,8,waxing,8,
2083-02-02,2083,2626,星期二,wan_phra,泰國佛日,วันพระ,Wan Phra,thai-buddhist,ขึ้น 15 ค่ำ เดือน 3,3,15,waxing,15,
2083-02-10,2083,2626,星期三,wan_phra,泰國佛日,วันพระ,Wan Phra,thai-buddhist,แรม 8 ค่ำ เดือน 3,3,23,waning,8,
2083-02-16,2083,2626,星期二,wan_phra,泰國佛日,วันพระ,Wan Phra,thai-buddhist,แรม 14 ค่ำ เดือน 3,3,29,waning,14,
2083-02-24,2083,2626,星期三,wan_phra,泰國佛日,วันพระ,Wan Phra,thai-buddhist,ขึ้น 8 ค่ำ เดือน 4,4,8,waxing,8,
2083-03-03,2083,2626,星期三,makha_bucha,萬佛節,มาฆบูชา,Makha Bucha,thai-buddhist-major,ขึ้น 15 ค่ำ เดือน 4,4,15,waxing,15,
2083-03-03,2083,2626,星期三,wan_phra,泰國佛日,วันพระ,Wan Phra,thai-buddhist,ขึ้น 15 ค่ำ เดือน 4,4,15,waxing,15,
2083-03-11,2083,2626,星期四,wan_phra,泰國佛日,วันพระ,Wan Phra,thai-buddhist,แรม 8 ค่ำ เดือน 4,4,23,waning,8,
2083-03-18,2083,2626,星期四,wan_phra,泰國佛日,วันพระ,Wan Phra,thai-buddhist,แรม 15 ค่ำ เดือน 4,4,30,waning,15,
2083-03-26,2083,2626,星期五,wan_phra,泰國佛日,วันพระ,Wan Phra,thai-buddhist,ขึ้น 8 ค่ำ เดือน 5,5,8,waxing,8,
2083-04-02,2083,2626,星期五,wan_phra,泰國佛日,วันพระ,Wan Phra,thai-buddhist,ขึ้น 15 ค่ำ เดือน 5,5,15,waxing,15,
2083-04-10,2083,2626,星期六,wan_phra,泰國佛日,วันพระ,Wan Phra,thai-buddhist,แรม 8 ค่ำ เดือน 5,5,23,waning,8,
2083-04-16,2083,2626,星期五,wan_phra,泰國佛日,วันพระ,Wan Phra,thai-buddhist,แรม 14 ค่ำ เดือน 5,5,29,waning,14,
2083-04-24,2083,2626,星期六,wan_phra,泰國佛日,วันพระ,Wan Phra,thai-buddhist,ขึ้น 8 ค่ำ เดือน 6,6,8,waxing,8,
2083-05-01,2083,2626,星期六,wan_phra,泰國佛日,วันพระ,Wan Phra,thai-buddhist,ขึ้น 15 ค่ำ เดือน 6,6,15,waxing,15,
2083-05-09,2083,2626,星期日,wan_phra,泰國佛日,วันพระ,Wan Phra,thai-buddhist,แรม 8 ค่ำ เดือน 6,6,23,waning,8,
2083-05-16,2083,2626,星期日,wan_phra,泰國佛日,วันพระ,Wan Phra,thai-buddhist,แรม 15 ค่ำ เดือน 6,6,30,waning,15,
2083-05-24,2083,2626,星期一,wan_phra,泰國佛日,วันพระ,Wan Phra,thai-buddhist,ขึ้น 8 ค่ำ เดือน 7,7,8,waxing,8,
2083-05-31,2083,2626,星期一,visakha_bucha,衛塞節,วิสาขบูชา,Visakha Bucha,thai-buddhist-major,ขึ้น 15 ค่ำ เดือน 7,7,15,waxing,15,
2083-05-31,2083,2626,星期一,wan_phra,泰國佛日,วันพระ,Wan Phra,thai-buddhist,ขึ้น 15 ค่ำ เดือน 7,7,15,waxing,15,
2083-06-08,2083,2626,星期二,wan_phra,泰國佛日,วันพระ,Wan Phra,thai-buddhist,แรม 8 ค่ำ เดือน 7,7,23,waning,8,
2083-06-14,2083,2626,星期一,wan_phra,泰國佛日,วันพระ,Wan Phra,thai-buddhist,แรม 14 ค่ำ เดือน 7,7,29,waning,14,
2083-06-22,2083,2626,星期二,wan_phra,泰國佛日,วันพระ,Wan Phra,thai-buddhist,ขึ้น 8 ค่ำ เดือน 8,8,8,waxing,8,
2083-06-29,2083,2626,星期二,wan_phra,泰國佛日,วันพระ,Wan Phra,thai-buddhist,ขึ้น 15 ค่ำ เดือน 8,8,15,waxing,15,
2083-07-07,2083,2626,星期三,wan_phra,泰國佛日,วันพระ,Wan Phra,thai-buddhist,แรม 8 ค่ำ เดือน 8,8,23,waning,8,
2083-07-14,2083,2626,星期三,wan_phra,泰國佛日,วันพระ,Wan Phra,thai-buddhist,แรม 15 ค่ำ เดือน 8,8,30,waning,15,
2083-07-22,2083,2626,星期四,wan_phra,泰國佛日,วันพระ,Wan Phra,thai-buddhist,ขึ้น 8 ค่ำ เดือน 88,88,8,waxing,8,
2083-07-29,2083,2626,星期四,wan_phra,泰國佛日,วันพระ,Wan Phra,thai-buddhist,ขึ้น 15 ค่ำ เดือน 88,88,15,waxing,15,
2083-07-30,2083,2626,星期五,khao_phansa,入雨安居,เข้าพรรษา,Khao Phansa,thai-buddhist-major,แรม 1 ค่ำ เดือน 88,88,16,waning,1,
2083-08-06,2083,2626,星期五,wan_phra,泰國佛日,วันพระ,Wan Phra,thai-buddhist,แรม 8 ค่ำ เดือน 88,88,23,waning,8,
2083-08-13,2083,2626,星期五,wan_phra,泰國佛日,วันพระ,Wan Phra,thai-buddhist,แรม 15 ค่ำ เดือน 88,88,30,waning,15,
2083-08-21,2083,2626,星期六,wan_phra,泰國佛日,วันพระ,Wan Phra,thai-buddhist,ขึ้น 8 ค่ำ เดือน 9,9,8,waxing,8,
2083-08-28,2083,2626,星期六,wan_phra,泰國佛日,วันพระ,Wan Phra,thai-buddhist,ขึ้น 15 ค่ำ เดือน 9,9,15,waxing,15,
2083-09-05,2083,2626,星期日,wan_phra,泰國佛日,วันพระ,Wan Phra,thai-buddhist,แรม 8 ค่ำ เดือน 9,9,23,waning,8,
2083-09-11,2083,2626,星期六,wan_phra,泰國佛日,วันพระ,Wan Phra,thai-buddhist,แรม 14 ค่ำ เดือน 9,9,29,waning,14,
2083-09-19,2083,2626,星期日,wan_phra,泰國佛日,วันพระ,Wan Phra,thai-buddhist,ขึ้น 8 ค่ำ เดือน 10,10,8,waxing,8,
2083-09-26,2083,2626,星期日,wan_phra,泰國佛日,วันพระ,Wan Phra,thai-buddhist,ขึ้น 15 ค่ำ เดือน 10,10,15,waxing,15,
2083-10-04,2083,2626,星期一,wan_phra,泰國佛日,วันพระ,Wan Phra,thai-buddhist,แรม 8 ค่ำ เดือน 10,10,23,waning,8,
2083-10-11,2083,2626,星期一,wan_phra,泰國佛日,วันพระ,Wan Phra,thai-buddhist,แรม 15 ค่ำ เดือน 10,10,30,waning,15,
2083-10-19,2083,2626,星期二,wan_phra,泰國佛日,วันพระ,Wan Phra,thai-buddhist,ขึ้น 8 ค่ำ เดือน 11,11,8,waxing,8,
2083-10-26,2083,2626,星期二,ok_phansa,出雨安居,ออกพรรษา,Ok Phansa,thai-buddhist-major,ขึ้น 15 ค่ำ เดือน 11,11,15,waxing,15,
2083-10-26,2083,2626,星期二,wan_phra,泰國佛日,วันพระ,Wan Phra,thai-buddhist,ขึ้น 15 ค่ำ เดือน 11,11,15,waxing,15,
2083-11-03,2083,2626,星期三,wan_phra,泰國佛日,วันพระ,Wan Phra,thai-buddhist,แรม 8 ค่ำ เดือน 11,11,23,waning,8,
2083-11-09,2083,2626,星期二,wan_phra,泰國佛日,วันพระ,Wan Phra,thai-buddhist,แรม 14 ค่ำ เดือน 11,11,29,waning,14,
2083-11-17,2083,2626,星期三,wan_phra,泰國佛日,วันพระ,Wan Phra,thai-buddhist,ขึ้น 8 ค่ำ เดือน 12,12,8,waxing,8,
2083-11-24,2083,2626,星期三,wan_phra,泰國佛日,วันพระ,Wan Phra,thai-buddhist,ขึ้น 15 ค่ำ เดือน 12,12,15,waxing,15,
2083-12-02,2083,2626,星期四,wan_phra,泰國佛日,วันพระ,Wan Phra,thai-buddhist,แรม 8 ค่ำ เดือน 12,12,23,waning,8,
2083-12-09,2083,2626,星期四,wan_phra,泰國佛日,วันพระ,Wan Phra,thai-buddhist,แรม 15 ค่ำ เดือน 12,12,30,waning,15,
2083-12-17,2083,2626,星期五,wan_phra,泰國佛日,วันพระ,Wan Phra,thai-buddhist,ขึ้น 8 ค่ำ เดือน 1,1,8,waxing,8,
2083-12-24,2083,2626,星期五,wan_phra,泰國佛日,วันพระ,Wan Phra,thai-buddhist,ขึ้น 15 ค่ำ เดือน 1,1,15,waxing,15,
2084-01-01,2084,2627,星期六,wan_phra,泰國佛日,วันพระ,Wan Phra,thai-buddhist,แรม 8 ค่ำ เดือน 1,1,23,waning,8,
2084-01-07,2084,2627,星期五,wan_phra,泰國佛日,วันพระ,Wan Phra,thai-buddhist,แรม 14 ค่ำ เดือน 1,1,29,waning,14,
2084-01-15,2084,2627,星期六,wan_phra,泰國佛日,วันพระ,Wan Phra,thai-buddhist,ขึ้น 8 ค่ำ เดือน 2,2,8,waxing,8,
2084-01-22,2084,2627,星期六,wan_phra,泰國佛日,วันพระ,Wan Phra,thai-buddhist,ขึ้น 15 ค่ำ เดือน 2,2,15,waxing,15,
2084-01-30,2084,2627,星期日,wan_phra,泰國佛日,วันพระ,Wan Phra,thai-buddhist,แรม 8 ค่ำ เดือน 2,2,23,waning,8,
2084-02-06,2084,2627,星期日,wan_phra,泰國佛日,วันพระ,Wan Phra,thai-buddhist,แรม 15 ค่ำ เดือน 2,2,30,waning,15,
2084-02-14,2084,2627,星期一,wan_phra,泰國佛日,วันพระ,Wan Phra,thai-buddhist,ขึ้น 8 ค่ำ เดือน 3,3,8,waxing,8,
2084-02-21,2084,2627,星期一,makha_bucha,萬佛節,มาฆบูชา,Makha Bucha,thai-buddhist-major,ขึ้น 15 ค่ำ เดือน 3,3,15,waxing,15,
2084-02-21,2084,2627,星期一,wan_phra,泰國佛日,วันพระ,Wan Phra,thai-buddhist,ขึ้น 15 ค่ำ เดือน 3,3,15,waxing,15,
2084-02-29,2084,2627,星期二,wan_phra,泰國佛日,วันพระ,Wan Phra,thai-buddhist,แรม 8 ค่ำ เดือน 3,3,23,waning,8,
2084-03-06,2084,2627,星期一,wan_phra,泰國佛日,วันพระ,Wan Phra,thai-buddhist,แรม 14 ค่ำ เดือน 3,3,29,waning,14,
2084-03-14,2084,2627,星期二,wan_phra,泰國佛日,วันพระ,Wan Phra,thai-buddhist,ขึ้น 8 ค่ำ เดือน 4,4,8,waxing,8,
2084-03-21,2084,2627,星期二,wan_phra,泰國佛日,วันพระ,Wan Phra,thai-buddhist,ขึ้น 15 ค่ำ เดือน 4,4,15,waxing,15,
2084-03-29,2084,2627,星期三,wan_phra,泰國佛日,วันพระ,Wan Phra,thai-buddhist,แรม 8 ค่ำ เดือน 4,4,23,waning,8,
2084-04-05,2084,2627,星期三,wan_phra,泰國佛日,วันพระ,Wan Phra,thai-buddhist,แรม 15 ค่ำ เดือน 4,4,30,waning,15,
2084-04-13,2084,2627,星期四,wan_phra,泰國佛日,วันพระ,Wan Phra,thai-buddhist,ขึ้น 8 ค่ำ เดือน 5,5,8,waxing,8,
2084-04-20,2084,2627,星期四,wan_phra,泰國佛日,วันพระ,Wan Phra,thai-buddhist,ขึ้น 15 ค่ำ เดือน 5,5,15,waxing,15,
2084-04-28,2084,2627,星期五,wan_phra,泰國佛日,วันพระ,Wan Phra,thai-buddhist,แรม 8 ค่ำ เดือน 5,5,23,waning,8,
2084-05-04,2084,2627,星期四,wan_phra,泰國佛日,วันพระ,Wan Phra,thai-buddhist,แรม 14 ค่ำ เดือน 5,5,29,waning,14,
2084-05-12,2084,2627,星期五,wan_phra,泰國佛日,วันพระ,Wan Phra,thai-buddhist,ขึ้น 8 ค่ำ เดือน 6,6,8,waxing,8,
2084-05-19,2084,2627,星期五,visakha_bucha,衛塞節,วิสาขบูชา,Visakha Bucha,thai-buddhist-major,ขึ้น 15 ค่ำ เดือน 6,6,15,waxing,15,
2084-05-19,2084,2627,星期五,wan_phra,泰國佛日,วันพระ,Wan Phra,thai-buddhist,ขึ้น 15 ค่ำ เดือน 6,6,15,waxing,15,
2084-05-27,2084,2627,星期六,wan_phra,泰國佛日,วันพระ,Wan Phra,thai-buddhist,แรม 8 ค่ำ เดือน 6,6,23,waning,8,
2084-06-03,2084,2627,星期六,wan_phra,泰國佛日,วันพระ,Wan Phra,thai-buddhist,แรม 15 ค่ำ เดือน 6,6,30,waning,15,
2084-06-11,2084,2627,星期日,wan_phra,泰國佛日,วันพระ,Wan Phra,thai-buddhist,ขึ้น 8 ค่ำ เดือน 7,7,8,waxing,8,
2084-06-18,2084,2627,星期日,wan_phra,泰國佛日,วันพระ,Wan Phra,thai-buddhist,ขึ้น 15 ค่ำ เดือน 7,7,15,waxing,15,
2084-06-26,2084,2627,星期一,wan_phra,泰國佛日,วันพระ,Wan Phra,thai-buddhist,แรม 8 ค่ำ เดือน 7,7,23,waning,8,
2084-07-02,2084,2627,星期日,wan_phra,泰國佛日,วันพระ,Wan Phra,thai-buddhist,แรม 14 ค่ำ เดือน 7,7,29,waning,14,
2084-07-10,2084,2627,星期一,wan_phra,泰國佛日,วันพระ,Wan Phra,thai-buddhist,ขึ้น 8 ค่ำ เดือน 8,8,8,waxing,8,
2084-07-17,2084,2627,星期一,wan_phra,泰國佛日,วันพระ,Wan Phra,thai-buddhist,ขึ้น 15 ค่ำ เดือน 8,8,15,waxing,15,
2084-07-18,2084,2627,星期二,khao_phansa,入雨安居,เข้าพรรษา,Khao Phansa,thai-buddhist-major,แรม 1 ค่ำ เดือน 8,8,16,waning,1,
2084-07-25,2084,2627,星期二,wan_phra,泰國佛日,วันพระ,Wan Phra,thai-buddhist,แรม 8 ค่ำ เดือน 8,8,23,waning,8,
2084-08-01,2084,2627,星期二,wan_phra,泰國佛日,วันพระ,Wan Phra,thai-buddhist,แรม 15 ค่ำ เดือน 8,8,30,waning,15,
2084-08-09,2084,2627,星期三,wan_phra,泰國佛日,วันพระ,Wan Phra,thai-buddhist,ขึ้น 8 ค่ำ เดือน 9,9,8,waxing,8,
2084-08-16,2084,2627,星期三,wan_phra,泰國佛日,วันพระ,Wan Phra,thai-buddhist,ขึ้น 15 ค่ำ เดือน 9,9,15,waxing,15,
2084-08-24,2084,2627,星期四,wan_phra,泰國佛日,วันพระ,Wan Phra,thai-buddhist,แรม 8 ค่ำ เดือน 9,9,23,waning,8,
2084-08-30,2084,2627,星期三,wan_phra,泰國佛日,วันพระ,Wan Phra,thai-buddhist,แรม 14 ค่ำ เดือน 9,9,29,waning,14,
2084-09-07,2084,2627,星期四,wan_phra,泰國佛日,วันพระ,Wan Phra,thai-buddhist,ขึ้น 8 ค่ำ เดือน 10,10,8,waxing,8,
2084-09-14,2084,2627,星期四,wan_phra,泰國佛日,วันพระ,Wan Phra,thai-buddhist,ขึ้น 15 ค่ำ เดือน 10,10,15,waxing,15,
2084-09-22,2084,2627,星期五,wan_phra,泰國佛日,วันพระ,Wan Phra,thai-buddhist,แรม 8 ค่ำ เดือน 10,10,23,waning,8,
2084-09-29,2084,2627,星期五,wan_phra,泰國佛日,วันพระ,Wan Phra,thai-buddhist,แรม 15 ค่ำ เดือน 10,10,30,waning,15,
2084-10-07,2084,2627,星期六,wan_phra,泰國佛日,วันพระ,Wan Phra,thai-buddhist,ขึ้น 8 ค่ำ เดือน 11,11,8,waxing,8,
2084-10-14,2084,2627,星期六,ok_phansa,出雨安居,ออกพรรษา,Ok Phansa,thai-buddhist-major,ขึ้น 15 ค่ำ เดือน 11,11,15,waxing,15,
2084-10-14,2084,2627,星期六,wan_phra,泰國佛日,วันพระ,Wan Phra,thai-buddhist,ขึ้น 15 ค่ำ เดือน 11,11,15,waxing,15,
2084-10-22,2084,2627,星期日,wan_phra,泰國佛日,วันพระ,Wan Phra,thai-buddhist,แรม 8 ค่ำ เดือน 11,11,23,waning,8,
2084-10-28,2084,2627,星期六,wan_phra,泰國佛日,วันพระ,Wan Phra,thai-buddhist,แรม 14 ค่ำ เดือน 11,11,29,waning,14,
2084-11-05,2084,2627,星期日,wan_phra,泰國佛日,วันพระ,Wan Phra,thai-buddhist,ขึ้น 8 ค่ำ เดือน 12,12,8,waxing,8,
2084-11-12,2084,2627,星期日,wan_phra,泰國佛日,วันพระ,Wan Phra,thai-buddhist,ขึ้น 15 ค่ำ เดือน 12,12,15,waxing,15,
2084-11-20,2084,2627,星期一,wan_phra,泰國佛日,วันพระ,Wan Phra,thai-buddhist,แรม 8 ค่ำ เดือน 12,12,23,waning,8,
2084-11-27,2084,2627,星期一,wan_phra,泰國佛日,วันพระ,Wan Phra,thai-buddhist,แรม 15 ค่ำ เดือน 12,12,30,waning,15,
2084-12-05,2084,2627,星期二,wan_phra,泰國佛日,วันพระ,Wan Phra,thai-buddhist,ขึ้น 8 ค่ำ เดือน 1,1,8,waxing,8,
2084-12-12,2084,2627,星期二,wan_phra,泰國佛日,วันพระ,Wan Phra,thai-buddhist,ขึ้น 15 ค่ำ เดือน 1,1,15,waxing,15,
2084-12-20,2084,2627,星期三,wan_phra,泰國佛日,วันพระ,Wan Phra,thai-buddhist,แรม 8 ค่ำ เดือน 1,1,23,waning,8,
2084-12-26,2084,2627,星期二,wan_phra,泰國佛日,วันพระ,Wan Phra,thai-buddhist,แรม 14 ค่ำ เดือน 1,1,29,waning,14,
2085-01-03,2085,2628,星期三,wan_phra,泰國佛日,วันพระ,Wan Phra,thai-buddhist,ขึ้น 8 ค่ำ เดือน 2,2,8,waxing,8,
2085-01-10,2085,2628,星期三,wan_phra,泰國佛日,วันพระ,Wan Phra,thai-buddhist,ขึ้น 15 ค่ำ เดือน 2,2,15,waxing,15,
2085-01-18,2085,2628,星期四,wan_phra,泰國佛日,วันพระ,Wan Phra,thai-buddhist,แรม 8 ค่ำ เดือน 2,2,23,waning,8,
2085-01-25,2085,2628,星期四,wan_phra,泰國佛日,วันพระ,Wan Phra,thai-buddhist,แรม 15 ค่ำ เดือน 2,2,30,waning,15,
2085-02-02,2085,2628,星期五,wan_phra,泰國佛日,วันพระ,Wan Phra,thai-buddhist,ขึ้น 8 ค่ำ เดือน 3,3,8,waxing,8,
2085-02-09,2085,2628,星期五,makha_bucha,萬佛節,มาฆบูชา,Makha Bucha,thai-buddhist-major,ขึ้น 15 ค่ำ เดือน 3,3,15,waxing,15,
2085-02-09,2085,2628,星期五,wan_phra,泰國佛日,วันพระ,Wan Phra,thai-buddhist,ขึ้น 15 ค่ำ เดือน 3,3,15,waxing,15,
2085-02-17,2085,2628,星期六,wan_phra,泰國佛日,วันพระ,Wan Phra,thai-buddhist,แรม 8 ค่ำ เดือน 3,3,23,waning,8,
2085-02-23,2085,2628,星期五,wan_phra,泰國佛日,วันพระ,Wan Phra,thai-buddhist,แรม 14 ค่ำ เดือน 3,3,29,waning,14,
2085-03-03,2085,2628,星期六,wan_phra,泰國佛日,วันพระ,Wan Phra,thai-buddhist,ขึ้น 8 ค่ำ เดือน 4,4,8,waxing,8,
2085-03-10,2085,2628,星期六,wan_phra,泰國佛日,วันพระ,Wan Phra,thai-buddhist,ขึ้น 15 ค่ำ เดือน 4,4,15,waxing,15,
2085-03-18,2085,2628,星期日,wan_phra,泰國佛日,วันพระ,Wan Phra,thai-buddhist,แรม 8 ค่ำ เดือน 4,4,23,waning,8,
2085-03-25,2085,2628,星期日,wan_phra,泰國佛日,วันพระ,Wan Phra,thai-buddhist,แรม 15 ค่ำ เดือน 4,4,30,waning,15,
2085-04-02,2085,2628,星期一,wan_phra,泰國佛日,วันพระ,Wan Phra,thai-buddhist,ขึ้น 8 ค่ำ เดือน 5,5,8,waxing,8,
2085-04-09,2085,2628,星期一,wan_phra,泰國佛日,วันพระ,Wan Phra,thai-buddhist,ขึ้น 15 ค่ำ เดือน 5,5,15,waxing,15,
2085-04-14,2085,2628,星期六,sao_ha_candidate,騷哈日候選 / 稍哈日候選,เสาร์ 5,Sao Ha candidate,thai-amulet-auspicious-day,แรม 5 ค่ำ เดือน 5,5,20,waning,5,按規則產生：星期六 + 泰國陰曆 5 月 + ขึ้น 5 ค่ำ 或 แรม 5 ค่ำ。未做人工作法會或高僧認定。
2085-04-17,2085,2628,星期二,wan_phra,泰國佛日,วันพระ,Wan Phra,thai-buddhist,แรม 8 ค่ำ เดือน 5,5,23,waning,8,
2085-04-23,2085,2628,星期一,wan_phra,泰國佛日,วันพระ,Wan Phra,thai-buddhist,แรม 14 ค่ำ เดือน 5,5,29,waning,14,
2085-05-01,2085,2628,星期二,wan_phra,泰國佛日,วันพระ,Wan Phra,thai-buddhist,ขึ้น 8 ค่ำ เดือน 6,6,8,waxing,8,
2085-05-08,2085,2628,星期二,visakha_bucha,衛塞節,วิสาขบูชา,Visakha Bucha,thai-buddhist-major,ขึ้น 15 ค่ำ เดือน 6,6,15,waxing,15,
2085-05-08,2085,2628,星期二,wan_phra,泰國佛日,วันพระ,Wan Phra,thai-buddhist,ขึ้น 15 ค่ำ เดือน 6,6,15,waxing,15,
2085-05-16,2085,2628,星期三,wan_phra,泰國佛日,วันพระ,Wan Phra,thai-buddhist,แรม 8 ค่ำ เดือน 6,6,23,waning,8,
2085-05-23,2085,2628,星期三,wan_phra,泰國佛日,วันพระ,Wan Phra,thai-buddhist,แรม 15 ค่ำ เดือน 6,6,30,waning,15,
2085-05-31,2085,2628,星期四,wan_phra,泰國佛日,วันพระ,Wan Phra,thai-buddhist,ขึ้น 8 ค่ำ เดือน 7,7,8,waxing,8,
2085-06-07,2085,2628,星期四,wan_phra,泰國佛日,วันพระ,Wan Phra,thai-buddhist,ขึ้น 15 ค่ำ เดือน 7,7,15,waxing,15,
2085-06-15,2085,2628,星期五,wan_phra,泰國佛日,วันพระ,Wan Phra,thai-buddhist,แรม 8 ค่ำ เดือน 7,7,23,waning,8,
2085-06-21,2085,2628,星期四,wan_phra,泰國佛日,วันพระ,Wan Phra,thai-buddhist,แรม 14 ค่ำ เดือน 7,7,29,waning,14,
2085-06-29,2085,2628,星期五,wan_phra,泰國佛日,วันพระ,Wan Phra,thai-buddhist,ขึ้น 8 ค่ำ เดือน 8,8,8,waxing,8,
2085-07-06,2085,2628,星期五,wan_phra,泰國佛日,วันพระ,Wan Phra,thai-buddhist,ขึ้น 15 ค่ำ เดือน 8,8,15,waxing,15,
2085-07-07,2085,2628,星期六,khao_phansa,入雨安居,เข้าพรรษา,Khao Phansa,thai-buddhist-major,แรม 1 ค่ำ เดือน 8,8,16,waning,1,
2085-07-14,2085,2628,星期六,wan_phra,泰國佛日,วันพระ,Wan Phra,thai-buddhist,แรม 8 ค่ำ เดือน 8,8,23,waning,8,
2085-07-21,2085,2628,星期六,wan_phra,泰國佛日,วันพระ,Wan Phra,thai-buddhist,แรม 15 ค่ำ เดือน 8,8,30,waning,15,
2085-07-29,2085,2628,星期日,wan_phra,泰國佛日,วันพระ,Wan Phra,thai-buddhist,ขึ้น 8 ค่ำ เดือน 9,9,8,waxing,8,
2085-08-05,2085,2628,星期日,wan_phra,泰國佛日,วันพระ,Wan Phra,thai-buddhist,ขึ้น 15 ค่ำ เดือน 9,9,15,waxing,15,
2085-08-13,2085,2628,星期一,wan_phra,泰國佛日,วันพระ,Wan Phra,thai-buddhist,แรม 8 ค่ำ เดือน 9,9,23,waning,8,
2085-08-19,2085,2628,星期日,wan_phra,泰國佛日,วันพระ,Wan Phra,thai-buddhist,แรม 14 ค่ำ เดือน 9,9,29,waning,14,
2085-08-27,2085,2628,星期一,wan_phra,泰國佛日,วันพระ,Wan Phra,thai-buddhist,ขึ้น 8 ค่ำ เดือน 10,10,8,waxing,8,
2085-09-03,2085,2628,星期一,wan_phra,泰國佛日,วันพระ,Wan Phra,thai-buddhist,ขึ้น 15 ค่ำ เดือน 10,10,15,waxing,15,
2085-09-11,2085,2628,星期二,wan_phra,泰國佛日,วันพระ,Wan Phra,thai-buddhist,แรม 8 ค่ำ เดือน 10,10,23,waning,8,
2085-09-18,2085,2628,星期二,wan_phra,泰國佛日,วันพระ,Wan Phra,thai-buddhist,แรม 15 ค่ำ เดือน 10,10,30,waning,15,
2085-09-26,2085,2628,星期三,wan_phra,泰國佛日,วันพระ,Wan Phra,thai-buddhist,ขึ้น 8 ค่ำ เดือน 11,11,8,waxing,8,
2085-10-03,2085,2628,星期三,ok_phansa,出雨安居,ออกพรรษา,Ok Phansa,thai-buddhist-major,ขึ้น 15 ค่ำ เดือน 11,11,15,waxing,15,
2085-10-03,2085,2628,星期三,wan_phra,泰國佛日,วันพระ,Wan Phra,thai-buddhist,ขึ้น 15 ค่ำ เดือน 11,11,15,waxing,15,
2085-10-11,2085,2628,星期四,wan_phra,泰國佛日,วันพระ,Wan Phra,thai-buddhist,แรม 8 ค่ำ เดือน 11,11,23,waning,8,
2085-10-17,2085,2628,星期三,wan_phra,泰國佛日,วันพระ,Wan Phra,thai-buddhist,แรม 14 ค่ำ เดือน 11,11,29,waning,14,
2085-10-25,2085,2628,星期四,wan_phra,泰國佛日,วันพระ,Wan Phra,thai-buddhist,ขึ้น 8 ค่ำ เดือน 12,12,8,waxing,8,
2085-11-01,2085,2628,星期四,wan_phra,泰國佛日,วันพระ,Wan Phra,thai-buddhist,ขึ้น 15 ค่ำ เดือน 12,12,15,waxing,15,
2085-11-09,2085,2628,星期五,wan_phra,泰國佛日,วันพระ,Wan Phra,thai-buddhist,แรม 8 ค่ำ เดือน 12,12,23,waning,8,
2085-11-16,2085,2628,星期五,wan_phra,泰國佛日,วันพระ,Wan Phra,thai-buddhist,แรม 15 ค่ำ เดือน 12,12,30,waning,15,
2085-11-24,2085,2628,星期六,wan_phra,泰國佛日,วันพระ,Wan Phra,thai-buddhist,ขึ้น 8 ค่ำ เดือน 1,1,8,waxing,8,
2085-12-01,2085,2628,星期六,wan_phra,泰國佛日,วันพระ,Wan Phra,thai-buddhist,ขึ้น 15 ค่ำ เดือน 1,1,15,waxing,15,
2085-12-09,2085,2628,星期日,wan_phra,泰國佛日,วันพระ,Wan Phra,thai-buddhist,แรม 8 ค่ำ เดือน 1,1,23,waning,8,
2085-12-15,2085,2628,星期六,wan_phra,泰國佛日,วันพระ,Wan Phra,thai-buddhist,แรม 14 ค่ำ เดือน 1,1,29,waning,14,
2085-12-23,2085,2628,星期日,wan_phra,泰國佛日,วันพระ,Wan Phra,thai-buddhist,ขึ้น 8 ค่ำ เดือน 2,2,8,waxing,8,
2085-12-30,2085,2628,星期日,wan_phra,泰國佛日,วันพระ,Wan Phra,thai-buddhist,ขึ้น 15 ค่ำ เดือน 2,2,15,waxing,15,
2086-01-07,2086,2629,星期一,wan_phra,泰國佛日,วันพระ,Wan Phra,thai-buddhist,แรม 8 ค่ำ เดือน 2,2,23,waning,8,
2086-01-14,2086,2629,星期一,wan_phra,泰國佛日,วันพระ,Wan Phra,thai-buddhist,แรม 15 ค่ำ เดือน 2,2,30,waning,15,
2086-01-22,2086,2629,星期二,wan_phra,泰國佛日,วันพระ,Wan Phra,thai-buddhist,ขึ้น 8 ค่ำ เดือน 3,3,8,waxing,8,
2086-01-29,2086,2629,星期二,wan_phra,泰國佛日,วันพระ,Wan Phra,thai-buddhist,ขึ้น 15 ค่ำ เดือน 3,3,15,waxing,15,
2086-02-06,2086,2629,星期三,wan_phra,泰國佛日,วันพระ,Wan Phra,thai-buddhist,แรม 8 ค่ำ เดือน 3,3,23,waning,8,
2086-02-12,2086,2629,星期二,wan_phra,泰國佛日,วันพระ,Wan Phra,thai-buddhist,แรม 14 ค่ำ เดือน 3,3,29,waning,14,
2086-02-20,2086,2629,星期三,wan_phra,泰國佛日,วันพระ,Wan Phra,thai-buddhist,ขึ้น 8 ค่ำ เดือน 4,4,8,waxing,8,
2086-02-27,2086,2629,星期三,makha_bucha,萬佛節,มาฆบูชา,Makha Bucha,thai-buddhist-major,ขึ้น 15 ค่ำ เดือน 4,4,15,waxing,15,
2086-02-27,2086,2629,星期三,wan_phra,泰國佛日,วันพระ,Wan Phra,thai-buddhist,ขึ้น 15 ค่ำ เดือน 4,4,15,waxing,15,
2086-03-07,2086,2629,星期四,wan_phra,泰國佛日,วันพระ,Wan Phra,thai-buddhist,แรม 8 ค่ำ เดือน 4,4,23,waning,8,
2086-03-14,2086,2629,星期四,wan_phra,泰國佛日,วันพระ,Wan Phra,thai-buddhist,แรม 15 ค่ำ เดือน 4,4,30,waning,15,
2086-03-22,2086,2629,星期五,wan_phra,泰國佛日,วันพระ,Wan Phra,thai-buddhist,ขึ้น 8 ค่ำ เดือน 5,5,8,waxing,8,
2086-03-29,2086,2629,星期五,wan_phra,泰國佛日,วันพระ,Wan Phra,thai-buddhist,ขึ้น 15 ค่ำ เดือน 5,5,15,waxing,15,
2086-04-06,2086,2629,星期六,wan_phra,泰國佛日,วันพระ,Wan Phra,thai-buddhist,แรม 8 ค่ำ เดือน 5,5,23,waning,8,
2086-04-12,2086,2629,星期五,wan_phra,泰國佛日,วันพระ,Wan Phra,thai-buddhist,แรม 14 ค่ำ เดือน 5,5,29,waning,14,
2086-04-20,2086,2629,星期六,wan_phra,泰國佛日,วันพระ,Wan Phra,thai-buddhist,ขึ้น 8 ค่ำ เดือน 6,6,8,waxing,8,
2086-04-27,2086,2629,星期六,wan_phra,泰國佛日,วันพระ,Wan Phra,thai-buddhist,ขึ้น 15 ค่ำ เดือน 6,6,15,waxing,15,
2086-05-05,2086,2629,星期日,wan_phra,泰國佛日,วันพระ,Wan Phra,thai-buddhist,แรม 8 ค่ำ เดือน 6,6,23,waning,8,
2086-05-12,2086,2629,星期日,wan_phra,泰國佛日,วันพระ,Wan Phra,thai-buddhist,แรม 15 ค่ำ เดือน 6,6,30,waning,15,
2086-05-20,2086,2629,星期一,wan_phra,泰國佛日,วันพระ,Wan Phra,thai-buddhist,ขึ้น 8 ค่ำ เดือน 7,7,8,waxing,8,
2086-05-27,2086,2629,星期一,visakha_bucha,衛塞節,วิสาขบูชา,Visakha Bucha,thai-buddhist-major,ขึ้น 15 ค่ำ เดือน 7,7,15,waxing,15,
2086-05-27,2086,2629,星期一,wan_phra,泰國佛日,วันพระ,Wan Phra,thai-buddhist,ขึ้น 15 ค่ำ เดือน 7,7,15,waxing,15,
2086-06-04,2086,2629,星期二,wan_phra,泰國佛日,วันพระ,Wan Phra,thai-buddhist,แรม 8 ค่ำ เดือน 7,7,23,waning,8,
2086-06-10,2086,2629,星期一,wan_phra,泰國佛日,วันพระ,Wan Phra,thai-buddhist,แรม 14 ค่ำ เดือน 7,7,29,waning,14,
2086-06-18,2086,2629,星期二,wan_phra,泰國佛日,วันพระ,Wan Phra,thai-buddhist,ขึ้น 8 ค่ำ เดือน 8,8,8,waxing,8,
2086-06-25,2086,2629,星期二,wan_phra,泰國佛日,วันพระ,Wan Phra,thai-buddhist,ขึ้น 15 ค่ำ เดือน 8,8,15,waxing,15,
2086-07-03,2086,2629,星期三,wan_phra,泰國佛日,วันพระ,Wan Phra,thai-buddhist,แรม 8 ค่ำ เดือน 8,8,23,waning,8,
2086-07-10,2086,2629,星期三,wan_phra,泰國佛日,วันพระ,Wan Phra,thai-buddhist,แรม 15 ค่ำ เดือน 8,8,30,waning,15,
2086-07-18,2086,2629,星期四,wan_phra,泰國佛日,วันพระ,Wan Phra,thai-buddhist,ขึ้น 8 ค่ำ เดือน 88,88,8,waxing,8,
2086-07-25,2086,2629,星期四,wan_phra,泰國佛日,วันพระ,Wan Phra,thai-buddhist,ขึ้น 15 ค่ำ เดือน 88,88,15,waxing,15,
2086-07-26,2086,2629,星期五,khao_phansa,入雨安居,เข้าพรรษา,Khao Phansa,thai-buddhist-major,แรม 1 ค่ำ เดือน 88,88,16,waning,1,
2086-08-02,2086,2629,星期五,wan_phra,泰國佛日,วันพระ,Wan Phra,thai-buddhist,แรม 8 ค่ำ เดือน 88,88,23,waning,8,
2086-08-09,2086,2629,星期五,wan_phra,泰國佛日,วันพระ,Wan Phra,thai-buddhist,แรม 15 ค่ำ เดือน 88,88,30,waning,15,
2086-08-17,2086,2629,星期六,wan_phra,泰國佛日,วันพระ,Wan Phra,thai-buddhist,ขึ้น 8 ค่ำ เดือน 9,9,8,waxing,8,
2086-08-24,2086,2629,星期六,wan_phra,泰國佛日,วันพระ,Wan Phra,thai-buddhist,ขึ้น 15 ค่ำ เดือน 9,9,15,waxing,15,
2086-09-01,2086,2629,星期日,wan_phra,泰國佛日,วันพระ,Wan Phra,thai-buddhist,แรม 8 ค่ำ เดือน 9,9,23,waning,8,
2086-09-07,2086,2629,星期六,wan_phra,泰國佛日,วันพระ,Wan Phra,thai-buddhist,แรม 14 ค่ำ เดือน 9,9,29,waning,14,
2086-09-15,2086,2629,星期日,wan_phra,泰國佛日,วันพระ,Wan Phra,thai-buddhist,ขึ้น 8 ค่ำ เดือน 10,10,8,waxing,8,
2086-09-22,2086,2629,星期日,wan_phra,泰國佛日,วันพระ,Wan Phra,thai-buddhist,ขึ้น 15 ค่ำ เดือน 10,10,15,waxing,15,
2086-09-30,2086,2629,星期一,wan_phra,泰國佛日,วันพระ,Wan Phra,thai-buddhist,แรม 8 ค่ำ เดือน 10,10,23,waning,8,
2086-10-07,2086,2629,星期一,wan_phra,泰國佛日,วันพระ,Wan Phra,thai-buddhist,แรม 15 ค่ำ เดือน 10,10,30,waning,15,
2086-10-15,2086,2629,星期二,wan_phra,泰國佛日,วันพระ,Wan Phra,thai-buddhist,ขึ้น 8 ค่ำ เดือน 11,11,8,waxing,8,
2086-10-22,2086,2629,星期二,ok_phansa,出雨安居,ออกพรรษา,Ok Phansa,thai-buddhist-major,ขึ้น 15 ค่ำ เดือน 11,11,15,waxing,15,
2086-10-22,2086,2629,星期二,wan_phra,泰國佛日,วันพระ,Wan Phra,thai-buddhist,ขึ้น 15 ค่ำ เดือน 11,11,15,waxing,15,
2086-10-30,2086,2629,星期三,wan_phra,泰國佛日,วันพระ,Wan Phra,thai-buddhist,แรม 8 ค่ำ เดือน 11,11,23,waning,8,
2086-11-05,2086,2629,星期二,wan_phra,泰國佛日,วันพระ,Wan Phra,thai-buddhist,แรม 14 ค่ำ เดือน 11,11,29,waning,14,
2086-11-13,2086,2629,星期三,wan_phra,泰國佛日,วันพระ,Wan Phra,thai-buddhist,ขึ้น 8 ค่ำ เดือน 12,12,8,waxing,8,
2086-11-20,2086,2629,星期三,wan_phra,泰國佛日,วันพระ,Wan Phra,thai-buddhist,ขึ้น 15 ค่ำ เดือน 12,12,15,waxing,15,
2086-11-28,2086,2629,星期四,wan_phra,泰國佛日,วันพระ,Wan Phra,thai-buddhist,แรม 8 ค่ำ เดือน 12,12,23,waning,8,
2086-12-05,2086,2629,星期四,wan_phra,泰國佛日,วันพระ,Wan Phra,thai-buddhist,แรม 15 ค่ำ เดือน 12,12,30,waning,15,
2086-12-13,2086,2629,星期五,wan_phra,泰國佛日,วันพระ,Wan Phra,thai-buddhist,ขึ้น 8 ค่ำ เดือน 1,1,8,waxing,8,
2086-12-20,2086,2629,星期五,wan_phra,泰國佛日,วันพระ,Wan Phra,thai-buddhist,ขึ้น 15 ค่ำ เดือน 1,1,15,waxing,15,
2086-12-28,2086,2629,星期六,wan_phra,泰國佛日,วันพระ,Wan Phra,thai-buddhist,แรม 8 ค่ำ เดือน 1,1,23,waning,8,
2087-01-03,2087,2630,星期五,wan_phra,泰國佛日,วันพระ,Wan Phra,thai-buddhist,แรม 14 ค่ำ เดือน 1,1,29,waning,14,
2087-01-11,2087,2630,星期六,wan_phra,泰國佛日,วันพระ,Wan Phra,thai-buddhist,ขึ้น 8 ค่ำ เดือน 2,2,8,waxing,8,
2087-01-18,2087,2630,星期六,wan_phra,泰國佛日,วันพระ,Wan Phra,thai-buddhist,ขึ้น 15 ค่ำ เดือน 2,2,15,waxing,15,
2087-01-26,2087,2630,星期日,wan_phra,泰國佛日,วันพระ,Wan Phra,thai-buddhist,แรม 8 ค่ำ เดือน 2,2,23,waning,8,
2087-02-02,2087,2630,星期日,wan_phra,泰國佛日,วันพระ,Wan Phra,thai-buddhist,แรม 15 ค่ำ เดือน 2,2,30,waning,15,
2087-02-10,2087,2630,星期一,wan_phra,泰國佛日,วันพระ,Wan Phra,thai-buddhist,ขึ้น 8 ค่ำ เดือน 3,3,8,waxing,8,
2087-02-17,2087,2630,星期一,makha_bucha,萬佛節,มาฆบูชา,Makha Bucha,thai-buddhist-major,ขึ้น 15 ค่ำ เดือน 3,3,15,waxing,15,
2087-02-17,2087,2630,星期一,wan_phra,泰國佛日,วันพระ,Wan Phra,thai-buddhist,ขึ้น 15 ค่ำ เดือน 3,3,15,waxing,15,
2087-02-25,2087,2630,星期二,wan_phra,泰國佛日,วันพระ,Wan Phra,thai-buddhist,แรม 8 ค่ำ เดือน 3,3,23,waning,8,
2087-03-03,2087,2630,星期一,wan_phra,泰國佛日,วันพระ,Wan Phra,thai-buddhist,แรม 14 ค่ำ เดือน 3,3,29,waning,14,
2087-03-11,2087,2630,星期二,wan_phra,泰國佛日,วันพระ,Wan Phra,thai-buddhist,ขึ้น 8 ค่ำ เดือน 4,4,8,waxing,8,
2087-03-18,2087,2630,星期二,wan_phra,泰國佛日,วันพระ,Wan Phra,thai-buddhist,ขึ้น 15 ค่ำ เดือน 4,4,15,waxing,15,
2087-03-26,2087,2630,星期三,wan_phra,泰國佛日,วันพระ,Wan Phra,thai-buddhist,แรม 8 ค่ำ เดือน 4,4,23,waning,8,
2087-04-02,2087,2630,星期三,wan_phra,泰國佛日,วันพระ,Wan Phra,thai-buddhist,แรม 15 ค่ำ เดือน 4,4,30,waning,15,
2087-04-10,2087,2630,星期四,wan_phra,泰國佛日,วันพระ,Wan Phra,thai-buddhist,ขึ้น 8 ค่ำ เดือน 5,5,8,waxing,8,
2087-04-17,2087,2630,星期四,wan_phra,泰國佛日,วันพระ,Wan Phra,thai-buddhist,ขึ้น 15 ค่ำ เดือน 5,5,15,waxing,15,
2087-04-25,2087,2630,星期五,wan_phra,泰國佛日,วันพระ,Wan Phra,thai-buddhist,แรม 8 ค่ำ เดือน 5,5,23,waning,8,
2087-05-01,2087,2630,星期四,wan_phra,泰國佛日,วันพระ,Wan Phra,thai-buddhist,แรม 14 ค่ำ เดือน 5,5,29,waning,14,
2087-05-09,2087,2630,星期五,wan_phra,泰國佛日,วันพระ,Wan Phra,thai-buddhist,ขึ้น 8 ค่ำ เดือน 6,6,8,waxing,8,
2087-05-16,2087,2630,星期五,visakha_bucha,衛塞節,วิสาขบูชา,Visakha Bucha,thai-buddhist-major,ขึ้น 15 ค่ำ เดือน 6,6,15,waxing,15,
2087-05-16,2087,2630,星期五,wan_phra,泰國佛日,วันพระ,Wan Phra,thai-buddhist,ขึ้น 15 ค่ำ เดือน 6,6,15,waxing,15,
2087-05-24,2087,2630,星期六,wan_phra,泰國佛日,วันพระ,Wan Phra,thai-buddhist,แรม 8 ค่ำ เดือน 6,6,23,waning,8,
2087-05-31,2087,2630,星期六,wan_phra,泰國佛日,วันพระ,Wan Phra,thai-buddhist,แรม 15 ค่ำ เดือน 6,6,30,waning,15,
2087-06-08,2087,2630,星期日,wan_phra,泰國佛日,วันพระ,Wan Phra,thai-buddhist,ขึ้น 8 ค่ำ เดือน 7,7,8,waxing,8,
2087-06-15,2087,2630,星期日,wan_phra,泰國佛日,วันพระ,Wan Phra,thai-buddhist,ขึ้น 15 ค่ำ เดือน 7,7,15,waxing,15,
2087-06-23,2087,2630,星期一,wan_phra,泰國佛日,วันพระ,Wan Phra,thai-buddhist,แรม 8 ค่ำ เดือน 7,7,23,waning,8,
2087-06-30,2087,2630,星期一,wan_phra,泰國佛日,วันพระ,Wan Phra,thai-buddhist,แรม 15 ค่ำ เดือน 7,7,30,waning,15,
2087-07-08,2087,2630,星期二,wan_phra,泰國佛日,วันพระ,Wan Phra,thai-buddhist,ขึ้น 8 ค่ำ เดือน 8,8,8,waxing,8,
2087-07-15,2087,2630,星期二,wan_phra,泰國佛日,วันพระ,Wan Phra,thai-buddhist,ขึ้น 15 ค่ำ เดือน 8,8,15,waxing,15,
2087-07-16,2087,2630,星期三,khao_phansa,入雨安居,เข้าพรรษา,Khao Phansa,thai-buddhist-major,แรม 1 ค่ำ เดือน 8,8,16,waning,1,
2087-07-23,2087,2630,星期三,wan_phra,泰國佛日,วันพระ,Wan Phra,thai-buddhist,แรม 8 ค่ำ เดือน 8,8,23,waning,8,
2087-07-30,2087,2630,星期三,wan_phra,泰國佛日,วันพระ,Wan Phra,thai-buddhist,แรม 15 ค่ำ เดือน 8,8,30,waning,15,
2087-08-07,2087,2630,星期四,wan_phra,泰國佛日,วันพระ,Wan Phra,thai-buddhist,ขึ้น 8 ค่ำ เดือน 9,9,8,waxing,8,
2087-08-14,2087,2630,星期四,wan_phra,泰國佛日,วันพระ,Wan Phra,thai-buddhist,ขึ้น 15 ค่ำ เดือน 9,9,15,waxing,15,
2087-08-22,2087,2630,星期五,wan_phra,泰國佛日,วันพระ,Wan Phra,thai-buddhist,แรม 8 ค่ำ เดือน 9,9,23,waning,8,
2087-08-28,2087,2630,星期四,wan_phra,泰國佛日,วันพระ,Wan Phra,thai-buddhist,แรม 14 ค่ำ เดือน 9,9,29,waning,14,
2087-09-05,2087,2630,星期五,wan_phra,泰國佛日,วันพระ,Wan Phra,thai-buddhist,ขึ้น 8 ค่ำ เดือน 10,10,8,waxing,8,
2087-09-12,2087,2630,星期五,wan_phra,泰國佛日,วันพระ,Wan Phra,thai-buddhist,ขึ้น 15 ค่ำ เดือน 10,10,15,waxing,15,
2087-09-20,2087,2630,星期六,wan_phra,泰國佛日,วันพระ,Wan Phra,thai-buddhist,แรม 8 ค่ำ เดือน 10,10,23,waning,8,
2087-09-27,2087,2630,星期六,wan_phra,泰國佛日,วันพระ,Wan Phra,thai-buddhist,แรม 15 ค่ำ เดือน 10,10,30,waning,15,
2087-10-05,2087,2630,星期日,wan_phra,泰國佛日,วันพระ,Wan Phra,thai-buddhist,ขึ้น 8 ค่ำ เดือน 11,11,8,waxing,8,
2087-10-12,2087,2630,星期日,ok_phansa,出雨安居,ออกพรรษา,Ok Phansa,thai-buddhist-major,ขึ้น 15 ค่ำ เดือน 11,11,15,waxing,15,
2087-10-12,2087,2630,星期日,wan_phra,泰國佛日,วันพระ,Wan Phra,thai-buddhist,ขึ้น 15 ค่ำ เดือน 11,11,15,waxing,15,
2087-10-20,2087,2630,星期一,wan_phra,泰國佛日,วันพระ,Wan Phra,thai-buddhist,แรม 8 ค่ำ เดือน 11,11,23,waning,8,
2087-10-26,2087,2630,星期日,wan_phra,泰國佛日,วันพระ,Wan Phra,thai-buddhist,แรม 14 ค่ำ เดือน 11,11,29,waning,14,
2087-11-03,2087,2630,星期一,wan_phra,泰國佛日,วันพระ,Wan Phra,thai-buddhist,ขึ้น 8 ค่ำ เดือน 12,12,8,waxing,8,
2087-11-10,2087,2630,星期一,wan_phra,泰國佛日,วันพระ,Wan Phra,thai-buddhist,ขึ้น 15 ค่ำ เดือน 12,12,15,waxing,15,
2087-11-18,2087,2630,星期二,wan_phra,泰國佛日,วันพระ,Wan Phra,thai-buddhist,แรม 8 ค่ำ เดือน 12,12,23,waning,8,
2087-11-25,2087,2630,星期二,wan_phra,泰國佛日,วันพระ,Wan Phra,thai-buddhist,แรม 15 ค่ำ เดือน 12,12,30,waning,15,
2087-12-03,2087,2630,星期三,wan_phra,泰國佛日,วันพระ,Wan Phra,thai-buddhist,ขึ้น 8 ค่ำ เดือน 1,1,8,waxing,8,
2087-12-10,2087,2630,星期三,wan_phra,泰國佛日,วันพระ,Wan Phra,thai-buddhist,ขึ้น 15 ค่ำ เดือน 1,1,15,waxing,15,
2087-12-18,2087,2630,星期四,wan_phra,泰國佛日,วันพระ,Wan Phra,thai-buddhist,แรม 8 ค่ำ เดือน 1,1,23,waning,8,
2087-12-24,2087,2630,星期三,wan_phra,泰國佛日,วันพระ,Wan Phra,thai-buddhist,แรม 14 ค่ำ เดือน 1,1,29,waning,14,
2088-01-01,2088,2631,星期四,wan_phra,泰國佛日,วันพระ,Wan Phra,thai-buddhist,ขึ้น 8 ค่ำ เดือน 2,2,8,waxing,8,
2088-01-08,2088,2631,星期四,wan_phra,泰國佛日,วันพระ,Wan Phra,thai-buddhist,ขึ้น 15 ค่ำ เดือน 2,2,15,waxing,15,
2088-01-16,2088,2631,星期五,wan_phra,泰國佛日,วันพระ,Wan Phra,thai-buddhist,แรม 8 ค่ำ เดือน 2,2,23,waning,8,
2088-01-23,2088,2631,星期五,wan_phra,泰國佛日,วันพระ,Wan Phra,thai-buddhist,แรม 15 ค่ำ เดือน 2,2,30,waning,15,
2088-01-31,2088,2631,星期六,wan_phra,泰國佛日,วันพระ,Wan Phra,thai-buddhist,ขึ้น 8 ค่ำ เดือน 3,3,8,waxing,8,
2088-02-07,2088,2631,星期六,wan_phra,泰國佛日,วันพระ,Wan Phra,thai-buddhist,ขึ้น 15 ค่ำ เดือน 3,3,15,waxing,15,
2088-02-15,2088,2631,星期日,wan_phra,泰國佛日,วันพระ,Wan Phra,thai-buddhist,แรม 8 ค่ำ เดือน 3,3,23,waning,8,
2088-02-21,2088,2631,星期六,wan_phra,泰國佛日,วันพระ,Wan Phra,thai-buddhist,แรม 14 ค่ำ เดือน 3,3,29,waning,14,
2088-02-29,2088,2631,星期日,wan_phra,泰國佛日,วันพระ,Wan Phra,thai-buddhist,ขึ้น 8 ค่ำ เดือน 4,4,8,waxing,8,
2088-03-07,2088,2631,星期日,makha_bucha,萬佛節,มาฆบูชา,Makha Bucha,thai-buddhist-major,ขึ้น 15 ค่ำ เดือน 4,4,15,waxing,15,
2088-03-07,2088,2631,星期日,wan_phra,泰國佛日,วันพระ,Wan Phra,thai-buddhist,ขึ้น 15 ค่ำ เดือน 4,4,15,waxing,15,
2088-03-15,2088,2631,星期一,wan_phra,泰國佛日,วันพระ,Wan Phra,thai-buddhist,แรม 8 ค่ำ เดือน 4,4,23,waning,8,
2088-03-22,2088,2631,星期一,wan_phra,泰國佛日,วันพระ,Wan Phra,thai-buddhist,แรม 15 ค่ำ เดือน 4,4,30,waning,15,
2088-03-27,2088,2631,星期六,sao_ha_candidate,騷哈日候選 / 稍哈日候選,เสาร์ 5,Sao Ha candidate,thai-amulet-auspicious-day,ขึ้น 5 ค่ำ เดือน 5,5,5,waxing,5,按規則產生：星期六 + 泰國陰曆 5 月 + ขึ้น 5 ค่ำ 或 แรม 5 ค่ำ。未做人工作法會或高僧認定。
2088-03-30,2088,2631,星期二,wan_phra,泰國佛日,วันพระ,Wan Phra,thai-buddhist,ขึ้น 8 ค่ำ เดือน 5,5,8,waxing,8,
2088-04-06,2088,2631,星期二,wan_phra,泰國佛日,วันพระ,Wan Phra,thai-buddhist,ขึ้น 15 ค่ำ เดือน 5,5,15,waxing,15,
2088-04-14,2088,2631,星期三,wan_phra,泰國佛日,วันพระ,Wan Phra,thai-buddhist,แรม 8 ค่ำ เดือน 5,5,23,waning,8,
2088-04-20,2088,2631,星期二,wan_phra,泰國佛日,วันพระ,Wan Phra,thai-buddhist,แรม 14 ค่ำ เดือน 5,5,29,waning,14,
2088-04-28,2088,2631,星期三,wan_phra,泰國佛日,วันพระ,Wan Phra,thai-buddhist,ขึ้น 8 ค่ำ เดือน 6,6,8,waxing,8,
2088-05-05,2088,2631,星期三,wan_phra,泰國佛日,วันพระ,Wan Phra,thai-buddhist,ขึ้น 15 ค่ำ เดือน 6,6,15,waxing,15,
2088-05-13,2088,2631,星期四,wan_phra,泰國佛日,วันพระ,Wan Phra,thai-buddhist,แรม 8 ค่ำ เดือน 6,6,23,waning,8,
2088-05-20,2088,2631,星期四,wan_phra,泰國佛日,วันพระ,Wan Phra,thai-buddhist,แรม 15 ค่ำ เดือน 6,6,30,waning,15,
2088-05-28,2088,2631,星期五,wan_phra,泰國佛日,วันพระ,Wan Phra,thai-buddhist,ขึ้น 8 ค่ำ เดือน 7,7,8,waxing,8,
2088-06-04,2088,2631,星期五,visakha_bucha,衛塞節,วิสาขบูชา,Visakha Bucha,thai-buddhist-major,ขึ้น 15 ค่ำ เดือน 7,7,15,waxing,15,
2088-06-04,2088,2631,星期五,wan_phra,泰國佛日,วันพระ,Wan Phra,thai-buddhist,ขึ้น 15 ค่ำ เดือน 7,7,15,waxing,15,
2088-06-12,2088,2631,星期六,wan_phra,泰國佛日,วันพระ,Wan Phra,thai-buddhist,แรม 8 ค่ำ เดือน 7,7,23,waning,8,
2088-06-18,2088,2631,星期五,wan_phra,泰國佛日,วันพระ,Wan Phra,thai-buddhist,แรม 14 ค่ำ เดือน 7,7,29,waning,14,
2088-06-26,2088,2631,星期六,wan_phra,泰國佛日,วันพระ,Wan Phra,thai-buddhist,ขึ้น 8 ค่ำ เดือน 8,8,8,waxing,8,
2088-07-03,2088,2631,星期六,wan_phra,泰國佛日,วันพระ,Wan Phra,thai-buddhist,ขึ้น 15 ค่ำ เดือน 8,8,15,waxing,15,
2088-07-11,2088,2631,星期日,wan_phra,泰國佛日,วันพระ,Wan Phra,thai-buddhist,แรม 8 ค่ำ เดือน 8,8,23,waning,8,
2088-07-18,2088,2631,星期日,wan_phra,泰國佛日,วันพระ,Wan Phra,thai-buddhist,แรม 15 ค่ำ เดือน 8,8,30,waning,15,
2088-07-26,2088,2631,星期一,wan_phra,泰國佛日,วันพระ,Wan Phra,thai-buddhist,ขึ้น 8 ค่ำ เดือน 88,88,8,waxing,8,
2088-08-02,2088,2631,星期一,wan_phra,泰國佛日,วันพระ,Wan Phra,thai-buddhist,ขึ้น 15 ค่ำ เดือน 88,88,15,waxing,15,
2088-08-03,2088,2631,星期二,khao_phansa,入雨安居,เข้าพรรษา,Khao Phansa,thai-buddhist-major,แรม 1 ค่ำ เดือน 88,88,16,waning,1,
2088-08-10,2088,2631,星期二,wan_phra,泰國佛日,วันพระ,Wan Phra,thai-buddhist,แรม 8 ค่ำ เดือน 88,88,23,waning,8,
2088-08-17,2088,2631,星期二,wan_phra,泰國佛日,วันพระ,Wan Phra,thai-buddhist,แรม 15 ค่ำ เดือน 88,88,30,waning,15,
2088-08-25,2088,2631,星期三,wan_phra,泰國佛日,วันพระ,Wan Phra,thai-buddhist,ขึ้น 8 ค่ำ เดือน 9,9,8,waxing,8,
2088-09-01,2088,2631,星期三,wan_phra,泰國佛日,วันพระ,Wan Phra,thai-buddhist,ขึ้น 15 ค่ำ เดือน 9,9,15,waxing,15,
2088-09-09,2088,2631,星期四,wan_phra,泰國佛日,วันพระ,Wan Phra,thai-buddhist,แรม 8 ค่ำ เดือน 9,9,23,waning,8,
2088-09-15,2088,2631,星期三,wan_phra,泰國佛日,วันพระ,Wan Phra,thai-buddhist,แรม 14 ค่ำ เดือน 9,9,29,waning,14,
2088-09-23,2088,2631,星期四,wan_phra,泰國佛日,วันพระ,Wan Phra,thai-buddhist,ขึ้น 8 ค่ำ เดือน 10,10,8,waxing,8,
2088-09-30,2088,2631,星期四,wan_phra,泰國佛日,วันพระ,Wan Phra,thai-buddhist,ขึ้น 15 ค่ำ เดือน 10,10,15,waxing,15,
2088-10-08,2088,2631,星期五,wan_phra,泰國佛日,วันพระ,Wan Phra,thai-buddhist,แรม 8 ค่ำ เดือน 10,10,23,waning,8,
2088-10-15,2088,2631,星期五,wan_phra,泰國佛日,วันพระ,Wan Phra,thai-buddhist,แรม 15 ค่ำ เดือน 10,10,30,waning,15,
2088-10-23,2088,2631,星期六,wan_phra,泰國佛日,วันพระ,Wan Phra,thai-buddhist,ขึ้น 8 ค่ำ เดือน 11,11,8,waxing,8,
2088-10-30,2088,2631,星期六,ok_phansa,出雨安居,ออกพรรษา,Ok Phansa,thai-buddhist-major,ขึ้น 15 ค่ำ เดือน 11,11,15,waxing,15,
2088-10-30,2088,2631,星期六,wan_phra,泰國佛日,วันพระ,Wan Phra,thai-buddhist,ขึ้น 15 ค่ำ เดือน 11,11,15,waxing,15,
2088-11-07,2088,2631,星期日,wan_phra,泰國佛日,วันพระ,Wan Phra,thai-buddhist,แรม 8 ค่ำ เดือน 11,11,23,waning,8,
2088-11-13,2088,2631,星期六,wan_phra,泰國佛日,วันพระ,Wan Phra,thai-buddhist,แรม 14 ค่ำ เดือน 11,11,29,waning,14,
2088-11-21,2088,2631,星期日,wan_phra,泰國佛日,วันพระ,Wan Phra,thai-buddhist,ขึ้น 8 ค่ำ เดือน 12,12,8,waxing,8,
2088-11-28,2088,2631,星期日,wan_phra,泰國佛日,วันพระ,Wan Phra,thai-buddhist,ขึ้น 15 ค่ำ เดือน 12,12,15,waxing,15,
2088-12-06,2088,2631,星期一,wan_phra,泰國佛日,วันพระ,Wan Phra,thai-buddhist,แรม 8 ค่ำ เดือน 12,12,23,waning,8,
2088-12-13,2088,2631,星期一,wan_phra,泰國佛日,วันพระ,Wan Phra,thai-buddhist,แรม 15 ค่ำ เดือน 12,12,30,waning,15,
2088-12-21,2088,2631,星期二,wan_phra,泰國佛日,วันพระ,Wan Phra,thai-buddhist,ขึ้น 8 ค่ำ เดือน 1,1,8,waxing,8,
2088-12-28,2088,2631,星期二,wan_phra,泰國佛日,วันพระ,Wan Phra,thai-buddhist,ขึ้น 15 ค่ำ เดือน 1,1,15,waxing,15,
2089-01-05,2089,2632,星期三,wan_phra,泰國佛日,วันพระ,Wan Phra,thai-buddhist,แรม 8 ค่ำ เดือน 1,1,23,waning,8,
2089-01-11,2089,2632,星期二,wan_phra,泰國佛日,วันพระ,Wan Phra,thai-buddhist,แรม 14 ค่ำ เดือน 1,1,29,waning,14,
2089-01-19,2089,2632,星期三,wan_phra,泰國佛日,วันพระ,Wan Phra,thai-buddhist,ขึ้น 8 ค่ำ เดือน 2,2,8,waxing,8,
2089-01-26,2089,2632,星期三,wan_phra,泰國佛日,วันพระ,Wan Phra,thai-buddhist,ขึ้น 15 ค่ำ เดือน 2,2,15,waxing,15,
2089-02-03,2089,2632,星期四,wan_phra,泰國佛日,วันพระ,Wan Phra,thai-buddhist,แรม 8 ค่ำ เดือน 2,2,23,waning,8,
2089-02-10,2089,2632,星期四,wan_phra,泰國佛日,วันพระ,Wan Phra,thai-buddhist,แรม 15 ค่ำ เดือน 2,2,30,waning,15,
2089-02-18,2089,2632,星期五,wan_phra,泰國佛日,วันพระ,Wan Phra,thai-buddhist,ขึ้น 8 ค่ำ เดือน 3,3,8,waxing,8,
2089-02-25,2089,2632,星期五,makha_bucha,萬佛節,มาฆบูชา,Makha Bucha,thai-buddhist-major,ขึ้น 15 ค่ำ เดือน 3,3,15,waxing,15,
2089-02-25,2089,2632,星期五,wan_phra,泰國佛日,วันพระ,Wan Phra,thai-buddhist,ขึ้น 15 ค่ำ เดือน 3,3,15,waxing,15,
2089-03-05,2089,2632,星期六,wan_phra,泰國佛日,วันพระ,Wan Phra,thai-buddhist,แรม 8 ค่ำ เดือน 3,3,23,waning,8,
2089-03-11,2089,2632,星期五,wan_phra,泰國佛日,วันพระ,Wan Phra,thai-buddhist,แรม 14 ค่ำ เดือน 3,3,29,waning,14,
2089-03-19,2089,2632,星期六,wan_phra,泰國佛日,วันพระ,Wan Phra,thai-buddhist,ขึ้น 8 ค่ำ เดือน 4,4,8,waxing,8,
2089-03-26,2089,2632,星期六,wan_phra,泰國佛日,วันพระ,Wan Phra,thai-buddhist,ขึ้น 15 ค่ำ เดือน 4,4,15,waxing,15,
2089-04-03,2089,2632,星期日,wan_phra,泰國佛日,วันพระ,Wan Phra,thai-buddhist,แรม 8 ค่ำ เดือน 4,4,23,waning,8,
2089-04-10,2089,2632,星期日,wan_phra,泰國佛日,วันพระ,Wan Phra,thai-buddhist,แรม 15 ค่ำ เดือน 4,4,30,waning,15,
2089-04-18,2089,2632,星期一,wan_phra,泰國佛日,วันพระ,Wan Phra,thai-buddhist,ขึ้น 8 ค่ำ เดือน 5,5,8,waxing,8,
2089-04-25,2089,2632,星期一,wan_phra,泰國佛日,วันพระ,Wan Phra,thai-buddhist,ขึ้น 15 ค่ำ เดือน 5,5,15,waxing,15,
2089-04-30,2089,2632,星期六,sao_ha_candidate,騷哈日候選 / 稍哈日候選,เสาร์ 5,Sao Ha candidate,thai-amulet-auspicious-day,แรม 5 ค่ำ เดือน 5,5,20,waning,5,按規則產生：星期六 + 泰國陰曆 5 月 + ขึ้น 5 ค่ำ 或 แรม 5 ค่ำ。未做人工作法會或高僧認定。
2089-05-03,2089,2632,星期二,wan_phra,泰國佛日,วันพระ,Wan Phra,thai-buddhist,แรม 8 ค่ำ เดือน 5,5,23,waning,8,
2089-05-09,2089,2632,星期一,wan_phra,泰國佛日,วันพระ,Wan Phra,thai-buddhist,แรม 14 ค่ำ เดือน 5,5,29,waning,14,
2089-05-17,2089,2632,星期二,wan_phra,泰國佛日,วันพระ,Wan Phra,thai-buddhist,ขึ้น 8 ค่ำ เดือน 6,6,8,waxing,8,
2089-05-24,2089,2632,星期二,visakha_bucha,衛塞節,วิสาขบูชา,Visakha Bucha,thai-buddhist-major,ขึ้น 15 ค่ำ เดือน 6,6,15,waxing,15,
2089-05-24,2089,2632,星期二,wan_phra,泰國佛日,วันพระ,Wan Phra,thai-buddhist,ขึ้น 15 ค่ำ เดือน 6,6,15,waxing,15,
2089-06-01,2089,2632,星期三,wan_phra,泰國佛日,วันพระ,Wan Phra,thai-buddhist,แรม 8 ค่ำ เดือน 6,6,23,waning,8,
2089-06-08,2089,2632,星期三,wan_phra,泰國佛日,วันพระ,Wan Phra,thai-buddhist,แรม 15 ค่ำ เดือน 6,6,30,waning,15,
2089-06-16,2089,2632,星期四,wan_phra,泰國佛日,วันพระ,Wan Phra,thai-buddhist,ขึ้น 8 ค่ำ เดือน 7,7,8,waxing,8,
2089-06-23,2089,2632,星期四,wan_phra,泰國佛日,วันพระ,Wan Phra,thai-buddhist,ขึ้น 15 ค่ำ เดือน 7,7,15,waxing,15,
2089-07-01,2089,2632,星期五,wan_phra,泰國佛日,วันพระ,Wan Phra,thai-buddhist,แรม 8 ค่ำ เดือน 7,7,23,waning,8,
2089-07-07,2089,2632,星期四,wan_phra,泰國佛日,วันพระ,Wan Phra,thai-buddhist,แรม 14 ค่ำ เดือน 7,7,29,waning,14,
2089-07-15,2089,2632,星期五,wan_phra,泰國佛日,วันพระ,Wan Phra,thai-buddhist,ขึ้น 8 ค่ำ เดือน 8,8,8,waxing,8,
2089-07-22,2089,2632,星期五,wan_phra,泰國佛日,วันพระ,Wan Phra,thai-buddhist,ขึ้น 15 ค่ำ เดือน 8,8,15,waxing,15,
2089-07-23,2089,2632,星期六,khao_phansa,入雨安居,เข้าพรรษา,Khao Phansa,thai-buddhist-major,แรม 1 ค่ำ เดือน 8,8,16,waning,1,
2089-07-30,2089,2632,星期六,wan_phra,泰國佛日,วันพระ,Wan Phra,thai-buddhist,แรม 8 ค่ำ เดือน 8,8,23,waning,8,
2089-08-06,2089,2632,星期六,wan_phra,泰國佛日,วันพระ,Wan Phra,thai-buddhist,แรม 15 ค่ำ เดือน 8,8,30,waning,15,
2089-08-14,2089,2632,星期日,wan_phra,泰國佛日,วันพระ,Wan Phra,thai-buddhist,ขึ้น 8 ค่ำ เดือน 9,9,8,waxing,8,
2089-08-21,2089,2632,星期日,wan_phra,泰國佛日,วันพระ,Wan Phra,thai-buddhist,ขึ้น 15 ค่ำ เดือน 9,9,15,waxing,15,
2089-08-29,2089,2632,星期一,wan_phra,泰國佛日,วันพระ,Wan Phra,thai-buddhist,แรม 8 ค่ำ เดือน 9,9,23,waning,8,
2089-09-04,2089,2632,星期日,wan_phra,泰國佛日,วันพระ,Wan Phra,thai-buddhist,แรม 14 ค่ำ เดือน 9,9,29,waning,14,
2089-09-12,2089,2632,星期一,wan_phra,泰國佛日,วันพระ,Wan Phra,thai-buddhist,ขึ้น 8 ค่ำ เดือน 10,10,8,waxing,8,
2089-09-19,2089,2632,星期一,wan_phra,泰國佛日,วันพระ,Wan Phra,thai-buddhist,ขึ้น 15 ค่ำ เดือน 10,10,15,waxing,15,
2089-09-27,2089,2632,星期二,wan_phra,泰國佛日,วันพระ,Wan Phra,thai-buddhist,แรม 8 ค่ำ เดือน 10,10,23,waning,8,
2089-10-04,2089,2632,星期二,wan_phra,泰國佛日,วันพระ,Wan Phra,thai-buddhist,แรม 15 ค่ำ เดือน 10,10,30,waning,15,
2089-10-12,2089,2632,星期三,wan_phra,泰國佛日,วันพระ,Wan Phra,thai-buddhist,ขึ้น 8 ค่ำ เดือน 11,11,8,waxing,8,
2089-10-19,2089,2632,星期三,ok_phansa,出雨安居,ออกพรรษา,Ok Phansa,thai-buddhist-major,ขึ้น 15 ค่ำ เดือน 11,11,15,waxing,15,
2089-10-19,2089,2632,星期三,wan_phra,泰國佛日,วันพระ,Wan Phra,thai-buddhist,ขึ้น 15 ค่ำ เดือน 11,11,15,waxing,15,
2089-10-27,2089,2632,星期四,wan_phra,泰國佛日,วันพระ,Wan Phra,thai-buddhist,แรม 8 ค่ำ เดือน 11,11,23,waning,8,
2089-11-02,2089,2632,星期三,wan_phra,泰國佛日,วันพระ,Wan Phra,thai-buddhist,แรม 14 ค่ำ เดือน 11,11,29,waning,14,
2089-11-10,2089,2632,星期四,wan_phra,泰國佛日,วันพระ,Wan Phra,thai-buddhist,ขึ้น 8 ค่ำ เดือน 12,12,8,waxing,8,
2089-11-17,2089,2632,星期四,wan_phra,泰國佛日,วันพระ,Wan Phra,thai-buddhist,ขึ้น 15 ค่ำ เดือน 12,12,15,waxing,15,
2089-11-25,2089,2632,星期五,wan_phra,泰國佛日,วันพระ,Wan Phra,thai-buddhist,แรม 8 ค่ำ เดือน 12,12,23,waning,8,
2089-12-02,2089,2632,星期五,wan_phra,泰國佛日,วันพระ,Wan Phra,thai-buddhist,แรม 15 ค่ำ เดือน 12,12,30,waning,15,
2089-12-10,2089,2632,星期六,wan_phra,泰國佛日,วันพระ,Wan Phra,thai-buddhist,ขึ้น 8 ค่ำ เดือน 1,1,8,waxing,8,
2089-12-17,2089,2632,星期六,wan_phra,泰國佛日,วันพระ,Wan Phra,thai-buddhist,ขึ้น 15 ค่ำ เดือน 1,1,15,waxing,15,
2089-12-25,2089,2632,星期日,wan_phra,泰國佛日,วันพระ,Wan Phra,thai-buddhist,แรม 8 ค่ำ เดือน 1,1,23,waning,8,
2089-12-31,2089,2632,星期六,wan_phra,泰國佛日,วันพระ,Wan Phra,thai-buddhist,แรม 14 ค่ำ เดือน 1,1,29,waning,14,
2090-01-08,2090,2633,星期日,wan_phra,泰國佛日,วันพระ,Wan Phra,thai-buddhist,ขึ้น 8 ค่ำ เดือน 2,2,8,waxing,8,
2090-01-15,2090,2633,星期日,wan_phra,泰國佛日,วันพระ,Wan Phra,thai-buddhist,ขึ้น 15 ค่ำ เดือน 2,2,15,waxing,15,
2090-01-23,2090,2633,星期一,wan_phra,泰國佛日,วันพระ,Wan Phra,thai-buddhist,แรม 8 ค่ำ เดือน 2,2,23,waning,8,
2090-01-30,2090,2633,星期一,wan_phra,泰國佛日,วันพระ,Wan Phra,thai-buddhist,แรม 15 ค่ำ เดือน 2,2,30,waning,15,
2090-02-07,2090,2633,星期二,wan_phra,泰國佛日,วันพระ,Wan Phra,thai-buddhist,ขึ้น 8 ค่ำ เดือน 3,3,8,waxing,8,
2090-02-14,2090,2633,星期二,makha_bucha,萬佛節,มาฆบูชา,Makha Bucha,thai-buddhist-major,ขึ้น 15 ค่ำ เดือน 3,3,15,waxing,15,
2090-02-14,2090,2633,星期二,wan_phra,泰國佛日,วันพระ,Wan Phra,thai-buddhist,ขึ้น 15 ค่ำ เดือน 3,3,15,waxing,15,
2090-02-22,2090,2633,星期三,wan_phra,泰國佛日,วันพระ,Wan Phra,thai-buddhist,แรม 8 ค่ำ เดือน 3,3,23,waning,8,
2090-02-28,2090,2633,星期二,wan_phra,泰國佛日,วันพระ,Wan Phra,thai-buddhist,แรม 14 ค่ำ เดือน 3,3,29,waning,14,
2090-03-08,2090,2633,星期三,wan_phra,泰國佛日,วันพระ,Wan Phra,thai-buddhist,ขึ้น 8 ค่ำ เดือน 4,4,8,waxing,8,
2090-03-15,2090,2633,星期三,wan_phra,泰國佛日,วันพระ,Wan Phra,thai-buddhist,ขึ้น 15 ค่ำ เดือน 4,4,15,waxing,15,
2090-03-23,2090,2633,星期四,wan_phra,泰國佛日,วันพระ,Wan Phra,thai-buddhist,แรม 8 ค่ำ เดือน 4,4,23,waning,8,
2090-03-30,2090,2633,星期四,wan_phra,泰國佛日,วันพระ,Wan Phra,thai-buddhist,แรม 15 ค่ำ เดือน 4,4,30,waning,15,
2090-04-07,2090,2633,星期五,wan_phra,泰國佛日,วันพระ,Wan Phra,thai-buddhist,ขึ้น 8 ค่ำ เดือน 5,5,8,waxing,8,
2090-04-14,2090,2633,星期五,wan_phra,泰國佛日,วันพระ,Wan Phra,thai-buddhist,ขึ้น 15 ค่ำ เดือน 5,5,15,waxing,15,
2090-04-22,2090,2633,星期六,wan_phra,泰國佛日,วันพระ,Wan Phra,thai-buddhist,แรม 8 ค่ำ เดือน 5,5,23,waning,8,
2090-04-28,2090,2633,星期五,wan_phra,泰國佛日,วันพระ,Wan Phra,thai-buddhist,แรม 14 ค่ำ เดือน 5,5,29,waning,14,
2090-05-06,2090,2633,星期六,wan_phra,泰國佛日,วันพระ,Wan Phra,thai-buddhist,ขึ้น 8 ค่ำ เดือน 6,6,8,waxing,8,
2090-05-13,2090,2633,星期六,visakha_bucha,衛塞節,วิสาขบูชา,Visakha Bucha,thai-buddhist-major,ขึ้น 15 ค่ำ เดือน 6,6,15,waxing,15,
2090-05-13,2090,2633,星期六,wan_phra,泰國佛日,วันพระ,Wan Phra,thai-buddhist,ขึ้น 15 ค่ำ เดือน 6,6,15,waxing,15,
2090-05-21,2090,2633,星期日,wan_phra,泰國佛日,วันพระ,Wan Phra,thai-buddhist,แรม 8 ค่ำ เดือน 6,6,23,waning,8,
2090-05-28,2090,2633,星期日,wan_phra,泰國佛日,วันพระ,Wan Phra,thai-buddhist,แรม 15 ค่ำ เดือน 6,6,30,waning,15,
2090-06-05,2090,2633,星期一,wan_phra,泰國佛日,วันพระ,Wan Phra,thai-buddhist,ขึ้น 8 ค่ำ เดือน 7,7,8,waxing,8,
2090-06-12,2090,2633,星期一,wan_phra,泰國佛日,วันพระ,Wan Phra,thai-buddhist,ขึ้น 15 ค่ำ เดือน 7,7,15,waxing,15,
2090-06-20,2090,2633,星期二,wan_phra,泰國佛日,วันพระ,Wan Phra,thai-buddhist,แรม 8 ค่ำ เดือน 7,7,23,waning,8,
2090-06-26,2090,2633,星期一,wan_phra,泰國佛日,วันพระ,Wan Phra,thai-buddhist,แรม 14 ค่ำ เดือน 7,7,29,waning,14,
2090-07-04,2090,2633,星期二,wan_phra,泰國佛日,วันพระ,Wan Phra,thai-buddhist,ขึ้น 8 ค่ำ เดือน 8,8,8,waxing,8,
2090-07-11,2090,2633,星期二,wan_phra,泰國佛日,วันพระ,Wan Phra,thai-buddhist,ขึ้น 15 ค่ำ เดือน 8,8,15,waxing,15,
2090-07-12,2090,2633,星期三,khao_phansa,入雨安居,เข้าพรรษา,Khao Phansa,thai-buddhist-major,แรม 1 ค่ำ เดือน 8,8,16,waning,1,
2090-07-19,2090,2633,星期三,wan_phra,泰國佛日,วันพระ,Wan Phra,thai-buddhist,แรม 8 ค่ำ เดือน 8,8,23,waning,8,
2090-07-26,2090,2633,星期三,wan_phra,泰國佛日,วันพระ,Wan Phra,thai-buddhist,แรม 15 ค่ำ เดือน 8,8,30,waning,15,
2090-08-03,2090,2633,星期四,wan_phra,泰國佛日,วันพระ,Wan Phra,thai-buddhist,ขึ้น 8 ค่ำ เดือน 9,9,8,waxing,8,
2090-08-10,2090,2633,星期四,wan_phra,泰國佛日,วันพระ,Wan Phra,thai-buddhist,ขึ้น 15 ค่ำ เดือน 9,9,15,waxing,15,
2090-08-18,2090,2633,星期五,wan_phra,泰國佛日,วันพระ,Wan Phra,thai-buddhist,แรม 8 ค่ำ เดือน 9,9,23,waning,8,
2090-08-24,2090,2633,星期四,wan_phra,泰國佛日,วันพระ,Wan Phra,thai-buddhist,แรม 14 ค่ำ เดือน 9,9,29,waning,14,
2090-09-01,2090,2633,星期五,wan_phra,泰國佛日,วันพระ,Wan Phra,thai-buddhist,ขึ้น 8 ค่ำ เดือน 10,10,8,waxing,8,
2090-09-08,2090,2633,星期五,wan_phra,泰國佛日,วันพระ,Wan Phra,thai-buddhist,ขึ้น 15 ค่ำ เดือน 10,10,15,waxing,15,
2090-09-16,2090,2633,星期六,wan_phra,泰國佛日,วันพระ,Wan Phra,thai-buddhist,แรม 8 ค่ำ เดือน 10,10,23,waning,8,
2090-09-23,2090,2633,星期六,wan_phra,泰國佛日,วันพระ,Wan Phra,thai-buddhist,แรม 15 ค่ำ เดือน 10,10,30,waning,15,
2090-10-01,2090,2633,星期日,wan_phra,泰國佛日,วันพระ,Wan Phra,thai-buddhist,ขึ้น 8 ค่ำ เดือน 11,11,8,waxing,8,
2090-10-08,2090,2633,星期日,ok_phansa,出雨安居,ออกพรรษา,Ok Phansa,thai-buddhist-major,ขึ้น 15 ค่ำ เดือน 11,11,15,waxing,15,
2090-10-08,2090,2633,星期日,wan_phra,泰國佛日,วันพระ,Wan Phra,thai-buddhist,ขึ้น 15 ค่ำ เดือน 11,11,15,waxing,15,
2090-10-16,2090,2633,星期一,wan_phra,泰國佛日,วันพระ,Wan Phra,thai-buddhist,แรม 8 ค่ำ เดือน 11,11,23,waning,8,
2090-10-22,2090,2633,星期日,wan_phra,泰國佛日,วันพระ,Wan Phra,thai-buddhist,แรม 14 ค่ำ เดือน 11,11,29,waning,14,
2090-10-30,2090,2633,星期一,wan_phra,泰國佛日,วันพระ,Wan Phra,thai-buddhist,ขึ้น 8 ค่ำ เดือน 12,12,8,waxing,8,
2090-11-06,2090,2633,星期一,wan_phra,泰國佛日,วันพระ,Wan Phra,thai-buddhist,ขึ้น 15 ค่ำ เดือน 12,12,15,waxing,15,
2090-11-14,2090,2633,星期二,wan_phra,泰國佛日,วันพระ,Wan Phra,thai-buddhist,แรม 8 ค่ำ เดือน 12,12,23,waning,8,
2090-11-21,2090,2633,星期二,wan_phra,泰國佛日,วันพระ,Wan Phra,thai-buddhist,แรม 15 ค่ำ เดือน 12,12,30,waning,15,
2090-11-29,2090,2633,星期三,wan_phra,泰國佛日,วันพระ,Wan Phra,thai-buddhist,ขึ้น 8 ค่ำ เดือน 1,1,8,waxing,8,
2090-12-06,2090,2633,星期三,wan_phra,泰國佛日,วันพระ,Wan Phra,thai-buddhist,ขึ้น 15 ค่ำ เดือน 1,1,15,waxing,15,
2090-12-14,2090,2633,星期四,wan_phra,泰國佛日,วันพระ,Wan Phra,thai-buddhist,แรม 8 ค่ำ เดือน 1,1,23,waning,8,
2090-12-20,2090,2633,星期三,wan_phra,泰國佛日,วันพระ,Wan Phra,thai-buddhist,แรม 14 ค่ำ เดือน 1,1,29,waning,14,
2090-12-28,2090,2633,星期四,wan_phra,泰國佛日,วันพระ,Wan Phra,thai-buddhist,ขึ้น 8 ค่ำ เดือน 2,2,8,waxing,8,
2091-01-04,2091,2634,星期四,wan_phra,泰國佛日,วันพระ,Wan Phra,thai-buddhist,ขึ้น 15 ค่ำ เดือน 2,2,15,waxing,15,
2091-01-12,2091,2634,星期五,wan_phra,泰國佛日,วันพระ,Wan Phra,thai-buddhist,แรม 8 ค่ำ เดือน 2,2,23,waning,8,
2091-01-19,2091,2634,星期五,wan_phra,泰國佛日,วันพระ,Wan Phra,thai-buddhist,แรม 15 ค่ำ เดือน 2,2,30,waning,15,
2091-01-27,2091,2634,星期六,wan_phra,泰國佛日,วันพระ,Wan Phra,thai-buddhist,ขึ้น 8 ค่ำ เดือน 3,3,8,waxing,8,
2091-02-03,2091,2634,星期六,wan_phra,泰國佛日,วันพระ,Wan Phra,thai-buddhist,ขึ้น 15 ค่ำ เดือน 3,3,15,waxing,15,
2091-02-11,2091,2634,星期日,wan_phra,泰國佛日,วันพระ,Wan Phra,thai-buddhist,แรม 8 ค่ำ เดือน 3,3,23,waning,8,
2091-02-17,2091,2634,星期六,wan_phra,泰國佛日,วันพระ,Wan Phra,thai-buddhist,แรม 14 ค่ำ เดือน 3,3,29,waning,14,
2091-02-25,2091,2634,星期日,wan_phra,泰國佛日,วันพระ,Wan Phra,thai-buddhist,ขึ้น 8 ค่ำ เดือน 4,4,8,waxing,8,
2091-03-04,2091,2634,星期日,makha_bucha,萬佛節,มาฆบูชา,Makha Bucha,thai-buddhist-major,ขึ้น 15 ค่ำ เดือน 4,4,15,waxing,15,
2091-03-04,2091,2634,星期日,wan_phra,泰國佛日,วันพระ,Wan Phra,thai-buddhist,ขึ้น 15 ค่ำ เดือน 4,4,15,waxing,15,
2091-03-12,2091,2634,星期一,wan_phra,泰國佛日,วันพระ,Wan Phra,thai-buddhist,แรม 8 ค่ำ เดือน 4,4,23,waning,8,
2091-03-19,2091,2634,星期一,wan_phra,泰國佛日,วันพระ,Wan Phra,thai-buddhist,แรม 15 ค่ำ เดือน 4,4,30,waning,15,
2091-03-24,2091,2634,星期六,sao_ha_candidate,騷哈日候選 / 稍哈日候選,เสาร์ 5,Sao Ha candidate,thai-amulet-auspicious-day,ขึ้น 5 ค่ำ เดือน 5,5,5,waxing,5,按規則產生：星期六 + 泰國陰曆 5 月 + ขึ้น 5 ค่ำ 或 แรม 5 ค่ำ。未做人工作法會或高僧認定。
2091-03-27,2091,2634,星期二,wan_phra,泰國佛日,วันพระ,Wan Phra,thai-buddhist,ขึ้น 8 ค่ำ เดือน 5,5,8,waxing,8,
2091-04-03,2091,2634,星期二,wan_phra,泰國佛日,วันพระ,Wan Phra,thai-buddhist,ขึ้น 15 ค่ำ เดือน 5,5,15,waxing,15,
2091-04-11,2091,2634,星期三,wan_phra,泰國佛日,วันพระ,Wan Phra,thai-buddhist,แรม 8 ค่ำ เดือน 5,5,23,waning,8,
2091-04-17,2091,2634,星期二,wan_phra,泰國佛日,วันพระ,Wan Phra,thai-buddhist,แรม 14 ค่ำ เดือน 5,5,29,waning,14,
2091-04-25,2091,2634,星期三,wan_phra,泰國佛日,วันพระ,Wan Phra,thai-buddhist,ขึ้น 8 ค่ำ เดือน 6,6,8,waxing,8,
2091-05-02,2091,2634,星期三,wan_phra,泰國佛日,วันพระ,Wan Phra,thai-buddhist,ขึ้น 15 ค่ำ เดือน 6,6,15,waxing,15,
2091-05-10,2091,2634,星期四,wan_phra,泰國佛日,วันพระ,Wan Phra,thai-buddhist,แรม 8 ค่ำ เดือน 6,6,23,waning,8,
2091-05-17,2091,2634,星期四,wan_phra,泰國佛日,วันพระ,Wan Phra,thai-buddhist,แรม 15 ค่ำ เดือน 6,6,30,waning,15,
2091-05-25,2091,2634,星期五,wan_phra,泰國佛日,วันพระ,Wan Phra,thai-buddhist,ขึ้น 8 ค่ำ เดือน 7,7,8,waxing,8,
2091-06-01,2091,2634,星期五,visakha_bucha,衛塞節,วิสาขบูชา,Visakha Bucha,thai-buddhist-major,ขึ้น 15 ค่ำ เดือน 7,7,15,waxing,15,
2091-06-01,2091,2634,星期五,wan_phra,泰國佛日,วันพระ,Wan Phra,thai-buddhist,ขึ้น 15 ค่ำ เดือน 7,7,15,waxing,15,
2091-06-09,2091,2634,星期六,wan_phra,泰國佛日,วันพระ,Wan Phra,thai-buddhist,แรม 8 ค่ำ เดือน 7,7,23,waning,8,
2091-06-15,2091,2634,星期五,wan_phra,泰國佛日,วันพระ,Wan Phra,thai-buddhist,แรม 14 ค่ำ เดือน 7,7,29,waning,14,
2091-06-23,2091,2634,星期六,wan_phra,泰國佛日,วันพระ,Wan Phra,thai-buddhist,ขึ้น 8 ค่ำ เดือน 8,8,8,waxing,8,
2091-06-30,2091,2634,星期六,wan_phra,泰國佛日,วันพระ,Wan Phra,thai-buddhist,ขึ้น 15 ค่ำ เดือน 8,8,15,waxing,15,
2091-07-08,2091,2634,星期日,wan_phra,泰國佛日,วันพระ,Wan Phra,thai-buddhist,แรม 8 ค่ำ เดือน 8,8,23,waning,8,
2091-07-15,2091,2634,星期日,wan_phra,泰國佛日,วันพระ,Wan Phra,thai-buddhist,แรม 15 ค่ำ เดือน 8,8,30,waning,15,
2091-07-23,2091,2634,星期一,wan_phra,泰國佛日,วันพระ,Wan Phra,thai-buddhist,ขึ้น 8 ค่ำ เดือน 88,88,8,waxing,8,
2091-07-30,2091,2634,星期一,wan_phra,泰國佛日,วันพระ,Wan Phra,thai-buddhist,ขึ้น 15 ค่ำ เดือน 88,88,15,waxing,15,
2091-07-31,2091,2634,星期二,khao_phansa,入雨安居,เข้าพรรษา,Khao Phansa,thai-buddhist-major,แรม 1 ค่ำ เดือน 88,88,16,waning,1,
2091-08-07,2091,2634,星期二,wan_phra,泰國佛日,วันพระ,Wan Phra,thai-buddhist,แรม 8 ค่ำ เดือน 88,88,23,waning,8,
2091-08-14,2091,2634,星期二,wan_phra,泰國佛日,วันพระ,Wan Phra,thai-buddhist,แรม 15 ค่ำ เดือน 88,88,30,waning,15,
2091-08-22,2091,2634,星期三,wan_phra,泰國佛日,วันพระ,Wan Phra,thai-buddhist,ขึ้น 8 ค่ำ เดือน 9,9,8,waxing,8,
2091-08-29,2091,2634,星期三,wan_phra,泰國佛日,วันพระ,Wan Phra,thai-buddhist,ขึ้น 15 ค่ำ เดือน 9,9,15,waxing,15,
2091-09-06,2091,2634,星期四,wan_phra,泰國佛日,วันพระ,Wan Phra,thai-buddhist,แรม 8 ค่ำ เดือน 9,9,23,waning,8,
2091-09-12,2091,2634,星期三,wan_phra,泰國佛日,วันพระ,Wan Phra,thai-buddhist,แรม 14 ค่ำ เดือน 9,9,29,waning,14,
2091-09-20,2091,2634,星期四,wan_phra,泰國佛日,วันพระ,Wan Phra,thai-buddhist,ขึ้น 8 ค่ำ เดือน 10,10,8,waxing,8,
2091-09-27,2091,2634,星期四,wan_phra,泰國佛日,วันพระ,Wan Phra,thai-buddhist,ขึ้น 15 ค่ำ เดือน 10,10,15,waxing,15,
2091-10-05,2091,2634,星期五,wan_phra,泰國佛日,วันพระ,Wan Phra,thai-buddhist,แรม 8 ค่ำ เดือน 10,10,23,waning,8,
2091-10-12,2091,2634,星期五,wan_phra,泰國佛日,วันพระ,Wan Phra,thai-buddhist,แรม 15 ค่ำ เดือน 10,10,30,waning,15,
2091-10-20,2091,2634,星期六,wan_phra,泰國佛日,วันพระ,Wan Phra,thai-buddhist,ขึ้น 8 ค่ำ เดือน 11,11,8,waxing,8,
2091-10-27,2091,2634,星期六,ok_phansa,出雨安居,ออกพรรษา,Ok Phansa,thai-buddhist-major,ขึ้น 15 ค่ำ เดือน 11,11,15,waxing,15,
2091-10-27,2091,2634,星期六,wan_phra,泰國佛日,วันพระ,Wan Phra,thai-buddhist,ขึ้น 15 ค่ำ เดือน 11,11,15,waxing,15,
2091-11-04,2091,2634,星期日,wan_phra,泰國佛日,วันพระ,Wan Phra,thai-buddhist,แรม 8 ค่ำ เดือน 11,11,23,waning,8,
2091-11-10,2091,2634,星期六,wan_phra,泰國佛日,วันพระ,Wan Phra,thai-buddhist,แรม 14 ค่ำ เดือน 11,11,29,waning,14,
2091-11-18,2091,2634,星期日,wan_phra,泰國佛日,วันพระ,Wan Phra,thai-buddhist,ขึ้น 8 ค่ำ เดือน 12,12,8,waxing,8,
2091-11-25,2091,2634,星期日,wan_phra,泰國佛日,วันพระ,Wan Phra,thai-buddhist,ขึ้น 15 ค่ำ เดือน 12,12,15,waxing,15,
2091-12-03,2091,2634,星期一,wan_phra,泰國佛日,วันพระ,Wan Phra,thai-buddhist,แรม 8 ค่ำ เดือน 12,12,23,waning,8,
2091-12-10,2091,2634,星期一,wan_phra,泰國佛日,วันพระ,Wan Phra,thai-buddhist,แรม 15 ค่ำ เดือน 12,12,30,waning,15,
2091-12-18,2091,2634,星期二,wan_phra,泰國佛日,วันพระ,Wan Phra,thai-buddhist,ขึ้น 8 ค่ำ เดือน 1,1,8,waxing,8,
2091-12-25,2091,2634,星期二,wan_phra,泰國佛日,วันพระ,Wan Phra,thai-buddhist,ขึ้น 15 ค่ำ เดือน 1,1,15,waxing,15,
2092-01-02,2092,2635,星期三,wan_phra,泰國佛日,วันพระ,Wan Phra,thai-buddhist,แรม 8 ค่ำ เดือน 1,1,23,waning,8,
2092-01-08,2092,2635,星期二,wan_phra,泰國佛日,วันพระ,Wan Phra,thai-buddhist,แรม 14 ค่ำ เดือน 1,1,29,waning,14,
2092-01-16,2092,2635,星期三,wan_phra,泰國佛日,วันพระ,Wan Phra,thai-buddhist,ขึ้น 8 ค่ำ เดือน 2,2,8,waxing,8,
2092-01-23,2092,2635,星期三,wan_phra,泰國佛日,วันพระ,Wan Phra,thai-buddhist,ขึ้น 15 ค่ำ เดือน 2,2,15,waxing,15,
2092-01-31,2092,2635,星期四,wan_phra,泰國佛日,วันพระ,Wan Phra,thai-buddhist,แรม 8 ค่ำ เดือน 2,2,23,waning,8,
2092-02-07,2092,2635,星期四,wan_phra,泰國佛日,วันพระ,Wan Phra,thai-buddhist,แรม 15 ค่ำ เดือน 2,2,30,waning,15,
2092-02-15,2092,2635,星期五,wan_phra,泰國佛日,วันพระ,Wan Phra,thai-buddhist,ขึ้น 8 ค่ำ เดือน 3,3,8,waxing,8,
2092-02-22,2092,2635,星期五,makha_bucha,萬佛節,มาฆบูชา,Makha Bucha,thai-buddhist-major,ขึ้น 15 ค่ำ เดือน 3,3,15,waxing,15,
2092-02-22,2092,2635,星期五,wan_phra,泰國佛日,วันพระ,Wan Phra,thai-buddhist,ขึ้น 15 ค่ำ เดือน 3,3,15,waxing,15,
2092-03-01,2092,2635,星期六,wan_phra,泰國佛日,วันพระ,Wan Phra,thai-buddhist,แรม 8 ค่ำ เดือน 3,3,23,waning,8,
2092-03-07,2092,2635,星期五,wan_phra,泰國佛日,วันพระ,Wan Phra,thai-buddhist,แรม 14 ค่ำ เดือน 3,3,29,waning,14,
2092-03-15,2092,2635,星期六,wan_phra,泰國佛日,วันพระ,Wan Phra,thai-buddhist,ขึ้น 8 ค่ำ เดือน 4,4,8,waxing,8,
2092-03-22,2092,2635,星期六,wan_phra,泰國佛日,วันพระ,Wan Phra,thai-buddhist,ขึ้น 15 ค่ำ เดือน 4,4,15,waxing,15,
2092-03-30,2092,2635,星期日,wan_phra,泰國佛日,วันพระ,Wan Phra,thai-buddhist,แรม 8 ค่ำ เดือน 4,4,23,waning,8,
2092-04-06,2092,2635,星期日,wan_phra,泰國佛日,วันพระ,Wan Phra,thai-buddhist,แรม 15 ค่ำ เดือน 4,4,30,waning,15,
2092-04-14,2092,2635,星期一,wan_phra,泰國佛日,วันพระ,Wan Phra,thai-buddhist,ขึ้น 8 ค่ำ เดือน 5,5,8,waxing,8,
2092-04-21,2092,2635,星期一,wan_phra,泰國佛日,วันพระ,Wan Phra,thai-buddhist,ขึ้น 15 ค่ำ เดือน 5,5,15,waxing,15,
2092-04-26,2092,2635,星期六,sao_ha_candidate,騷哈日候選 / 稍哈日候選,เสาร์ 5,Sao Ha candidate,thai-amulet-auspicious-day,แรม 5 ค่ำ เดือน 5,5,20,waning,5,按規則產生：星期六 + 泰國陰曆 5 月 + ขึ้น 5 ค่ำ 或 แรม 5 ค่ำ。未做人工作法會或高僧認定。
2092-04-29,2092,2635,星期二,wan_phra,泰國佛日,วันพระ,Wan Phra,thai-buddhist,แรม 8 ค่ำ เดือน 5,5,23,waning,8,
2092-05-05,2092,2635,星期一,wan_phra,泰國佛日,วันพระ,Wan Phra,thai-buddhist,แรม 14 ค่ำ เดือน 5,5,29,waning,14,
2092-05-13,2092,2635,星期二,wan_phra,泰國佛日,วันพระ,Wan Phra,thai-buddhist,ขึ้น 8 ค่ำ เดือน 6,6,8,waxing,8,
2092-05-20,2092,2635,星期二,visakha_bucha,衛塞節,วิสาขบูชา,Visakha Bucha,thai-buddhist-major,ขึ้น 15 ค่ำ เดือน 6,6,15,waxing,15,
2092-05-20,2092,2635,星期二,wan_phra,泰國佛日,วันพระ,Wan Phra,thai-buddhist,ขึ้น 15 ค่ำ เดือน 6,6,15,waxing,15,
2092-05-28,2092,2635,星期三,wan_phra,泰國佛日,วันพระ,Wan Phra,thai-buddhist,แรม 8 ค่ำ เดือน 6,6,23,waning,8,
2092-06-04,2092,2635,星期三,wan_phra,泰國佛日,วันพระ,Wan Phra,thai-buddhist,แรม 15 ค่ำ เดือน 6,6,30,waning,15,
2092-06-12,2092,2635,星期四,wan_phra,泰國佛日,วันพระ,Wan Phra,thai-buddhist,ขึ้น 8 ค่ำ เดือน 7,7,8,waxing,8,
2092-06-19,2092,2635,星期四,wan_phra,泰國佛日,วันพระ,Wan Phra,thai-buddhist,ขึ้น 15 ค่ำ เดือน 7,7,15,waxing,15,
2092-06-27,2092,2635,星期五,wan_phra,泰國佛日,วันพระ,Wan Phra,thai-buddhist,แรม 8 ค่ำ เดือน 7,7,23,waning,8,
2092-07-04,2092,2635,星期五,wan_phra,泰國佛日,วันพระ,Wan Phra,thai-buddhist,แรม 15 ค่ำ เดือน 7,7,30,waning,15,
2092-07-12,2092,2635,星期六,wan_phra,泰國佛日,วันพระ,Wan Phra,thai-buddhist,ขึ้น 8 ค่ำ เดือน 8,8,8,waxing,8,
2092-07-19,2092,2635,星期六,wan_phra,泰國佛日,วันพระ,Wan Phra,thai-buddhist,ขึ้น 15 ค่ำ เดือน 8,8,15,waxing,15,
2092-07-20,2092,2635,星期日,khao_phansa,入雨安居,เข้าพรรษา,Khao Phansa,thai-buddhist-major,แรม 1 ค่ำ เดือน 8,8,16,waning,1,
2092-07-27,2092,2635,星期日,wan_phra,泰國佛日,วันพระ,Wan Phra,thai-buddhist,แรม 8 ค่ำ เดือน 8,8,23,waning,8,
2092-08-03,2092,2635,星期日,wan_phra,泰國佛日,วันพระ,Wan Phra,thai-buddhist,แรม 15 ค่ำ เดือน 8,8,30,waning,15,
2092-08-11,2092,2635,星期一,wan_phra,泰國佛日,วันพระ,Wan Phra,thai-buddhist,ขึ้น 8 ค่ำ เดือน 9,9,8,waxing,8,
2092-08-18,2092,2635,星期一,wan_phra,泰國佛日,วันพระ,Wan Phra,thai-buddhist,ขึ้น 15 ค่ำ เดือน 9,9,15,waxing,15,
2092-08-26,2092,2635,星期二,wan_phra,泰國佛日,วันพระ,Wan Phra,thai-buddhist,แรม 8 ค่ำ เดือน 9,9,23,waning,8,
2092-09-01,2092,2635,星期一,wan_phra,泰國佛日,วันพระ,Wan Phra,thai-buddhist,แรม 14 ค่ำ เดือน 9,9,29,waning,14,
2092-09-09,2092,2635,星期二,wan_phra,泰國佛日,วันพระ,Wan Phra,thai-buddhist,ขึ้น 8 ค่ำ เดือน 10,10,8,waxing,8,
2092-09-16,2092,2635,星期二,wan_phra,泰國佛日,วันพระ,Wan Phra,thai-buddhist,ขึ้น 15 ค่ำ เดือน 10,10,15,waxing,15,
2092-09-24,2092,2635,星期三,wan_phra,泰國佛日,วันพระ,Wan Phra,thai-buddhist,แรม 8 ค่ำ เดือน 10,10,23,waning,8,
2092-10-01,2092,2635,星期三,wan_phra,泰國佛日,วันพระ,Wan Phra,thai-buddhist,แรม 15 ค่ำ เดือน 10,10,30,waning,15,
2092-10-09,2092,2635,星期四,wan_phra,泰國佛日,วันพระ,Wan Phra,thai-buddhist,ขึ้น 8 ค่ำ เดือน 11,11,8,waxing,8,
2092-10-16,2092,2635,星期四,ok_phansa,出雨安居,ออกพรรษา,Ok Phansa,thai-buddhist-major,ขึ้น 15 ค่ำ เดือน 11,11,15,waxing,15,
2092-10-16,2092,2635,星期四,wan_phra,泰國佛日,วันพระ,Wan Phra,thai-buddhist,ขึ้น 15 ค่ำ เดือน 11,11,15,waxing,15,
2092-10-24,2092,2635,星期五,wan_phra,泰國佛日,วันพระ,Wan Phra,thai-buddhist,แรม 8 ค่ำ เดือน 11,11,23,waning,8,
2092-10-30,2092,2635,星期四,wan_phra,泰國佛日,วันพระ,Wan Phra,thai-buddhist,แรม 14 ค่ำ เดือน 11,11,29,waning,14,
2092-11-07,2092,2635,星期五,wan_phra,泰國佛日,วันพระ,Wan Phra,thai-buddhist,ขึ้น 8 ค่ำ เดือน 12,12,8,waxing,8,
2092-11-14,2092,2635,星期五,wan_phra,泰國佛日,วันพระ,Wan Phra,thai-buddhist,ขึ้น 15 ค่ำ เดือน 12,12,15,waxing,15,
2092-11-22,2092,2635,星期六,wan_phra,泰國佛日,วันพระ,Wan Phra,thai-buddhist,แรม 8 ค่ำ เดือน 12,12,23,waning,8,
2092-11-29,2092,2635,星期六,wan_phra,泰國佛日,วันพระ,Wan Phra,thai-buddhist,แรม 15 ค่ำ เดือน 12,12,30,waning,15,
2092-12-07,2092,2635,星期日,wan_phra,泰國佛日,วันพระ,Wan Phra,thai-buddhist,ขึ้น 8 ค่ำ เดือน 1,1,8,waxing,8,
2092-12-14,2092,2635,星期日,wan_phra,泰國佛日,วันพระ,Wan Phra,thai-buddhist,ขึ้น 15 ค่ำ เดือน 1,1,15,waxing,15,
2092-12-22,2092,2635,星期一,wan_phra,泰國佛日,วันพระ,Wan Phra,thai-buddhist,แรม 8 ค่ำ เดือน 1,1,23,waning,8,
2092-12-28,2092,2635,星期日,wan_phra,泰國佛日,วันพระ,Wan Phra,thai-buddhist,แรม 14 ค่ำ เดือน 1,1,29,waning,14,
2093-01-05,2093,2636,星期一,wan_phra,泰國佛日,วันพระ,Wan Phra,thai-buddhist,ขึ้น 8 ค่ำ เดือน 2,2,8,waxing,8,
2093-01-12,2093,2636,星期一,wan_phra,泰國佛日,วันพระ,Wan Phra,thai-buddhist,ขึ้น 15 ค่ำ เดือน 2,2,15,waxing,15,
2093-01-20,2093,2636,星期二,wan_phra,泰國佛日,วันพระ,Wan Phra,thai-buddhist,แรม 8 ค่ำ เดือน 2,2,23,waning,8,
2093-01-27,2093,2636,星期二,wan_phra,泰國佛日,วันพระ,Wan Phra,thai-buddhist,แรม 15 ค่ำ เดือน 2,2,30,waning,15,
2093-02-04,2093,2636,星期三,wan_phra,泰國佛日,วันพระ,Wan Phra,thai-buddhist,ขึ้น 8 ค่ำ เดือน 3,3,8,waxing,8,
2093-02-11,2093,2636,星期三,makha_bucha,萬佛節,มาฆบูชา,Makha Bucha,thai-buddhist-major,ขึ้น 15 ค่ำ เดือน 3,3,15,waxing,15,
2093-02-11,2093,2636,星期三,wan_phra,泰國佛日,วันพระ,Wan Phra,thai-buddhist,ขึ้น 15 ค่ำ เดือน 3,3,15,waxing,15,
2093-02-19,2093,2636,星期四,wan_phra,泰國佛日,วันพระ,Wan Phra,thai-buddhist,แรม 8 ค่ำ เดือน 3,3,23,waning,8,
2093-02-25,2093,2636,星期三,wan_phra,泰國佛日,วันพระ,Wan Phra,thai-buddhist,แรม 14 ค่ำ เดือน 3,3,29,waning,14,
2093-03-05,2093,2636,星期四,wan_phra,泰國佛日,วันพระ,Wan Phra,thai-buddhist,ขึ้น 8 ค่ำ เดือน 4,4,8,waxing,8,
2093-03-12,2093,2636,星期四,wan_phra,泰國佛日,วันพระ,Wan Phra,thai-buddhist,ขึ้น 15 ค่ำ เดือน 4,4,15,waxing,15,
2093-03-20,2093,2636,星期五,wan_phra,泰國佛日,วันพระ,Wan Phra,thai-buddhist,แรม 8 ค่ำ เดือน 4,4,23,waning,8,
2093-03-27,2093,2636,星期五,wan_phra,泰國佛日,วันพระ,Wan Phra,thai-buddhist,แรม 15 ค่ำ เดือน 4,4,30,waning,15,
2093-04-04,2093,2636,星期六,wan_phra,泰國佛日,วันพระ,Wan Phra,thai-buddhist,ขึ้น 8 ค่ำ เดือน 5,5,8,waxing,8,
2093-04-11,2093,2636,星期六,wan_phra,泰國佛日,วันพระ,Wan Phra,thai-buddhist,ขึ้น 15 ค่ำ เดือน 5,5,15,waxing,15,
2093-04-19,2093,2636,星期日,wan_phra,泰國佛日,วันพระ,Wan Phra,thai-buddhist,แรม 8 ค่ำ เดือน 5,5,23,waning,8,
2093-04-25,2093,2636,星期六,wan_phra,泰國佛日,วันพระ,Wan Phra,thai-buddhist,แรม 14 ค่ำ เดือน 5,5,29,waning,14,
2093-05-03,2093,2636,星期日,wan_phra,泰國佛日,วันพระ,Wan Phra,thai-buddhist,ขึ้น 8 ค่ำ เดือน 6,6,8,waxing,8,
2093-05-10,2093,2636,星期日,visakha_bucha,衛塞節,วิสาขบูชา,Visakha Bucha,thai-buddhist-major,ขึ้น 15 ค่ำ เดือน 6,6,15,waxing,15,
2093-05-10,2093,2636,星期日,wan_phra,泰國佛日,วันพระ,Wan Phra,thai-buddhist,ขึ้น 15 ค่ำ เดือน 6,6,15,waxing,15,
2093-05-18,2093,2636,星期一,wan_phra,泰國佛日,วันพระ,Wan Phra,thai-buddhist,แรม 8 ค่ำ เดือน 6,6,23,waning,8,
2093-05-25,2093,2636,星期一,wan_phra,泰國佛日,วันพระ,Wan Phra,thai-buddhist,แรม 15 ค่ำ เดือน 6,6,30,waning,15,
2093-06-02,2093,2636,星期二,wan_phra,泰國佛日,วันพระ,Wan Phra,thai-buddhist,ขึ้น 8 ค่ำ เดือน 7,7,8,waxing,8,
2093-06-09,2093,2636,星期二,wan_phra,泰國佛日,วันพระ,Wan Phra,thai-buddhist,ขึ้น 15 ค่ำ เดือน 7,7,15,waxing,15,
2093-06-17,2093,2636,星期三,wan_phra,泰國佛日,วันพระ,Wan Phra,thai-buddhist,แรม 8 ค่ำ เดือน 7,7,23,waning,8,
2093-06-23,2093,2636,星期二,wan_phra,泰國佛日,วันพระ,Wan Phra,thai-buddhist,แรม 14 ค่ำ เดือน 7,7,29,waning,14,
2093-07-01,2093,2636,星期三,wan_phra,泰國佛日,วันพระ,Wan Phra,thai-buddhist,ขึ้น 8 ค่ำ เดือน 8,8,8,waxing,8,
2093-07-08,2093,2636,星期三,wan_phra,泰國佛日,วันพระ,Wan Phra,thai-buddhist,ขึ้น 15 ค่ำ เดือน 8,8,15,waxing,15,
2093-07-09,2093,2636,星期四,khao_phansa,入雨安居,เข้าพรรษา,Khao Phansa,thai-buddhist-major,แรม 1 ค่ำ เดือน 8,8,16,waning,1,
2093-07-16,2093,2636,星期四,wan_phra,泰國佛日,วันพระ,Wan Phra,thai-buddhist,แรม 8 ค่ำ เดือน 8,8,23,waning,8,
2093-07-23,2093,2636,星期四,wan_phra,泰國佛日,วันพระ,Wan Phra,thai-buddhist,แรม 15 ค่ำ เดือน 8,8,30,waning,15,
2093-07-31,2093,2636,星期五,wan_phra,泰國佛日,วันพระ,Wan Phra,thai-buddhist,ขึ้น 8 ค่ำ เดือน 9,9,8,waxing,8,
2093-08-07,2093,2636,星期五,wan_phra,泰國佛日,วันพระ,Wan Phra,thai-buddhist,ขึ้น 15 ค่ำ เดือน 9,9,15,waxing,15,
2093-08-15,2093,2636,星期六,wan_phra,泰國佛日,วันพระ,Wan Phra,thai-buddhist,แรม 8 ค่ำ เดือน 9,9,23,waning,8,
2093-08-21,2093,2636,星期五,wan_phra,泰國佛日,วันพระ,Wan Phra,thai-buddhist,แรม 14 ค่ำ เดือน 9,9,29,waning,14,
2093-08-29,2093,2636,星期六,wan_phra,泰國佛日,วันพระ,Wan Phra,thai-buddhist,ขึ้น 8 ค่ำ เดือน 10,10,8,waxing,8,
2093-09-05,2093,2636,星期六,wan_phra,泰國佛日,วันพระ,Wan Phra,thai-buddhist,ขึ้น 15 ค่ำ เดือน 10,10,15,waxing,15,
2093-09-13,2093,2636,星期日,wan_phra,泰國佛日,วันพระ,Wan Phra,thai-buddhist,แรม 8 ค่ำ เดือน 10,10,23,waning,8,
2093-09-20,2093,2636,星期日,wan_phra,泰國佛日,วันพระ,Wan Phra,thai-buddhist,แรม 15 ค่ำ เดือน 10,10,30,waning,15,
2093-09-28,2093,2636,星期一,wan_phra,泰國佛日,วันพระ,Wan Phra,thai-buddhist,ขึ้น 8 ค่ำ เดือน 11,11,8,waxing,8,
2093-10-05,2093,2636,星期一,ok_phansa,出雨安居,ออกพรรษา,Ok Phansa,thai-buddhist-major,ขึ้น 15 ค่ำ เดือน 11,11,15,waxing,15,
2093-10-05,2093,2636,星期一,wan_phra,泰國佛日,วันพระ,Wan Phra,thai-buddhist,ขึ้น 15 ค่ำ เดือน 11,11,15,waxing,15,
2093-10-13,2093,2636,星期二,wan_phra,泰國佛日,วันพระ,Wan Phra,thai-buddhist,แรม 8 ค่ำ เดือน 11,11,23,waning,8,
2093-10-19,2093,2636,星期一,wan_phra,泰國佛日,วันพระ,Wan Phra,thai-buddhist,แรม 14 ค่ำ เดือน 11,11,29,waning,14,
2093-10-27,2093,2636,星期二,wan_phra,泰國佛日,วันพระ,Wan Phra,thai-buddhist,ขึ้น 8 ค่ำ เดือน 12,12,8,waxing,8,
2093-11-03,2093,2636,星期二,wan_phra,泰國佛日,วันพระ,Wan Phra,thai-buddhist,ขึ้น 15 ค่ำ เดือน 12,12,15,waxing,15,
2093-11-11,2093,2636,星期三,wan_phra,泰國佛日,วันพระ,Wan Phra,thai-buddhist,แรม 8 ค่ำ เดือน 12,12,23,waning,8,
2093-11-18,2093,2636,星期三,wan_phra,泰國佛日,วันพระ,Wan Phra,thai-buddhist,แรม 15 ค่ำ เดือน 12,12,30,waning,15,
2093-11-26,2093,2636,星期四,wan_phra,泰國佛日,วันพระ,Wan Phra,thai-buddhist,ขึ้น 8 ค่ำ เดือน 1,1,8,waxing,8,
2093-12-03,2093,2636,星期四,wan_phra,泰國佛日,วันพระ,Wan Phra,thai-buddhist,ขึ้น 15 ค่ำ เดือน 1,1,15,waxing,15,
2093-12-11,2093,2636,星期五,wan_phra,泰國佛日,วันพระ,Wan Phra,thai-buddhist,แรม 8 ค่ำ เดือน 1,1,23,waning,8,
2093-12-17,2093,2636,星期四,wan_phra,泰國佛日,วันพระ,Wan Phra,thai-buddhist,แรม 14 ค่ำ เดือน 1,1,29,waning,14,
2093-12-25,2093,2636,星期五,wan_phra,泰國佛日,วันพระ,Wan Phra,thai-buddhist,ขึ้น 8 ค่ำ เดือน 2,2,8,waxing,8,
2094-01-01,2094,2637,星期五,wan_phra,泰國佛日,วันพระ,Wan Phra,thai-buddhist,ขึ้น 15 ค่ำ เดือน 2,2,15,waxing,15,
2094-01-09,2094,2637,星期六,wan_phra,泰國佛日,วันพระ,Wan Phra,thai-buddhist,แรม 8 ค่ำ เดือน 2,2,23,waning,8,
2094-01-16,2094,2637,星期六,wan_phra,泰國佛日,วันพระ,Wan Phra,thai-buddhist,แรม 15 ค่ำ เดือน 2,2,30,waning,15,
2094-01-24,2094,2637,星期日,wan_phra,泰國佛日,วันพระ,Wan Phra,thai-buddhist,ขึ้น 8 ค่ำ เดือน 3,3,8,waxing,8,
2094-01-31,2094,2637,星期日,wan_phra,泰國佛日,วันพระ,Wan Phra,thai-buddhist,ขึ้น 15 ค่ำ เดือน 3,3,15,waxing,15,
2094-02-08,2094,2637,星期一,wan_phra,泰國佛日,วันพระ,Wan Phra,thai-buddhist,แรม 8 ค่ำ เดือน 3,3,23,waning,8,
2094-02-14,2094,2637,星期日,wan_phra,泰國佛日,วันพระ,Wan Phra,thai-buddhist,แรม 14 ค่ำ เดือน 3,3,29,waning,14,
2094-02-22,2094,2637,星期一,wan_phra,泰國佛日,วันพระ,Wan Phra,thai-buddhist,ขึ้น 8 ค่ำ เดือน 4,4,8,waxing,8,
2094-03-01,2094,2637,星期一,makha_bucha,萬佛節,มาฆบูชา,Makha Bucha,thai-buddhist-major,ขึ้น 15 ค่ำ เดือน 4,4,15,waxing,15,
2094-03-01,2094,2637,星期一,wan_phra,泰國佛日,วันพระ,Wan Phra,thai-buddhist,ขึ้น 15 ค่ำ เดือน 4,4,15,waxing,15,
2094-03-09,2094,2637,星期二,wan_phra,泰國佛日,วันพระ,Wan Phra,thai-buddhist,แรม 8 ค่ำ เดือน 4,4,23,waning,8,
2094-03-16,2094,2637,星期二,wan_phra,泰國佛日,วันพระ,Wan Phra,thai-buddhist,แรม 15 ค่ำ เดือน 4,4,30,waning,15,
2094-03-24,2094,2637,星期三,wan_phra,泰國佛日,วันพระ,Wan Phra,thai-buddhist,ขึ้น 8 ค่ำ เดือน 5,5,8,waxing,8,
2094-03-31,2094,2637,星期三,wan_phra,泰國佛日,วันพระ,Wan Phra,thai-buddhist,ขึ้น 15 ค่ำ เดือน 5,5,15,waxing,15,
2094-04-08,2094,2637,星期四,wan_phra,泰國佛日,วันพระ,Wan Phra,thai-buddhist,แรม 8 ค่ำ เดือน 5,5,23,waning,8,
2094-04-14,2094,2637,星期三,wan_phra,泰國佛日,วันพระ,Wan Phra,thai-buddhist,แรม 14 ค่ำ เดือน 5,5,29,waning,14,
2094-04-22,2094,2637,星期四,wan_phra,泰國佛日,วันพระ,Wan Phra,thai-buddhist,ขึ้น 8 ค่ำ เดือน 6,6,8,waxing,8,
2094-04-29,2094,2637,星期四,wan_phra,泰國佛日,วันพระ,Wan Phra,thai-buddhist,ขึ้น 15 ค่ำ เดือน 6,6,15,waxing,15,
2094-05-07,2094,2637,星期五,wan_phra,泰國佛日,วันพระ,Wan Phra,thai-buddhist,แรม 8 ค่ำ เดือน 6,6,23,waning,8,
2094-05-14,2094,2637,星期五,wan_phra,泰國佛日,วันพระ,Wan Phra,thai-buddhist,แรม 15 ค่ำ เดือน 6,6,30,waning,15,
2094-05-22,2094,2637,星期六,wan_phra,泰國佛日,วันพระ,Wan Phra,thai-buddhist,ขึ้น 8 ค่ำ เดือน 7,7,8,waxing,8,
2094-05-29,2094,2637,星期六,visakha_bucha,衛塞節,วิสาขบูชา,Visakha Bucha,thai-buddhist-major,ขึ้น 15 ค่ำ เดือน 7,7,15,waxing,15,
2094-05-29,2094,2637,星期六,wan_phra,泰國佛日,วันพระ,Wan Phra,thai-buddhist,ขึ้น 15 ค่ำ เดือน 7,7,15,waxing,15,
2094-06-06,2094,2637,星期日,wan_phra,泰國佛日,วันพระ,Wan Phra,thai-buddhist,แรม 8 ค่ำ เดือน 7,7,23,waning,8,
2094-06-12,2094,2637,星期六,wan_phra,泰國佛日,วันพระ,Wan Phra,thai-buddhist,แรม 14 ค่ำ เดือน 7,7,29,waning,14,
2094-06-20,2094,2637,星期日,wan_phra,泰國佛日,วันพระ,Wan Phra,thai-buddhist,ขึ้น 8 ค่ำ เดือน 8,8,8,waxing,8,
2094-06-27,2094,2637,星期日,wan_phra,泰國佛日,วันพระ,Wan Phra,thai-buddhist,ขึ้น 15 ค่ำ เดือน 8,8,15,waxing,15,
2094-07-05,2094,2637,星期一,wan_phra,泰國佛日,วันพระ,Wan Phra,thai-buddhist,แรม 8 ค่ำ เดือน 8,8,23,waning,8,
2094-07-12,2094,2637,星期一,wan_phra,泰國佛日,วันพระ,Wan Phra,thai-buddhist,แรม 15 ค่ำ เดือน 8,8,30,waning,15,
2094-07-20,2094,2637,星期二,wan_phra,泰國佛日,วันพระ,Wan Phra,thai-buddhist,ขึ้น 8 ค่ำ เดือน 88,88,8,waxing,8,
2094-07-27,2094,2637,星期二,wan_phra,泰國佛日,วันพระ,Wan Phra,thai-buddhist,ขึ้น 15 ค่ำ เดือน 88,88,15,waxing,15,
2094-07-28,2094,2637,星期三,khao_phansa,入雨安居,เข้าพรรษา,Khao Phansa,thai-buddhist-major,แรม 1 ค่ำ เดือน 88,88,16,waning,1,
2094-08-04,2094,2637,星期三,wan_phra,泰國佛日,วันพระ,Wan Phra,thai-buddhist,แรม 8 ค่ำ เดือน 88,88,23,waning,8,
2094-08-11,2094,2637,星期三,wan_phra,泰國佛日,วันพระ,Wan Phra,thai-buddhist,แรม 15 ค่ำ เดือน 88,88,30,waning,15,
2094-08-19,2094,2637,星期四,wan_phra,泰國佛日,วันพระ,Wan Phra,thai-buddhist,ขึ้น 8 ค่ำ เดือน 9,9,8,waxing,8,
2094-08-26,2094,2637,星期四,wan_phra,泰國佛日,วันพระ,Wan Phra,thai-buddhist,ขึ้น 15 ค่ำ เดือน 9,9,15,waxing,15,
2094-09-03,2094,2637,星期五,wan_phra,泰國佛日,วันพระ,Wan Phra,thai-buddhist,แรม 8 ค่ำ เดือน 9,9,23,waning,8,
2094-09-09,2094,2637,星期四,wan_phra,泰國佛日,วันพระ,Wan Phra,thai-buddhist,แรม 14 ค่ำ เดือน 9,9,29,waning,14,
2094-09-17,2094,2637,星期五,wan_phra,泰國佛日,วันพระ,Wan Phra,thai-buddhist,ขึ้น 8 ค่ำ เดือน 10,10,8,waxing,8,
2094-09-24,2094,2637,星期五,wan_phra,泰國佛日,วันพระ,Wan Phra,thai-buddhist,ขึ้น 15 ค่ำ เดือน 10,10,15,waxing,15,
2094-10-02,2094,2637,星期六,wan_phra,泰國佛日,วันพระ,Wan Phra,thai-buddhist,แรม 8 ค่ำ เดือน 10,10,23,waning,8,
2094-10-09,2094,2637,星期六,wan_phra,泰國佛日,วันพระ,Wan Phra,thai-buddhist,แรม 15 ค่ำ เดือน 10,10,30,waning,15,
2094-10-17,2094,2637,星期日,wan_phra,泰國佛日,วันพระ,Wan Phra,thai-buddhist,ขึ้น 8 ค่ำ เดือน 11,11,8,waxing,8,
2094-10-24,2094,2637,星期日,ok_phansa,出雨安居,ออกพรรษา,Ok Phansa,thai-buddhist-major,ขึ้น 15 ค่ำ เดือน 11,11,15,waxing,15,
2094-10-24,2094,2637,星期日,wan_phra,泰國佛日,วันพระ,Wan Phra,thai-buddhist,ขึ้น 15 ค่ำ เดือน 11,11,15,waxing,15,
2094-11-01,2094,2637,星期一,wan_phra,泰國佛日,วันพระ,Wan Phra,thai-buddhist,แรม 8 ค่ำ เดือน 11,11,23,waning,8,
2094-11-07,2094,2637,星期日,wan_phra,泰國佛日,วันพระ,Wan Phra,thai-buddhist,แรม 14 ค่ำ เดือน 11,11,29,waning,14,
2094-11-15,2094,2637,星期一,wan_phra,泰國佛日,วันพระ,Wan Phra,thai-buddhist,ขึ้น 8 ค่ำ เดือน 12,12,8,waxing,8,
2094-11-22,2094,2637,星期一,wan_phra,泰國佛日,วันพระ,Wan Phra,thai-buddhist,ขึ้น 15 ค่ำ เดือน 12,12,15,waxing,15,
2094-11-30,2094,2637,星期二,wan_phra,泰國佛日,วันพระ,Wan Phra,thai-buddhist,แรม 8 ค่ำ เดือน 12,12,23,waning,8,
2094-12-07,2094,2637,星期二,wan_phra,泰國佛日,วันพระ,Wan Phra,thai-buddhist,แรม 15 ค่ำ เดือน 12,12,30,waning,15,
2094-12-15,2094,2637,星期三,wan_phra,泰國佛日,วันพระ,Wan Phra,thai-buddhist,ขึ้น 8 ค่ำ เดือน 1,1,8,waxing,8,
2094-12-22,2094,2637,星期三,wan_phra,泰國佛日,วันพระ,Wan Phra,thai-buddhist,ขึ้น 15 ค่ำ เดือน 1,1,15,waxing,15,
2094-12-30,2094,2637,星期四,wan_phra,泰國佛日,วันพระ,Wan Phra,thai-buddhist,แรม 8 ค่ำ เดือน 1,1,23,waning,8,
2095-01-05,2095,2638,星期三,wan_phra,泰國佛日,วันพระ,Wan Phra,thai-buddhist,แรม 14 ค่ำ เดือน 1,1,29,waning,14,
2095-01-13,2095,2638,星期四,wan_phra,泰國佛日,วันพระ,Wan Phra,thai-buddhist,ขึ้น 8 ค่ำ เดือน 2,2,8,waxing,8,
2095-01-20,2095,2638,星期四,wan_phra,泰國佛日,วันพระ,Wan Phra,thai-buddhist,ขึ้น 15 ค่ำ เดือน 2,2,15,waxing,15,
2095-01-28,2095,2638,星期五,wan_phra,泰國佛日,วันพระ,Wan Phra,thai-buddhist,แรม 8 ค่ำ เดือน 2,2,23,waning,8,
2095-02-04,2095,2638,星期五,wan_phra,泰國佛日,วันพระ,Wan Phra,thai-buddhist,แรม 15 ค่ำ เดือน 2,2,30,waning,15,
2095-02-12,2095,2638,星期六,wan_phra,泰國佛日,วันพระ,Wan Phra,thai-buddhist,ขึ้น 8 ค่ำ เดือน 3,3,8,waxing,8,
2095-02-19,2095,2638,星期六,makha_bucha,萬佛節,มาฆบูชา,Makha Bucha,thai-buddhist-major,ขึ้น 15 ค่ำ เดือน 3,3,15,waxing,15,
2095-02-19,2095,2638,星期六,wan_phra,泰國佛日,วันพระ,Wan Phra,thai-buddhist,ขึ้น 15 ค่ำ เดือน 3,3,15,waxing,15,
2095-02-27,2095,2638,星期日,wan_phra,泰國佛日,วันพระ,Wan Phra,thai-buddhist,แรม 8 ค่ำ เดือน 3,3,23,waning,8,
2095-03-05,2095,2638,星期六,wan_phra,泰國佛日,วันพระ,Wan Phra,thai-buddhist,แรม 14 ค่ำ เดือน 3,3,29,waning,14,
2095-03-13,2095,2638,星期日,wan_phra,泰國佛日,วันพระ,Wan Phra,thai-buddhist,ขึ้น 8 ค่ำ เดือน 4,4,8,waxing,8,
2095-03-20,2095,2638,星期日,wan_phra,泰國佛日,วันพระ,Wan Phra,thai-buddhist,ขึ้น 15 ค่ำ เดือน 4,4,15,waxing,15,
2095-03-28,2095,2638,星期一,wan_phra,泰國佛日,วันพระ,Wan Phra,thai-buddhist,แรม 8 ค่ำ เดือน 4,4,23,waning,8,
2095-04-04,2095,2638,星期一,wan_phra,泰國佛日,วันพระ,Wan Phra,thai-buddhist,แรม 15 ค่ำ เดือน 4,4,30,waning,15,
2095-04-09,2095,2638,星期六,sao_ha_candidate,騷哈日候選 / 稍哈日候選,เสาร์ 5,Sao Ha candidate,thai-amulet-auspicious-day,ขึ้น 5 ค่ำ เดือน 5,5,5,waxing,5,按規則產生：星期六 + 泰國陰曆 5 月 + ขึ้น 5 ค่ำ 或 แรม 5 ค่ำ。未做人工作法會或高僧認定。
2095-04-12,2095,2638,星期二,wan_phra,泰國佛日,วันพระ,Wan Phra,thai-buddhist,ขึ้น 8 ค่ำ เดือน 5,5,8,waxing,8,
2095-04-19,2095,2638,星期二,wan_phra,泰國佛日,วันพระ,Wan Phra,thai-buddhist,ขึ้น 15 ค่ำ เดือน 5,5,15,waxing,15,
2095-04-27,2095,2638,星期三,wan_phra,泰國佛日,วันพระ,Wan Phra,thai-buddhist,แรม 8 ค่ำ เดือน 5,5,23,waning,8,
2095-05-03,2095,2638,星期二,wan_phra,泰國佛日,วันพระ,Wan Phra,thai-buddhist,แรม 14 ค่ำ เดือน 5,5,29,waning,14,
2095-05-11,2095,2638,星期三,wan_phra,泰國佛日,วันพระ,Wan Phra,thai-buddhist,ขึ้น 8 ค่ำ เดือน 6,6,8,waxing,8,
2095-05-18,2095,2638,星期三,visakha_bucha,衛塞節,วิสาขบูชา,Visakha Bucha,thai-buddhist-major,ขึ้น 15 ค่ำ เดือน 6,6,15,waxing,15,
2095-05-18,2095,2638,星期三,wan_phra,泰國佛日,วันพระ,Wan Phra,thai-buddhist,ขึ้น 15 ค่ำ เดือน 6,6,15,waxing,15,
2095-05-26,2095,2638,星期四,wan_phra,泰國佛日,วันพระ,Wan Phra,thai-buddhist,แรม 8 ค่ำ เดือน 6,6,23,waning,8,
2095-06-02,2095,2638,星期四,wan_phra,泰國佛日,วันพระ,Wan Phra,thai-buddhist,แรม 15 ค่ำ เดือน 6,6,30,waning,15,
2095-06-10,2095,2638,星期五,wan_phra,泰國佛日,วันพระ,Wan Phra,thai-buddhist,ขึ้น 8 ค่ำ เดือน 7,7,8,waxing,8,
2095-06-17,2095,2638,星期五,wan_phra,泰國佛日,วันพระ,Wan Phra,thai-buddhist,ขึ้น 15 ค่ำ เดือน 7,7,15,waxing,15,
2095-06-25,2095,2638,星期六,wan_phra,泰國佛日,วันพระ,Wan Phra,thai-buddhist,แรม 8 ค่ำ เดือน 7,7,23,waning,8,
2095-07-01,2095,2638,星期五,wan_phra,泰國佛日,วันพระ,Wan Phra,thai-buddhist,แรม 14 ค่ำ เดือน 7,7,29,waning,14,
2095-07-09,2095,2638,星期六,wan_phra,泰國佛日,วันพระ,Wan Phra,thai-buddhist,ขึ้น 8 ค่ำ เดือน 8,8,8,waxing,8,
2095-07-16,2095,2638,星期六,wan_phra,泰國佛日,วันพระ,Wan Phra,thai-buddhist,ขึ้น 15 ค่ำ เดือน 8,8,15,waxing,15,
2095-07-17,2095,2638,星期日,khao_phansa,入雨安居,เข้าพรรษา,Khao Phansa,thai-buddhist-major,แรม 1 ค่ำ เดือน 8,8,16,waning,1,
2095-07-24,2095,2638,星期日,wan_phra,泰國佛日,วันพระ,Wan Phra,thai-buddhist,แรม 8 ค่ำ เดือน 8,8,23,waning,8,
2095-07-31,2095,2638,星期日,wan_phra,泰國佛日,วันพระ,Wan Phra,thai-buddhist,แรม 15 ค่ำ เดือน 8,8,30,waning,15,
2095-08-08,2095,2638,星期一,wan_phra,泰國佛日,วันพระ,Wan Phra,thai-buddhist,ขึ้น 8 ค่ำ เดือน 9,9,8,waxing,8,
2095-08-15,2095,2638,星期一,wan_phra,泰國佛日,วันพระ,Wan Phra,thai-buddhist,ขึ้น 15 ค่ำ เดือน 9,9,15,waxing,15,
2095-08-23,2095,2638,星期二,wan_phra,泰國佛日,วันพระ,Wan Phra,thai-buddhist,แรม 8 ค่ำ เดือน 9,9,23,waning,8,
2095-08-29,2095,2638,星期一,wan_phra,泰國佛日,วันพระ,Wan Phra,thai-buddhist,แรม 14 ค่ำ เดือน 9,9,29,waning,14,
2095-09-06,2095,2638,星期二,wan_phra,泰國佛日,วันพระ,Wan Phra,thai-buddhist,ขึ้น 8 ค่ำ เดือน 10,10,8,waxing,8,
2095-09-13,2095,2638,星期二,wan_phra,泰國佛日,วันพระ,Wan Phra,thai-buddhist,ขึ้น 15 ค่ำ เดือน 10,10,15,waxing,15,
2095-09-21,2095,2638,星期三,wan_phra,泰國佛日,วันพระ,Wan Phra,thai-buddhist,แรม 8 ค่ำ เดือน 10,10,23,waning,8,
2095-09-28,2095,2638,星期三,wan_phra,泰國佛日,วันพระ,Wan Phra,thai-buddhist,แรม 15 ค่ำ เดือน 10,10,30,waning,15,
2095-10-06,2095,2638,星期四,wan_phra,泰國佛日,วันพระ,Wan Phra,thai-buddhist,ขึ้น 8 ค่ำ เดือน 11,11,8,waxing,8,
2095-10-13,2095,2638,星期四,ok_phansa,出雨安居,ออกพรรษา,Ok Phansa,thai-buddhist-major,ขึ้น 15 ค่ำ เดือน 11,11,15,waxing,15,
2095-10-13,2095,2638,星期四,wan_phra,泰國佛日,วันพระ,Wan Phra,thai-buddhist,ขึ้น 15 ค่ำ เดือน 11,11,15,waxing,15,
2095-10-21,2095,2638,星期五,wan_phra,泰國佛日,วันพระ,Wan Phra,thai-buddhist,แรม 8 ค่ำ เดือน 11,11,23,waning,8,
2095-10-27,2095,2638,星期四,wan_phra,泰國佛日,วันพระ,Wan Phra,thai-buddhist,แรม 14 ค่ำ เดือน 11,11,29,waning,14,
2095-11-04,2095,2638,星期五,wan_phra,泰國佛日,วันพระ,Wan Phra,thai-buddhist,ขึ้น 8 ค่ำ เดือน 12,12,8,waxing,8,
2095-11-11,2095,2638,星期五,wan_phra,泰國佛日,วันพระ,Wan Phra,thai-buddhist,ขึ้น 15 ค่ำ เดือน 12,12,15,waxing,15,
2095-11-19,2095,2638,星期六,wan_phra,泰國佛日,วันพระ,Wan Phra,thai-buddhist,แรม 8 ค่ำ เดือน 12,12,23,waning,8,
2095-11-26,2095,2638,星期六,wan_phra,泰國佛日,วันพระ,Wan Phra,thai-buddhist,แรม 15 ค่ำ เดือน 12,12,30,waning,15,
2095-12-04,2095,2638,星期日,wan_phra,泰國佛日,วันพระ,Wan Phra,thai-buddhist,ขึ้น 8 ค่ำ เดือน 1,1,8,waxing,8,
2095-12-11,2095,2638,星期日,wan_phra,泰國佛日,วันพระ,Wan Phra,thai-buddhist,ขึ้น 15 ค่ำ เดือน 1,1,15,waxing,15,
2095-12-19,2095,2638,星期一,wan_phra,泰國佛日,วันพระ,Wan Phra,thai-buddhist,แรม 8 ค่ำ เดือน 1,1,23,waning,8,
2095-12-25,2095,2638,星期日,wan_phra,泰國佛日,วันพระ,Wan Phra,thai-buddhist,แรม 14 ค่ำ เดือน 1,1,29,waning,14,
2096-01-02,2096,2639,星期一,wan_phra,泰國佛日,วันพระ,Wan Phra,thai-buddhist,ขึ้น 8 ค่ำ เดือน 2,2,8,waxing,8,
2096-01-09,2096,2639,星期一,wan_phra,泰國佛日,วันพระ,Wan Phra,thai-buddhist,ขึ้น 15 ค่ำ เดือน 2,2,15,waxing,15,
2096-01-17,2096,2639,星期二,wan_phra,泰國佛日,วันพระ,Wan Phra,thai-buddhist,แรม 8 ค่ำ เดือน 2,2,23,waning,8,
2096-01-24,2096,2639,星期二,wan_phra,泰國佛日,วันพระ,Wan Phra,thai-buddhist,แรม 15 ค่ำ เดือน 2,2,30,waning,15,
2096-02-01,2096,2639,星期三,wan_phra,泰國佛日,วันพระ,Wan Phra,thai-buddhist,ขึ้น 8 ค่ำ เดือน 3,3,8,waxing,8,
2096-02-08,2096,2639,星期三,makha_bucha,萬佛節,มาฆบูชา,Makha Bucha,thai-buddhist-major,ขึ้น 15 ค่ำ เดือน 3,3,15,waxing,15,
2096-02-08,2096,2639,星期三,wan_phra,泰國佛日,วันพระ,Wan Phra,thai-buddhist,ขึ้น 15 ค่ำ เดือน 3,3,15,waxing,15,
2096-02-16,2096,2639,星期四,wan_phra,泰國佛日,วันพระ,Wan Phra,thai-buddhist,แรม 8 ค่ำ เดือน 3,3,23,waning,8,
2096-02-22,2096,2639,星期三,wan_phra,泰國佛日,วันพระ,Wan Phra,thai-buddhist,แรม 14 ค่ำ เดือน 3,3,29,waning,14,
2096-03-01,2096,2639,星期四,wan_phra,泰國佛日,วันพระ,Wan Phra,thai-buddhist,ขึ้น 8 ค่ำ เดือน 4,4,8,waxing,8,
2096-03-08,2096,2639,星期四,wan_phra,泰國佛日,วันพระ,Wan Phra,thai-buddhist,ขึ้น 15 ค่ำ เดือน 4,4,15,waxing,15,
2096-03-16,2096,2639,星期五,wan_phra,泰國佛日,วันพระ,Wan Phra,thai-buddhist,แรม 8 ค่ำ เดือน 4,4,23,waning,8,
2096-03-23,2096,2639,星期五,wan_phra,泰國佛日,วันพระ,Wan Phra,thai-buddhist,แรม 15 ค่ำ เดือน 4,4,30,waning,15,
2096-03-31,2096,2639,星期六,wan_phra,泰國佛日,วันพระ,Wan Phra,thai-buddhist,ขึ้น 8 ค่ำ เดือน 5,5,8,waxing,8,
2096-04-07,2096,2639,星期六,wan_phra,泰國佛日,วันพระ,Wan Phra,thai-buddhist,ขึ้น 15 ค่ำ เดือน 5,5,15,waxing,15,
2096-04-15,2096,2639,星期日,wan_phra,泰國佛日,วันพระ,Wan Phra,thai-buddhist,แรม 8 ค่ำ เดือน 5,5,23,waning,8,
2096-04-21,2096,2639,星期六,wan_phra,泰國佛日,วันพระ,Wan Phra,thai-buddhist,แรม 14 ค่ำ เดือน 5,5,29,waning,14,
2096-04-29,2096,2639,星期日,wan_phra,泰國佛日,วันพระ,Wan Phra,thai-buddhist,ขึ้น 8 ค่ำ เดือน 6,6,8,waxing,8,
2096-05-06,2096,2639,星期日,visakha_bucha,衛塞節,วิสาขบูชา,Visakha Bucha,thai-buddhist-major,ขึ้น 15 ค่ำ เดือน 6,6,15,waxing,15,
2096-05-06,2096,2639,星期日,wan_phra,泰國佛日,วันพระ,Wan Phra,thai-buddhist,ขึ้น 15 ค่ำ เดือน 6,6,15,waxing,15,
2096-05-14,2096,2639,星期一,wan_phra,泰國佛日,วันพระ,Wan Phra,thai-buddhist,แรม 8 ค่ำ เดือน 6,6,23,waning,8,
2096-05-21,2096,2639,星期一,wan_phra,泰國佛日,วันพระ,Wan Phra,thai-buddhist,แรม 15 ค่ำ เดือน 6,6,30,waning,15,
2096-05-29,2096,2639,星期二,wan_phra,泰國佛日,วันพระ,Wan Phra,thai-buddhist,ขึ้น 8 ค่ำ เดือน 7,7,8,waxing,8,
2096-06-05,2096,2639,星期二,wan_phra,泰國佛日,วันพระ,Wan Phra,thai-buddhist,ขึ้น 15 ค่ำ เดือน 7,7,15,waxing,15,
2096-06-13,2096,2639,星期三,wan_phra,泰國佛日,วันพระ,Wan Phra,thai-buddhist,แรม 8 ค่ำ เดือน 7,7,23,waning,8,
2096-06-20,2096,2639,星期三,wan_phra,泰國佛日,วันพระ,Wan Phra,thai-buddhist,แรม 15 ค่ำ เดือน 7,7,30,waning,15,
2096-06-28,2096,2639,星期四,wan_phra,泰國佛日,วันพระ,Wan Phra,thai-buddhist,ขึ้น 8 ค่ำ เดือน 8,8,8,waxing,8,
2096-07-05,2096,2639,星期四,wan_phra,泰國佛日,วันพระ,Wan Phra,thai-buddhist,ขึ้น 15 ค่ำ เดือน 8,8,15,waxing,15,
2096-07-06,2096,2639,星期五,khao_phansa,入雨安居,เข้าพรรษา,Khao Phansa,thai-buddhist-major,แรม 1 ค่ำ เดือน 8,8,16,waning,1,
2096-07-13,2096,2639,星期五,wan_phra,泰國佛日,วันพระ,Wan Phra,thai-buddhist,แรม 8 ค่ำ เดือน 8,8,23,waning,8,
2096-07-20,2096,2639,星期五,wan_phra,泰國佛日,วันพระ,Wan Phra,thai-buddhist,แรม 15 ค่ำ เดือน 8,8,30,waning,15,
2096-07-28,2096,2639,星期六,wan_phra,泰國佛日,วันพระ,Wan Phra,thai-buddhist,ขึ้น 8 ค่ำ เดือน 9,9,8,waxing,8,
2096-08-04,2096,2639,星期六,wan_phra,泰國佛日,วันพระ,Wan Phra,thai-buddhist,ขึ้น 15 ค่ำ เดือน 9,9,15,waxing,15,
2096-08-12,2096,2639,星期日,wan_phra,泰國佛日,วันพระ,Wan Phra,thai-buddhist,แรม 8 ค่ำ เดือน 9,9,23,waning,8,
2096-08-18,2096,2639,星期六,wan_phra,泰國佛日,วันพระ,Wan Phra,thai-buddhist,แรม 14 ค่ำ เดือน 9,9,29,waning,14,
2096-08-26,2096,2639,星期日,wan_phra,泰國佛日,วันพระ,Wan Phra,thai-buddhist,ขึ้น 8 ค่ำ เดือน 10,10,8,waxing,8,
2096-09-02,2096,2639,星期日,wan_phra,泰國佛日,วันพระ,Wan Phra,thai-buddhist,ขึ้น 15 ค่ำ เดือน 10,10,15,waxing,15,
2096-09-10,2096,2639,星期一,wan_phra,泰國佛日,วันพระ,Wan Phra,thai-buddhist,แรม 8 ค่ำ เดือน 10,10,23,waning,8,
2096-09-17,2096,2639,星期一,wan_phra,泰國佛日,วันพระ,Wan Phra,thai-buddhist,แรม 15 ค่ำ เดือน 10,10,30,waning,15,
2096-09-25,2096,2639,星期二,wan_phra,泰國佛日,วันพระ,Wan Phra,thai-buddhist,ขึ้น 8 ค่ำ เดือน 11,11,8,waxing,8,
2096-10-02,2096,2639,星期二,ok_phansa,出雨安居,ออกพรรษา,Ok Phansa,thai-buddhist-major,ขึ้น 15 ค่ำ เดือน 11,11,15,waxing,15,
2096-10-02,2096,2639,星期二,wan_phra,泰國佛日,วันพระ,Wan Phra,thai-buddhist,ขึ้น 15 ค่ำ เดือน 11,11,15,waxing,15,
2096-10-10,2096,2639,星期三,wan_phra,泰國佛日,วันพระ,Wan Phra,thai-buddhist,แรม 8 ค่ำ เดือน 11,11,23,waning,8,
2096-10-16,2096,2639,星期二,wan_phra,泰國佛日,วันพระ,Wan Phra,thai-buddhist,แรม 14 ค่ำ เดือน 11,11,29,waning,14,
2096-10-24,2096,2639,星期三,wan_phra,泰國佛日,วันพระ,Wan Phra,thai-buddhist,ขึ้น 8 ค่ำ เดือน 12,12,8,waxing,8,
2096-10-31,2096,2639,星期三,wan_phra,泰國佛日,วันพระ,Wan Phra,thai-buddhist,ขึ้น 15 ค่ำ เดือน 12,12,15,waxing,15,
2096-11-08,2096,2639,星期四,wan_phra,泰國佛日,วันพระ,Wan Phra,thai-buddhist,แรม 8 ค่ำ เดือน 12,12,23,waning,8,
2096-11-15,2096,2639,星期四,wan_phra,泰國佛日,วันพระ,Wan Phra,thai-buddhist,แรม 15 ค่ำ เดือน 12,12,30,waning,15,
2096-11-23,2096,2639,星期五,wan_phra,泰國佛日,วันพระ,Wan Phra,thai-buddhist,ขึ้น 8 ค่ำ เดือน 1,1,8,waxing,8,
2096-11-30,2096,2639,星期五,wan_phra,泰國佛日,วันพระ,Wan Phra,thai-buddhist,ขึ้น 15 ค่ำ เดือน 1,1,15,waxing,15,
2096-12-08,2096,2639,星期六,wan_phra,泰國佛日,วันพระ,Wan Phra,thai-buddhist,แรม 8 ค่ำ เดือน 1,1,23,waning,8,
2096-12-14,2096,2639,星期五,wan_phra,泰國佛日,วันพระ,Wan Phra,thai-buddhist,แรม 14 ค่ำ เดือน 1,1,29,waning,14,
2096-12-22,2096,2639,星期六,wan_phra,泰國佛日,วันพระ,Wan Phra,thai-buddhist,ขึ้น 8 ค่ำ เดือน 2,2,8,waxing,8,
2096-12-29,2096,2639,星期六,wan_phra,泰國佛日,วันพระ,Wan Phra,thai-buddhist,ขึ้น 15 ค่ำ เดือน 2,2,15,waxing,15,
2097-01-06,2097,2640,星期日,wan_phra,泰國佛日,วันพระ,Wan Phra,thai-buddhist,แรม 8 ค่ำ เดือน 2,2,23,waning,8,
2097-01-13,2097,2640,星期日,wan_phra,泰國佛日,วันพระ,Wan Phra,thai-buddhist,แรม 15 ค่ำ เดือน 2,2,30,waning,15,
2097-01-21,2097,2640,星期一,wan_phra,泰國佛日,วันพระ,Wan Phra,thai-buddhist,ขึ้น 8 ค่ำ เดือน 3,3,8,waxing,8,
2097-01-28,2097,2640,星期一,wan_phra,泰國佛日,วันพระ,Wan Phra,thai-buddhist,ขึ้น 15 ค่ำ เดือน 3,3,15,waxing,15,
2097-02-05,2097,2640,星期二,wan_phra,泰國佛日,วันพระ,Wan Phra,thai-buddhist,แรม 8 ค่ำ เดือน 3,3,23,waning,8,
2097-02-11,2097,2640,星期一,wan_phra,泰國佛日,วันพระ,Wan Phra,thai-buddhist,แรม 14 ค่ำ เดือน 3,3,29,waning,14,
2097-02-19,2097,2640,星期二,wan_phra,泰國佛日,วันพระ,Wan Phra,thai-buddhist,ขึ้น 8 ค่ำ เดือน 4,4,8,waxing,8,
2097-02-26,2097,2640,星期二,makha_bucha,萬佛節,มาฆบูชา,Makha Bucha,thai-buddhist-major,ขึ้น 15 ค่ำ เดือน 4,4,15,waxing,15,
2097-02-26,2097,2640,星期二,wan_phra,泰國佛日,วันพระ,Wan Phra,thai-buddhist,ขึ้น 15 ค่ำ เดือน 4,4,15,waxing,15,
2097-03-06,2097,2640,星期三,wan_phra,泰國佛日,วันพระ,Wan Phra,thai-buddhist,แรม 8 ค่ำ เดือน 4,4,23,waning,8,
2097-03-13,2097,2640,星期三,wan_phra,泰國佛日,วันพระ,Wan Phra,thai-buddhist,แรม 15 ค่ำ เดือน 4,4,30,waning,15,
2097-03-21,2097,2640,星期四,wan_phra,泰國佛日,วันพระ,Wan Phra,thai-buddhist,ขึ้น 8 ค่ำ เดือน 5,5,8,waxing,8,
2097-03-28,2097,2640,星期四,wan_phra,泰國佛日,วันพระ,Wan Phra,thai-buddhist,ขึ้น 15 ค่ำ เดือน 5,5,15,waxing,15,
2097-04-05,2097,2640,星期五,wan_phra,泰國佛日,วันพระ,Wan Phra,thai-buddhist,แรม 8 ค่ำ เดือน 5,5,23,waning,8,
2097-04-11,2097,2640,星期四,wan_phra,泰國佛日,วันพระ,Wan Phra,thai-buddhist,แรม 14 ค่ำ เดือน 5,5,29,waning,14,
2097-04-19,2097,2640,星期五,wan_phra,泰國佛日,วันพระ,Wan Phra,thai-buddhist,ขึ้น 8 ค่ำ เดือน 6,6,8,waxing,8,
2097-04-26,2097,2640,星期五,wan_phra,泰國佛日,วันพระ,Wan Phra,thai-buddhist,ขึ้น 15 ค่ำ เดือน 6,6,15,waxing,15,
2097-05-04,2097,2640,星期六,wan_phra,泰國佛日,วันพระ,Wan Phra,thai-buddhist,แรม 8 ค่ำ เดือน 6,6,23,waning,8,
2097-05-11,2097,2640,星期六,wan_phra,泰國佛日,วันพระ,Wan Phra,thai-buddhist,แรม 15 ค่ำ เดือน 6,6,30,waning,15,
2097-05-19,2097,2640,星期日,wan_phra,泰國佛日,วันพระ,Wan Phra,thai-buddhist,ขึ้น 8 ค่ำ เดือน 7,7,8,waxing,8,
2097-05-26,2097,2640,星期日,visakha_bucha,衛塞節,วิสาขบูชา,Visakha Bucha,thai-buddhist-major,ขึ้น 15 ค่ำ เดือน 7,7,15,waxing,15,
2097-05-26,2097,2640,星期日,wan_phra,泰國佛日,วันพระ,Wan Phra,thai-buddhist,ขึ้น 15 ค่ำ เดือน 7,7,15,waxing,15,
2097-06-03,2097,2640,星期一,wan_phra,泰國佛日,วันพระ,Wan Phra,thai-buddhist,แรม 8 ค่ำ เดือน 7,7,23,waning,8,
2097-06-09,2097,2640,星期日,wan_phra,泰國佛日,วันพระ,Wan Phra,thai-buddhist,แรม 14 ค่ำ เดือน 7,7,29,waning,14,
2097-06-17,2097,2640,星期一,wan_phra,泰國佛日,วันพระ,Wan Phra,thai-buddhist,ขึ้น 8 ค่ำ เดือน 8,8,8,waxing,8,
2097-06-24,2097,2640,星期一,wan_phra,泰國佛日,วันพระ,Wan Phra,thai-buddhist,ขึ้น 15 ค่ำ เดือน 8,8,15,waxing,15,
2097-07-02,2097,2640,星期二,wan_phra,泰國佛日,วันพระ,Wan Phra,thai-buddhist,แรม 8 ค่ำ เดือน 8,8,23,waning,8,
2097-07-09,2097,2640,星期二,wan_phra,泰國佛日,วันพระ,Wan Phra,thai-buddhist,แรม 15 ค่ำ เดือน 8,8,30,waning,15,
2097-07-17,2097,2640,星期三,wan_phra,泰國佛日,วันพระ,Wan Phra,thai-buddhist,ขึ้น 8 ค่ำ เดือน 88,88,8,waxing,8,
2097-07-24,2097,2640,星期三,wan_phra,泰國佛日,วันพระ,Wan Phra,thai-buddhist,ขึ้น 15 ค่ำ เดือน 88,88,15,waxing,15,
2097-07-25,2097,2640,星期四,khao_phansa,入雨安居,เข้าพรรษา,Khao Phansa,thai-buddhist-major,แรม 1 ค่ำ เดือน 88,88,16,waning,1,
2097-08-01,2097,2640,星期四,wan_phra,泰國佛日,วันพระ,Wan Phra,thai-buddhist,แรม 8 ค่ำ เดือน 88,88,23,waning,8,
2097-08-08,2097,2640,星期四,wan_phra,泰國佛日,วันพระ,Wan Phra,thai-buddhist,แรม 15 ค่ำ เดือน 88,88,30,waning,15,
2097-08-16,2097,2640,星期五,wan_phra,泰國佛日,วันพระ,Wan Phra,thai-buddhist,ขึ้น 8 ค่ำ เดือน 9,9,8,waxing,8,
2097-08-23,2097,2640,星期五,wan_phra,泰國佛日,วันพระ,Wan Phra,thai-buddhist,ขึ้น 15 ค่ำ เดือน 9,9,15,waxing,15,
2097-08-31,2097,2640,星期六,wan_phra,泰國佛日,วันพระ,Wan Phra,thai-buddhist,แรม 8 ค่ำ เดือน 9,9,23,waning,8,
2097-09-06,2097,2640,星期五,wan_phra,泰國佛日,วันพระ,Wan Phra,thai-buddhist,แรม 14 ค่ำ เดือน 9,9,29,waning,14,
2097-09-14,2097,2640,星期六,wan_phra,泰國佛日,วันพระ,Wan Phra,thai-buddhist,ขึ้น 8 ค่ำ เดือน 10,10,8,waxing,8,
2097-09-21,2097,2640,星期六,wan_phra,泰國佛日,วันพระ,Wan Phra,thai-buddhist,ขึ้น 15 ค่ำ เดือน 10,10,15,waxing,15,
2097-09-29,2097,2640,星期日,wan_phra,泰國佛日,วันพระ,Wan Phra,thai-buddhist,แรม 8 ค่ำ เดือน 10,10,23,waning,8,
2097-10-06,2097,2640,星期日,wan_phra,泰國佛日,วันพระ,Wan Phra,thai-buddhist,แรม 15 ค่ำ เดือน 10,10,30,waning,15,
2097-10-14,2097,2640,星期一,wan_phra,泰國佛日,วันพระ,Wan Phra,thai-buddhist,ขึ้น 8 ค่ำ เดือน 11,11,8,waxing,8,
2097-10-21,2097,2640,星期一,ok_phansa,出雨安居,ออกพรรษา,Ok Phansa,thai-buddhist-major,ขึ้น 15 ค่ำ เดือน 11,11,15,waxing,15,
2097-10-21,2097,2640,星期一,wan_phra,泰國佛日,วันพระ,Wan Phra,thai-buddhist,ขึ้น 15 ค่ำ เดือน 11,11,15,waxing,15,
2097-10-29,2097,2640,星期二,wan_phra,泰國佛日,วันพระ,Wan Phra,thai-buddhist,แรม 8 ค่ำ เดือน 11,11,23,waning,8,
2097-11-04,2097,2640,星期一,wan_phra,泰國佛日,วันพระ,Wan Phra,thai-buddhist,แรม 14 ค่ำ เดือน 11,11,29,waning,14,
2097-11-12,2097,2640,星期二,wan_phra,泰國佛日,วันพระ,Wan Phra,thai-buddhist,ขึ้น 8 ค่ำ เดือน 12,12,8,waxing,8,
2097-11-19,2097,2640,星期二,wan_phra,泰國佛日,วันพระ,Wan Phra,thai-buddhist,ขึ้น 15 ค่ำ เดือน 12,12,15,waxing,15,
2097-11-27,2097,2640,星期三,wan_phra,泰國佛日,วันพระ,Wan Phra,thai-buddhist,แรม 8 ค่ำ เดือน 12,12,23,waning,8,
2097-12-04,2097,2640,星期三,wan_phra,泰國佛日,วันพระ,Wan Phra,thai-buddhist,แรม 15 ค่ำ เดือน 12,12,30,waning,15,
2097-12-12,2097,2640,星期四,wan_phra,泰國佛日,วันพระ,Wan Phra,thai-buddhist,ขึ้น 8 ค่ำ เดือน 1,1,8,waxing,8,
2097-12-19,2097,2640,星期四,wan_phra,泰國佛日,วันพระ,Wan Phra,thai-buddhist,ขึ้น 15 ค่ำ เดือน 1,1,15,waxing,15,
2097-12-27,2097,2640,星期五,wan_phra,泰國佛日,วันพระ,Wan Phra,thai-buddhist,แรม 8 ค่ำ เดือน 1,1,23,waning,8,
2098-01-02,2098,2641,星期四,wan_phra,泰國佛日,วันพระ,Wan Phra,thai-buddhist,แรม 14 ค่ำ เดือน 1,1,29,waning,14,
2098-01-10,2098,2641,星期五,wan_phra,泰國佛日,วันพระ,Wan Phra,thai-buddhist,ขึ้น 8 ค่ำ เดือน 2,2,8,waxing,8,
2098-01-17,2098,2641,星期五,wan_phra,泰國佛日,วันพระ,Wan Phra,thai-buddhist,ขึ้น 15 ค่ำ เดือน 2,2,15,waxing,15,
2098-01-25,2098,2641,星期六,wan_phra,泰國佛日,วันพระ,Wan Phra,thai-buddhist,แรม 8 ค่ำ เดือน 2,2,23,waning,8,
2098-02-01,2098,2641,星期六,wan_phra,泰國佛日,วันพระ,Wan Phra,thai-buddhist,แรม 15 ค่ำ เดือน 2,2,30,waning,15,
2098-02-09,2098,2641,星期日,wan_phra,泰國佛日,วันพระ,Wan Phra,thai-buddhist,ขึ้น 8 ค่ำ เดือน 3,3,8,waxing,8,
2098-02-16,2098,2641,星期日,makha_bucha,萬佛節,มาฆบูชา,Makha Bucha,thai-buddhist-major,ขึ้น 15 ค่ำ เดือน 3,3,15,waxing,15,
2098-02-16,2098,2641,星期日,wan_phra,泰國佛日,วันพระ,Wan Phra,thai-buddhist,ขึ้น 15 ค่ำ เดือน 3,3,15,waxing,15,
2098-02-24,2098,2641,星期一,wan_phra,泰國佛日,วันพระ,Wan Phra,thai-buddhist,แรม 8 ค่ำ เดือน 3,3,23,waning,8,
2098-03-02,2098,2641,星期日,wan_phra,泰國佛日,วันพระ,Wan Phra,thai-buddhist,แรม 14 ค่ำ เดือน 3,3,29,waning,14,
2098-03-10,2098,2641,星期一,wan_phra,泰國佛日,วันพระ,Wan Phra,thai-buddhist,ขึ้น 8 ค่ำ เดือน 4,4,8,waxing,8,
2098-03-17,2098,2641,星期一,wan_phra,泰國佛日,วันพระ,Wan Phra,thai-buddhist,ขึ้น 15 ค่ำ เดือน 4,4,15,waxing,15,
2098-03-25,2098,2641,星期二,wan_phra,泰國佛日,วันพระ,Wan Phra,thai-buddhist,แรม 8 ค่ำ เดือน 4,4,23,waning,8,
2098-04-01,2098,2641,星期二,wan_phra,泰國佛日,วันพระ,Wan Phra,thai-buddhist,แรม 15 ค่ำ เดือน 4,4,30,waning,15,
2098-04-09,2098,2641,星期三,wan_phra,泰國佛日,วันพระ,Wan Phra,thai-buddhist,ขึ้น 8 ค่ำ เดือน 5,5,8,waxing,8,
2098-04-16,2098,2641,星期三,wan_phra,泰國佛日,วันพระ,Wan Phra,thai-buddhist,ขึ้น 15 ค่ำ เดือน 5,5,15,waxing,15,
2098-04-24,2098,2641,星期四,wan_phra,泰國佛日,วันพระ,Wan Phra,thai-buddhist,แรม 8 ค่ำ เดือน 5,5,23,waning,8,
2098-04-30,2098,2641,星期三,wan_phra,泰國佛日,วันพระ,Wan Phra,thai-buddhist,แรม 14 ค่ำ เดือน 5,5,29,waning,14,
2098-05-08,2098,2641,星期四,wan_phra,泰國佛日,วันพระ,Wan Phra,thai-buddhist,ขึ้น 8 ค่ำ เดือน 6,6,8,waxing,8,
2098-05-15,2098,2641,星期四,visakha_bucha,衛塞節,วิสาขบูชา,Visakha Bucha,thai-buddhist-major,ขึ้น 15 ค่ำ เดือน 6,6,15,waxing,15,
2098-05-15,2098,2641,星期四,wan_phra,泰國佛日,วันพระ,Wan Phra,thai-buddhist,ขึ้น 15 ค่ำ เดือน 6,6,15,waxing,15,
2098-05-23,2098,2641,星期五,wan_phra,泰國佛日,วันพระ,Wan Phra,thai-buddhist,แรม 8 ค่ำ เดือน 6,6,23,waning,8,
2098-05-30,2098,2641,星期五,wan_phra,泰國佛日,วันพระ,Wan Phra,thai-buddhist,แรม 15 ค่ำ เดือน 6,6,30,waning,15,
2098-06-07,2098,2641,星期六,wan_phra,泰國佛日,วันพระ,Wan Phra,thai-buddhist,ขึ้น 8 ค่ำ เดือน 7,7,8,waxing,8,
2098-06-14,2098,2641,星期六,wan_phra,泰國佛日,วันพระ,Wan Phra,thai-buddhist,ขึ้น 15 ค่ำ เดือน 7,7,15,waxing,15,
2098-06-22,2098,2641,星期日,wan_phra,泰國佛日,วันพระ,Wan Phra,thai-buddhist,แรม 8 ค่ำ เดือน 7,7,23,waning,8,
2098-06-28,2098,2641,星期六,wan_phra,泰國佛日,วันพระ,Wan Phra,thai-buddhist,แรม 14 ค่ำ เดือน 7,7,29,waning,14,
2098-07-06,2098,2641,星期日,wan_phra,泰國佛日,วันพระ,Wan Phra,thai-buddhist,ขึ้น 8 ค่ำ เดือน 8,8,8,waxing,8,
2098-07-13,2098,2641,星期日,wan_phra,泰國佛日,วันพระ,Wan Phra,thai-buddhist,ขึ้น 15 ค่ำ เดือน 8,8,15,waxing,15,
2098-07-14,2098,2641,星期一,khao_phansa,入雨安居,เข้าพรรษา,Khao Phansa,thai-buddhist-major,แรม 1 ค่ำ เดือน 8,8,16,waning,1,
2098-07-21,2098,2641,星期一,wan_phra,泰國佛日,วันพระ,Wan Phra,thai-buddhist,แรม 8 ค่ำ เดือน 8,8,23,waning,8,
2098-07-28,2098,2641,星期一,wan_phra,泰國佛日,วันพระ,Wan Phra,thai-buddhist,แรม 15 ค่ำ เดือน 8,8,30,waning,15,
2098-08-05,2098,2641,星期二,wan_phra,泰國佛日,วันพระ,Wan Phra,thai-buddhist,ขึ้น 8 ค่ำ เดือน 9,9,8,waxing,8,
2098-08-12,2098,2641,星期二,wan_phra,泰國佛日,วันพระ,Wan Phra,thai-buddhist,ขึ้น 15 ค่ำ เดือน 9,9,15,waxing,15,
2098-08-20,2098,2641,星期三,wan_phra,泰國佛日,วันพระ,Wan Phra,thai-buddhist,แรม 8 ค่ำ เดือน 9,9,23,waning,8,
2098-08-26,2098,2641,星期二,wan_phra,泰國佛日,วันพระ,Wan Phra,thai-buddhist,แรม 14 ค่ำ เดือน 9,9,29,waning,14,
2098-09-03,2098,2641,星期三,wan_phra,泰國佛日,วันพระ,Wan Phra,thai-buddhist,ขึ้น 8 ค่ำ เดือน 10,10,8,waxing,8,
2098-09-10,2098,2641,星期三,wan_phra,泰國佛日,วันพระ,Wan Phra,thai-buddhist,ขึ้น 15 ค่ำ เดือน 10,10,15,waxing,15,
2098-09-18,2098,2641,星期四,wan_phra,泰國佛日,วันพระ,Wan Phra,thai-buddhist,แรม 8 ค่ำ เดือน 10,10,23,waning,8,
2098-09-25,2098,2641,星期四,wan_phra,泰國佛日,วันพระ,Wan Phra,thai-buddhist,แรม 15 ค่ำ เดือน 10,10,30,waning,15,
2098-10-03,2098,2641,星期五,wan_phra,泰國佛日,วันพระ,Wan Phra,thai-buddhist,ขึ้น 8 ค่ำ เดือน 11,11,8,waxing,8,
2098-10-10,2098,2641,星期五,ok_phansa,出雨安居,ออกพรรษา,Ok Phansa,thai-buddhist-major,ขึ้น 15 ค่ำ เดือน 11,11,15,waxing,15,
2098-10-10,2098,2641,星期五,wan_phra,泰國佛日,วันพระ,Wan Phra,thai-buddhist,ขึ้น 15 ค่ำ เดือน 11,11,15,waxing,15,
2098-10-18,2098,2641,星期六,wan_phra,泰國佛日,วันพระ,Wan Phra,thai-buddhist,แรม 8 ค่ำ เดือน 11,11,23,waning,8,
2098-10-24,2098,2641,星期五,wan_phra,泰國佛日,วันพระ,Wan Phra,thai-buddhist,แรม 14 ค่ำ เดือน 11,11,29,waning,14,
2098-11-01,2098,2641,星期六,wan_phra,泰國佛日,วันพระ,Wan Phra,thai-buddhist,ขึ้น 8 ค่ำ เดือน 12,12,8,waxing,8,
2098-11-08,2098,2641,星期六,wan_phra,泰國佛日,วันพระ,Wan Phra,thai-buddhist,ขึ้น 15 ค่ำ เดือน 12,12,15,waxing,15,
2098-11-16,2098,2641,星期日,wan_phra,泰國佛日,วันพระ,Wan Phra,thai-buddhist,แรม 8 ค่ำ เดือน 12,12,23,waning,8,
2098-11-23,2098,2641,星期日,wan_phra,泰國佛日,วันพระ,Wan Phra,thai-buddhist,แรม 15 ค่ำ เดือน 12,12,30,waning,15,
2098-12-01,2098,2641,星期一,wan_phra,泰國佛日,วันพระ,Wan Phra,thai-buddhist,ขึ้น 8 ค่ำ เดือน 1,1,8,waxing,8,
2098-12-08,2098,2641,星期一,wan_phra,泰國佛日,วันพระ,Wan Phra,thai-buddhist,ขึ้น 15 ค่ำ เดือน 1,1,15,waxing,15,
2098-12-16,2098,2641,星期二,wan_phra,泰國佛日,วันพระ,Wan Phra,thai-buddhist,แรม 8 ค่ำ เดือน 1,1,23,waning,8,
2098-12-22,2098,2641,星期一,wan_phra,泰國佛日,วันพระ,Wan Phra,thai-buddhist,แรม 14 ค่ำ เดือน 1,1,29,waning,14,
2098-12-30,2098,2641,星期二,wan_phra,泰國佛日,วันพระ,Wan Phra,thai-buddhist,ขึ้น 8 ค่ำ เดือน 2,2,8,waxing,8,
2099-01-06,2099,2642,星期二,wan_phra,泰國佛日,วันพระ,Wan Phra,thai-buddhist,ขึ้น 15 ค่ำ เดือน 2,2,15,waxing,15,
2099-01-14,2099,2642,星期三,wan_phra,泰國佛日,วันพระ,Wan Phra,thai-buddhist,แรม 8 ค่ำ เดือน 2,2,23,waning,8,
2099-01-21,2099,2642,星期三,wan_phra,泰國佛日,วันพระ,Wan Phra,thai-buddhist,แรม 15 ค่ำ เดือน 2,2,30,waning,15,
2099-01-29,2099,2642,星期四,wan_phra,泰國佛日,วันพระ,Wan Phra,thai-buddhist,ขึ้น 8 ค่ำ เดือน 3,3,8,waxing,8,
2099-02-05,2099,2642,星期四,wan_phra,泰國佛日,วันพระ,Wan Phra,thai-buddhist,ขึ้น 15 ค่ำ เดือน 3,3,15,waxing,15,
2099-02-13,2099,2642,星期五,wan_phra,泰國佛日,วันพระ,Wan Phra,thai-buddhist,แรม 8 ค่ำ เดือน 3,3,23,waning,8,
2099-02-19,2099,2642,星期四,wan_phra,泰國佛日,วันพระ,Wan Phra,thai-buddhist,แรม 14 ค่ำ เดือน 3,3,29,waning,14,
2099-02-27,2099,2642,星期五,wan_phra,泰國佛日,วันพระ,Wan Phra,thai-buddhist,ขึ้น 8 ค่ำ เดือน 4,4,8,waxing,8,
2099-03-06,2099,2642,星期五,makha_bucha,萬佛節,มาฆบูชา,Makha Bucha,thai-buddhist-major,ขึ้น 15 ค่ำ เดือน 4,4,15,waxing,15,
2099-03-06,2099,2642,星期五,wan_phra,泰國佛日,วันพระ,Wan Phra,thai-buddhist,ขึ้น 15 ค่ำ เดือน 4,4,15,waxing,15,
2099-03-14,2099,2642,星期六,wan_phra,泰國佛日,วันพระ,Wan Phra,thai-buddhist,แรม 8 ค่ำ เดือน 4,4,23,waning,8,
2099-03-21,2099,2642,星期六,wan_phra,泰國佛日,วันพระ,Wan Phra,thai-buddhist,แรม 15 ค่ำ เดือน 4,4,30,waning,15,
2099-03-29,2099,2642,星期日,wan_phra,泰國佛日,วันพระ,Wan Phra,thai-buddhist,ขึ้น 8 ค่ำ เดือน 5,5,8,waxing,8,
2099-04-05,2099,2642,星期日,wan_phra,泰國佛日,วันพระ,Wan Phra,thai-buddhist,ขึ้น 15 ค่ำ เดือน 5,5,15,waxing,15,
2099-04-13,2099,2642,星期一,wan_phra,泰國佛日,วันพระ,Wan Phra,thai-buddhist,แรม 8 ค่ำ เดือน 5,5,23,waning,8,
2099-04-19,2099,2642,星期日,wan_phra,泰國佛日,วันพระ,Wan Phra,thai-buddhist,แรม 14 ค่ำ เดือน 5,5,29,waning,14,
2099-04-27,2099,2642,星期一,wan_phra,泰國佛日,วันพระ,Wan Phra,thai-buddhist,ขึ้น 8 ค่ำ เดือน 6,6,8,waxing,8,
2099-05-04,2099,2642,星期一,wan_phra,泰國佛日,วันพระ,Wan Phra,thai-buddhist,ขึ้น 15 ค่ำ เดือน 6,6,15,waxing,15,
2099-05-12,2099,2642,星期二,wan_phra,泰國佛日,วันพระ,Wan Phra,thai-buddhist,แรม 8 ค่ำ เดือน 6,6,23,waning,8,
2099-05-19,2099,2642,星期二,wan_phra,泰國佛日,วันพระ,Wan Phra,thai-buddhist,แรม 15 ค่ำ เดือน 6,6,30,waning,15,
2099-05-27,2099,2642,星期三,wan_phra,泰國佛日,วันพระ,Wan Phra,thai-buddhist,ขึ้น 8 ค่ำ เดือน 7,7,8,waxing,8,
2099-06-03,2099,2642,星期三,visakha_bucha,衛塞節,วิสาขบูชา,Visakha Bucha,thai-buddhist-major,ขึ้น 15 ค่ำ เดือน 7,7,15,waxing,15,
2099-06-03,2099,2642,星期三,wan_phra,泰國佛日,วันพระ,Wan Phra,thai-buddhist,ขึ้น 15 ค่ำ เดือน 7,7,15,waxing,15,
2099-06-11,2099,2642,星期四,wan_phra,泰國佛日,วันพระ,Wan Phra,thai-buddhist,แรม 8 ค่ำ เดือน 7,7,23,waning,8,
2099-06-17,2099,2642,星期三,wan_phra,泰國佛日,วันพระ,Wan Phra,thai-buddhist,แรม 14 ค่ำ เดือน 7,7,29,waning,14,
2099-06-25,2099,2642,星期四,wan_phra,泰國佛日,วันพระ,Wan Phra,thai-buddhist,ขึ้น 8 ค่ำ เดือน 8,8,8,waxing,8,
2099-07-02,2099,2642,星期四,wan_phra,泰國佛日,วันพระ,Wan Phra,thai-buddhist,ขึ้น 15 ค่ำ เดือน 8,8,15,waxing,15,
2099-07-10,2099,2642,星期五,wan_phra,泰國佛日,วันพระ,Wan Phra,thai-buddhist,แรม 8 ค่ำ เดือน 8,8,23,waning,8,
2099-07-17,2099,2642,星期五,wan_phra,泰國佛日,วันพระ,Wan Phra,thai-buddhist,แรม 15 ค่ำ เดือน 8,8,30,waning,15,
2099-07-25,2099,2642,星期六,wan_phra,泰國佛日,วันพระ,Wan Phra,thai-buddhist,ขึ้น 8 ค่ำ เดือน 88,88,8,waxing,8,
2099-08-01,2099,2642,星期六,wan_phra,泰國佛日,วันพระ,Wan Phra,thai-buddhist,ขึ้น 15 ค่ำ เดือน 88,88,15,waxing,15,
2099-08-02,2099,2642,星期日,khao_phansa,入雨安居,เข้าพรรษา,Khao Phansa,thai-buddhist-major,แรม 1 ค่ำ เดือน 88,88,16,waning,1,
2099-08-09,2099,2642,星期日,wan_phra,泰國佛日,วันพระ,Wan Phra,thai-buddhist,แรม 8 ค่ำ เดือน 88,88,23,waning,8,
2099-08-16,2099,2642,星期日,wan_phra,泰國佛日,วันพระ,Wan Phra,thai-buddhist,แรม 15 ค่ำ เดือน 88,88,30,waning,15,
2099-08-24,2099,2642,星期一,wan_phra,泰國佛日,วันพระ,Wan Phra,thai-buddhist,ขึ้น 8 ค่ำ เดือน 9,9,8,waxing,8,
2099-08-31,2099,2642,星期一,wan_phra,泰國佛日,วันพระ,Wan Phra,thai-buddhist,ขึ้น 15 ค่ำ เดือน 9,9,15,waxing,15,
2099-09-08,2099,2642,星期二,wan_phra,泰國佛日,วันพระ,Wan Phra,thai-buddhist,แรม 8 ค่ำ เดือน 9,9,23,waning,8,
2099-09-14,2099,2642,星期一,wan_phra,泰國佛日,วันพระ,Wan Phra,thai-buddhist,แรม 14 ค่ำ เดือน 9,9,29,waning,14,
2099-09-22,2099,2642,星期二,wan_phra,泰國佛日,วันพระ,Wan Phra,thai-buddhist,ขึ้น 8 ค่ำ เดือน 10,10,8,waxing,8,
2099-09-29,2099,2642,星期二,wan_phra,泰國佛日,วันพระ,Wan Phra,thai-buddhist,ขึ้น 15 ค่ำ เดือน 10,10,15,waxing,15,
2099-10-07,2099,2642,星期三,wan_phra,泰國佛日,วันพระ,Wan Phra,thai-buddhist,แรม 8 ค่ำ เดือน 10,10,23,waning,8,
2099-10-14,2099,2642,星期三,wan_phra,泰國佛日,วันพระ,Wan Phra,thai-buddhist,แรม 15 ค่ำ เดือน 10,10,30,waning,15,
2099-10-22,2099,2642,星期四,wan_phra,泰國佛日,วันพระ,Wan Phra,thai-buddhist,ขึ้น 8 ค่ำ เดือน 11,11,8,waxing,8,
2099-10-29,2099,2642,星期四,ok_phansa,出雨安居,ออกพรรษา,Ok Phansa,thai-buddhist-major,ขึ้น 15 ค่ำ เดือน 11,11,15,waxing,15,
2099-10-29,2099,2642,星期四,wan_phra,泰國佛日,วันพระ,Wan Phra,thai-buddhist,ขึ้น 15 ค่ำ เดือน 11,11,15,waxing,15,
2099-11-06,2099,2642,星期五,wan_phra,泰國佛日,วันพระ,Wan Phra,thai-buddhist,แรม 8 ค่ำ เดือน 11,11,23,waning,8,
2099-11-12,2099,2642,星期四,wan_phra,泰國佛日,วันพระ,Wan Phra,thai-buddhist,แรม 14 ค่ำ เดือน 11,11,29,waning,14,
2099-11-20,2099,2642,星期五,wan_phra,泰國佛日,วันพระ,Wan Phra,thai-buddhist,ขึ้น 8 ค่ำ เดือน 12,12,8,waxing,8,
2099-11-27,2099,2642,星期五,wan_phra,泰國佛日,วันพระ,Wan Phra,thai-buddhist,ขึ้น 15 ค่ำ เดือน 12,12,15,waxing,15,
2099-12-05,2099,2642,星期六,wan_phra,泰國佛日,วันพระ,Wan Phra,thai-buddhist,แรม 8 ค่ำ เดือน 12,12,23,waning,8,
2099-12-12,2099,2642,星期六,wan_phra,泰國佛日,วันพระ,Wan Phra,thai-buddhist,แรม 15 ค่ำ เดือน 12,12,30,waning,15,
2099-12-20,2099,2642,星期日,wan_phra,泰國佛日,วันพระ,Wan Phra,thai-buddhist,ขึ้น 8 ค่ำ เดือน 1,1,8,waxing,8,
2099-12-27,2099,2642,星期日,wan_phra,泰國佛日,วันพระ,Wan Phra,thai-buddhist,ขึ้น 15 ค่ำ เดือน 1,1,15,waxing,15,
2100-01-04,2100,2643,星期一,wan_phra,泰國佛日,วันพระ,Wan Phra,thai-buddhist,แรม 8 ค่ำ เดือน 1,1,23,waning,8,
2100-01-10,2100,2643,星期日,wan_phra,泰國佛日,วันพระ,Wan Phra,thai-buddhist,แรม 14 ค่ำ เดือน 1,1,29,waning,14,
2100-01-18,2100,2643,星期一,wan_phra,泰國佛日,วันพระ,Wan Phra,thai-buddhist,ขึ้น 8 ค่ำ เดือน 2,2,8,waxing,8,
2100-01-25,2100,2643,星期一,wan_phra,泰國佛日,วันพระ,Wan Phra,thai-buddhist,ขึ้น 15 ค่ำ เดือน 2,2,15,waxing,15,
2100-02-02,2100,2643,星期二,wan_phra,泰國佛日,วันพระ,Wan Phra,thai-buddhist,แรม 8 ค่ำ เดือน 2,2,23,waning,8,
2100-02-09,2100,2643,星期二,wan_phra,泰國佛日,วันพระ,Wan Phra,thai-buddhist,แรม 15 ค่ำ เดือน 2,2,30,waning,15,
2100-02-17,2100,2643,星期三,wan_phra,泰國佛日,วันพระ,Wan Phra,thai-buddhist,ขึ้น 8 ค่ำ เดือน 3,3,8,waxing,8,
2100-02-24,2100,2643,星期三,makha_bucha,萬佛節,มาฆบูชา,Makha Bucha,thai-buddhist-major,ขึ้น 15 ค่ำ เดือน 3,3,15,waxing,15,
2100-02-24,2100,2643,星期三,wan_phra,泰國佛日,วันพระ,Wan Phra,thai-buddhist,ขึ้น 15 ค่ำ เดือน 3,3,15,waxing,15,
2100-03-04,2100,2643,星期四,wan_phra,泰國佛日,วันพระ,Wan Phra,thai-buddhist,แรม 8 ค่ำ เดือน 3,3,23,waning,8,
2100-03-10,2100,2643,星期三,wan_phra,泰國佛日,วันพระ,Wan Phra,thai-buddhist,แรม 14 ค่ำ เดือน 3,3,29,waning,14,
2100-03-18,2100,2643,星期四,wan_phra,泰國佛日,วันพระ,Wan Phra,thai-buddhist,ขึ้น 8 ค่ำ เดือน 4,4,8,waxing,8,
2100-03-25,2100,2643,星期四,wan_phra,泰國佛日,วันพระ,Wan Phra,thai-buddhist,ขึ้น 15 ค่ำ เดือน 4,4,15,waxing,15,
2100-04-02,2100,2643,星期五,wan_phra,泰國佛日,วันพระ,Wan Phra,thai-buddhist,แรม 8 ค่ำ เดือน 4,4,23,waning,8,
2100-04-09,2100,2643,星期五,wan_phra,泰國佛日,วันพระ,Wan Phra,thai-buddhist,แรม 15 ค่ำ เดือน 4,4,30,waning,15,
2100-04-17,2100,2643,星期六,wan_phra,泰國佛日,วันพระ,Wan Phra,thai-buddhist,ขึ้น 8 ค่ำ เดือน 5,5,8,waxing,8,
2100-04-24,2100,2643,星期六,wan_phra,泰國佛日,วันพระ,Wan Phra,thai-buddhist,ขึ้น 15 ค่ำ เดือน 5,5,15,waxing,15,
2100-05-02,2100,2643,星期日,wan_phra,泰國佛日,วันพระ,Wan Phra,thai-buddhist,แรม 8 ค่ำ เดือน 5,5,23,waning,8,
2100-05-08,2100,2643,星期六,wan_phra,泰國佛日,วันพระ,Wan Phra,thai-buddhist,แรม 14 ค่ำ เดือน 5,5,29,waning,14,
2100-05-16,2100,2643,星期日,wan_phra,泰國佛日,วันพระ,Wan Phra,thai-buddhist,ขึ้น 8 ค่ำ เดือน 6,6,8,waxing,8,
2100-05-23,2100,2643,星期日,visakha_bucha,衛塞節,วิสาขบูชา,Visakha Bucha,thai-buddhist-major,ขึ้น 15 ค่ำ เดือน 6,6,15,waxing,15,
2100-05-23,2100,2643,星期日,wan_phra,泰國佛日,วันพระ,Wan Phra,thai-buddhist,ขึ้น 15 ค่ำ เดือน 6,6,15,waxing,15,
2100-05-31,2100,2643,星期一,wan_phra,泰國佛日,วันพระ,Wan Phra,thai-buddhist,แรม 8 ค่ำ เดือน 6,6,23,waning,8,
2100-06-07,2100,2643,星期一,wan_phra,泰國佛日,วันพระ,Wan Phra,thai-buddhist,แรม 15 ค่ำ เดือน 6,6,30,waning,15,
2100-06-15,2100,2643,星期二,wan_phra,泰國佛日,วันพระ,Wan Phra,thai-buddhist,ขึ้น 8 ค่ำ เดือน 7,7,8,waxing,8,
2100-06-22,2100,2643,星期二,wan_phra,泰國佛日,วันพระ,Wan Phra,thai-buddhist,ขึ้น 15 ค่ำ เดือน 7,7,15,waxing,15,
2100-06-30,2100,2643,星期三,wan_phra,泰國佛日,วันพระ,Wan Phra,thai-buddhist,แรม 8 ค่ำ เดือน 7,7,23,waning,8,
2100-07-06,2100,2643,星期二,wan_phra,泰國佛日,วันพระ,Wan Phra,thai-buddhist,แรม 14 ค่ำ เดือน 7,7,29,waning,14,
2100-07-14,2100,2643,星期三,wan_phra,泰國佛日,วันพระ,Wan Phra,thai-buddhist,ขึ้น 8 ค่ำ เดือน 8,8,8,waxing,8,
2100-07-21,2100,2643,星期三,wan_phra,泰國佛日,วันพระ,Wan Phra,thai-buddhist,ขึ้น 15 ค่ำ เดือน 8,8,15,waxing,15,
2100-07-22,2100,2643,星期四,khao_phansa,入雨安居,เข้าพรรษา,Khao Phansa,thai-buddhist-major,แรม 1 ค่ำ เดือน 8,8,16,waning,1,
2100-07-29,2100,2643,星期四,wan_phra,泰國佛日,วันพระ,Wan Phra,thai-buddhist,แรม 8 ค่ำ เดือน 8,8,23,waning,8,
2100-08-05,2100,2643,星期四,wan_phra,泰國佛日,วันพระ,Wan Phra,thai-buddhist,แรม 15 ค่ำ เดือน 8,8,30,waning,15,
2100-08-13,2100,2643,星期五,wan_phra,泰國佛日,วันพระ,Wan Phra,thai-buddhist,ขึ้น 8 ค่ำ เดือน 9,9,8,waxing,8,
2100-08-20,2100,2643,星期五,wan_phra,泰國佛日,วันพระ,Wan Phra,thai-buddhist,ขึ้น 15 ค่ำ เดือน 9,9,15,waxing,15,
2100-08-28,2100,2643,星期六,wan_phra,泰國佛日,วันพระ,Wan Phra,thai-buddhist,แรม 8 ค่ำ เดือน 9,9,23,waning,8,
2100-09-03,2100,2643,星期五,wan_phra,泰國佛日,วันพระ,Wan Phra,thai-buddhist,แรม 14 ค่ำ เดือน 9,9,29,waning,14,
2100-09-11,2100,2643,星期六,wan_phra,泰國佛日,วันพระ,Wan Phra,thai-buddhist,ขึ้น 8 ค่ำ เดือน 10,10,8,waxing,8,
2100-09-18,2100,2643,星期六,wan_phra,泰國佛日,วันพระ,Wan Phra,thai-buddhist,ขึ้น 15 ค่ำ เดือน 10,10,15,waxing,15,
2100-09-26,2100,2643,星期日,wan_phra,泰國佛日,วันพระ,Wan Phra,thai-buddhist,แรม 8 ค่ำ เดือน 10,10,23,waning,8,
2100-10-03,2100,2643,星期日,wan_phra,泰國佛日,วันพระ,Wan Phra,thai-buddhist,แรม 15 ค่ำ เดือน 10,10,30,waning,15,
2100-10-11,2100,2643,星期一,wan_phra,泰國佛日,วันพระ,Wan Phra,thai-buddhist,ขึ้น 8 ค่ำ เดือน 11,11,8,waxing,8,
2100-10-18,2100,2643,星期一,ok_phansa,出雨安居,ออกพรรษา,Ok Phansa,thai-buddhist-major,ขึ้น 15 ค่ำ เดือน 11,11,15,waxing,15,
2100-10-18,2100,2643,星期一,wan_phra,泰國佛日,วันพระ,Wan Phra,thai-buddhist,ขึ้น 15 ค่ำ เดือน 11,11,15,waxing,15,
2100-10-26,2100,2643,星期二,wan_phra,泰國佛日,วันพระ,Wan Phra,thai-buddhist,แรม 8 ค่ำ เดือน 11,11,23,waning,8,
2100-11-01,2100,2643,星期一,wan_phra,泰國佛日,วันพระ,Wan Phra,thai-buddhist,แรม 14 ค่ำ เดือน 11,11,29,waning,14,
2100-11-09,2100,2643,星期二,wan_phra,泰國佛日,วันพระ,Wan Phra,thai-buddhist,ขึ้น 8 ค่ำ เดือน 12,12,8,waxing,8,
2100-11-16,2100,2643,星期二,wan_phra,泰國佛日,วันพระ,Wan Phra,thai-buddhist,ขึ้น 15 ค่ำ เดือน 12,12,15,waxing,15,
2100-11-24,2100,2643,星期三,wan_phra,泰國佛日,วันพระ,Wan Phra,thai-buddhist,แรม 8 ค่ำ เดือน 12,12,23,waning,8,
2100-12-01,2100,2643,星期三,wan_phra,泰國佛日,วันพระ,Wan Phra,thai-buddhist,แรม 15 ค่ำ เดือน 12,12,30,waning,15,
2100-12-09,2100,2643,星期四,wan_phra,泰國佛日,วันพระ,Wan Phra,thai-buddhist,ขึ้น 8 ค่ำ เดือน 1,1,8,waxing,8,
2100-12-16,2100,2643,星期四,wan_phra,泰國佛日,วันพระ,Wan Phra,thai-buddhist,ขึ้น 15 ค่ำ เดือน 1,1,15,waxing,15,
2100-12-24,2100,2643,星期五,wan_phra,泰國佛日,วันพระ,Wan Phra,thai-buddhist,แรม 8 ค่ำ เดือน 1,1,23,waning,8,
2100-12-30,2100,2643,星期四,wan_phra,泰國佛日,วันพระ,Wan Phra,thai-buddhist,แรม 14 ค่ำ เดือน 1,1,29,waning,14,
